iata_code,ident,type,name,latitude_deg,longitude_deg,iso_country,iso_region,municipality,scheduled_service
AAA,NTGA,medium_airport,Anaa Airport,-17.3526,-145.509995,PF,PF-U-A,Anaa,yes
AAC,HEAR,large_airport,El Arish International Airport,31.055324,33.827964,EG,EG-SIN,El Arish,yes
AAE,DABB,large_airport,Annaba Rabah Bitat Airport,36.826781,7.81334,DZ,DZ-23,Annaba,yes
AAL,EKYT,large_airport,Aalborg Airport,57.094763,9.84993,DK,DK-81,Aalborg,yes
AAM,FAMD,medium_airport,Malamala Airport,-24.816866,31.544085,ZA,ZA-MP,Malamala,no
AAN,OMAL,large_airport,Al Ain International Airport,24.2617,55.6092,AE,AE-AZ,Al Ain,yes
AAO,SVAN,medium_airport,Anaco Airport,9.430225,-64.470726,VE,VE-B,Anaco,no
AAP,WALS,medium_airport,Aji Pangeran Tumenggung Pranoto International Airport,-0.374478,117.250128,ID,ID-KI,Samarinda,yes
AAQ,URKA,medium_airport,Anapa Vityazevo Airport,45.002102,37.347301,RU,RU-KDA,Krasnyi Kurgan,no
AAR,EKAH,large_airport,Aarhus Airport,56.303331,10.618286,DK,DK-82,Aarhus,yes
AAT,ZWAT,medium_airport,Altay Xuedu Airport,47.749886,88.085808,CN,CN-65,Altay,yes
AAV,RPMA,medium_airport,Allah Valley Airport,6.367903,124.752431,PH,PH-SCO,Surallah,no
AAX,SBAX,medium_airport,Romeu Zema Airport,-19.5632,-46.9604,BR,BR-MG,Araxá,yes
AAY,OYGD,medium_airport,Al Ghaydah International Airport,16.193341,52.174186,YE,YE-MR,Al Ghaydah,yes
ABA,UNAA,large_airport,Abakan International Airport,53.740002,91.385002,RU,RU-KK,Abakan,yes
ABB,DNAS,large_airport,Asaba International Airport,6.204167,6.665278,NG,NG-DE,Asaba,yes
ABC,LEAB,medium_airport,Albacete Airport / Los Llanos Air Base,38.948502,-1.86352,ES,ES-CM,Albacete,no
ABD,OIAA,large_airport,Abadan Ayatollah Jami International Airport,30.367887,48.230075,IR,IR-06,Abadan,yes
ABE,KABE,medium_airport,Lehigh Valley International Airport,40.651773,-75.442797,US,US-PA,Allentown/Bethlehem,yes
ABI,KABI,medium_airport,Abilene Regional Airport,32.4113006592,-99.68190002440001,US,US-TX,Abilene,yes
ABJ,DIAP,large_airport,Félix-Houphouët-Boigny International Airport,5.26139,-3.92629,CI,CI-AB,Abidjan,yes
ABK,HAKD,medium_airport,Kebri Dahar Airport,6.732577,44.241339,ET,ET-SO,Kebri Dahar,yes
ABL,PAFM,medium_airport,Ambler Airport,67.105529,-157.855339,US,US-AK,Ambler,yes
ABQ,KABQ,large_airport,Albuquerque International Sunport,35.039976,-106.608925,US,US-NM,Albuquerque,yes
ABR,KABR,medium_airport,Aberdeen Regional Airport,45.449100494384766,-98.42179870605469,US,US-SD,Aberdeen,yes
ABS,HEBL,medium_airport,Abu Simbel Airport,22.375924,31.611734,EG,EG-ASN,Abu Simbel,yes
ABT,OEBA,medium_airport,King Saud Bin Abdulaziz (Al Baha) Airport,20.298506,41.636153,SA,SA-11,Al-Baha,yes
ABV,DNAA,large_airport,Nnamdi Azikiwe International Airport,9.00679,7.26317,NG,NG-FC,Abuja,yes
ABX,YMAY,medium_airport,Albury Airport,-36.066758,146.959148,AU,AU-NSW,East Albury,yes
ABY,KABY,medium_airport,Southwest Georgia Regional Airport,31.532946,-84.196215,US,US-GA,Albany,yes
ABZ,EGPD,large_airport,Aberdeen International Airport,57.2019,-2.19778,GB,GB-SCT,Aberdeen,yes
ACA,MMAA,large_airport,General Juan N. Álvarez International Airport,16.757126,-99.753113,MX,MX-GRO,Acapulco,yes
ACC,DGAA,large_airport,Kotoka International Airport,5.605189800262451,-0.16678600013256073,GH,GH-AA,Accra,yes
ACE,GCRR,large_airport,César Manrique-Lanzarote Airport,28.945499,-13.6052,ES,ES-CN,San Bartolomé,yes
ACH,LSZR,medium_airport,Sankt Gallen Altenrhein Airport,47.485001,9.56077,CH,CH-SG,St. Gallen,yes
ACI,EGJA,medium_airport,Alderney Airport,49.706104,-2.21472,GG,GG-A,Saint Anne,yes
ACJ,VCCA,medium_airport,Anuradhapura Airport,8.301542,80.42848,LK,LK-7,Anuradhapura,no
ACK,KACK,medium_airport,Nantucket Memorial Airport,41.25310135,-70.06020355,US,US-MA,Nantucket,yes
ACN,MMCC,medium_airport,Ciudad Acuña International Airport,29.333662,-101.100555,MX,MX-COA,Ciudad Acuña,no
ACS,UNKS,medium_airport,Achinsk Airport,56.269185,90.57511,RU,RU-KYA,Achinsk,no
ACT,KACT,medium_airport,Waco Regional Airport,31.611299514770508,-97.23049926757812,US,US-TX,Waco,yes
ACV,KACV,medium_airport,California Redwood Coast-Humboldt County Airport,40.978101,-124.109,US,US-CA,Arcata/Eureka,yes
ACX,ZUYI,medium_airport,Xingyi Wanfenglin Airport,25.083423,104.960804,CN,CN-52,Xingyi,yes
ACY,KACY,medium_airport,Atlantic City International Airport,39.456201,-74.577511,US,US-NJ,Atlantic City,yes
ACZ,OIZB,medium_airport,Zabol Airport,31.098301,61.5439,IR,IR-11,Zabol,no
ADB,LTBJ,large_airport,Adnan Menderes International Airport,38.2924,27.157,TR,TR-35,Gaziemir,yes
ADD,HAAB,large_airport,Addis Ababa Bole International Airport,8.97789,38.799301,ET,ET-AA,Addis Ababa,yes
ADE,OYAA,large_airport,Aden International Airport,12.829564,45.029976,YE,YE-AD,Aden,yes
ADF,LTCP,medium_airport,Adıyaman Airport,37.7314,38.468899,TR,TR-02,Adıyaman,yes
ADI,FYAR,medium_airport,Arandis Airport,-22.461875,14.979322,NA,NA-ER,Arandis,no
ADJ,OJAM,large_airport,Marka International (Amman Civil) Airport,31.9727,35.9916,JO,JO-AM,Amman,yes
ADK,PADK,medium_airport,Adak Airport,51.883564,-176.642783,US,US-AK,Adak,yes
ADL,YPAD,large_airport,Adelaide International Airport,-34.947512,138.533393,AU,AU-SA,Adelaide,yes
ADP,VCCG,medium_airport,Ampara Airport,7.336745,81.623869,LK,LK-5,Ampara,no
ADQ,PADQ,medium_airport,Kodiak Airport,57.75,-152.4940033,US,US-AK,Kodiak,yes
ADT,KADH,medium_airport,Ada Regional Airport,34.805214,-96.671988,US,US-OK,Ada,no
ADU,OITL,medium_airport,Ardabil Airport,38.3256988525,48.4244003296,IR,IR-24,Ardabil,yes
ADW,KADW,medium_airport,Joint Base Andrews,38.810799,-76.866997,US,US-MD,Camp Springs,no
ADX,EGQL,medium_airport,Leuchars Station Airfield,56.37398,-2.868862,GB,GB-SCT,"Leuchars, Fife",no
ADZ,SKSP,large_airport,Gustavo Rojas Pinilla International Airport,12.5836,-81.7112,CO,CO-SAP,San Andrés,yes
AEB,ZGBS,medium_airport,Baise (Bose) Bama Airport,23.7206,106.959999,CN,CN-45,Baise (Tianyang),yes
AEG,WIME,medium_airport,Aek Godang Airport,1.4001,99.430496,ID,ID-SU,Padang Sidempuan,no
AEH,FTTC,medium_airport,Abeche Airport,13.847,20.844299,TD,TD-OD,Abeche,no
AEP,SABE,large_airport,Aeroparque Jorge Newbery,-34.559419,-58.415536,AR,AR-C,Buenos Aires,yes
AER,URSS,large_airport,Sochi International Airport,43.449902,39.9566,RU,RU-KDA,Sochi,yes
AES,ENAL,large_airport,Ålesund Airport,62.560443,6.110845,NO,NO-15,Ålesund,yes
AEU,OIBA,medium_airport,Abu Musa Island Airport,25.8757,55.033001,IR,IR-22,Abu Musa,yes
AEX,KAEX,medium_airport,Alexandria International Airport,31.325828,-92.546702,US,US-LA,Alexandria,yes
AEY,BIAR,large_airport,Akureyri International Airport,65.656573,-18.072018,IS,IS-6,Akureyri,yes
AFA,SAMR,medium_airport,Suboficial Ay Santiago Germano Airport,-34.588299,-68.4039,AR,AR-M,San Rafael,yes
AFL,SBAT,medium_airport,Piloto Osvaldo Marques Dias Airport,-9.866389,-56.106298,BR,BR-MT,Alta Floresta,yes
AFW,KAFW,medium_airport,Perot Field/Fort Worth Alliance Airport,32.99044,-97.31947,US,US-TX,Fort Worth,no
AFY,LTAH,medium_airport,Afyon Air Base,38.726398,30.601101,TR,TR-03,Afyonkarahisar,no
AFZ,OIMS,medium_airport,Sabzevar National Airport,36.16809844970703,57.59519958496094,IR,IR-09,Sabzevar,yes
AGA,GMAD,large_airport,Al Massira Airport,30.322478,-9.412003,MA,MA-09,Agadir (Temsia),yes
AGB,EDMA,medium_airport,Augsburg Airport,48.425278,10.931667,DE,DE-BY,Augsburg,no
AGC,KAGC,medium_airport,Allegheny County Airport,40.354401,-79.930199,US,US-PA,Pittsburgh,no
AGF,LFBA,medium_airport,Agen La Garenne airport,44.174171,0.59309,FR,FR-NAQ,Agen,no
AGH,ESTA,medium_airport,Ängelholm-Helsingborg Airport,56.29610061645508,12.847100257873535,SE,SE-M,Ängelholm,yes
AGP,LEMG,large_airport,Málaga-Costa del Sol Airport,36.6749,-4.49911,ES,ES-AN,Málaga,yes
AGR,VIAG,medium_airport,Agra Airport / Agra Air Force Station,27.157975,77.961025,IN,IN-UP,Agra,yes
AGS,KAGS,medium_airport,Augusta Regional At Bush Field,33.3699,-81.9645,US,US-GA,Augusta,yes
AGT,SGES,large_airport,Guaraní International Airport,-25.457186,-54.839544,PY,PY-10,Ciudad del Este,yes
AGU,MMAS,large_airport,Aguascalientes International Airport,21.699589,-102.318372,MX,MX-AGU,Aguascalientes,yes
AGV,SVAC,medium_airport,Oswaldo Guevara Mujica Airport,9.553375,-69.237869,VE,VE-P,Acarigua,no
AGX,VOAT,medium_airport,Agatti Airport,10.8237,72.176003,IN,IN-LD,Agatti,yes
AGZ,FAAG,medium_airport,Aggeneys Airport,-29.281799,18.8139,ZA,ZA-NC,Aggeneys,no
AHA,IN-0393,medium_airport,Maa Mahamaya Airport,22.98753,83.19612,IN,IN-CT,Ambikapur,yes
AHB,OEAB,large_airport,Abha International Airport,18.2404,42.656601,SA,SA-14,Abha,yes
AHE,NTHE,medium_airport,Ahe Airport,-14.428099632263184,-146.2570037841797,PF,PF-U-A,Ahe Atoll,yes
AHJ,ZUHY,medium_airport,Hongyuan Airport,32.53154,102.35224,CN,CN-51,Ngawa (Hongyuan),no
AHN,KAHN,medium_airport,Athens Ben Epps Airport,33.948842,-83.325634,US,US-GA,Athens,no
AHO,LIEA,medium_airport,Alghero-Fertilia Airport,40.632099,8.29077,IT,IT-88,Alghero,yes
AHU,GMTA,medium_airport,Cherif Al Idrissi Airport,35.177101,-3.83952,MA,MA-01,Al Hoceima,yes
AIA,KAIA,medium_airport,Alliance Municipal Airport,42.052543,-102.803965,US,US-NE,Alliance,yes
AIN,PAWI,medium_airport,Wainwright Airport,70.638,-159.994995,US,US-AK,Wainwright,yes
AJA,LFKJ,medium_airport,Ajaccio Napoléon Bonaparte airport,41.923599,8.80292,FR,FR-COR,Ajaccio,yes
AJF,OESK,large_airport,Al-Jawf International Airport,29.783301,40.100905,SA,SA-12,Al-Jawf,yes
AJI,LTCO,medium_airport,Ağrı Airport,39.655642,43.025742,TR,TR-04,Ağrı,yes
AJL,VELP,medium_airport,Lengpui Airport,23.840599,92.619698,IN,IN-MZ,Aizawl (Lengpui),yes
AJN,FMCV,medium_airport,Ouani Airport,-12.131047,44.430044,KM,KM-A,Ouani,yes
AJR,ESNX,medium_airport,Arvidsjaur Airport,65.59030151367188,19.28190040588379,SE,SE-BD,Arvidsjaur,yes
AJU,SBAR,medium_airport,Aracaju - Santa Maria Airport,-10.98394,-37.072873,BR,BR-SE,Aracaju,yes
AJY,DRZA,medium_airport,Mano Dayak International Airport,16.966,8.00011,NE,NE-1,Agadez,no
AKC,KAKR,medium_airport,Akron Fulton International Airport,41.037355,-81.46784,US,US-OH,Akron,no
AKD,VAAK,medium_airport,Akola Airport,20.698931,77.056883,IN,IN-MM,Akola,no
AKF,HLKF,medium_airport,Kufra Airport,24.178699493408203,23.31399917602539,LY,LY-KF,Kufra,yes
AKH,OEPS,medium_airport,Prince Sultan Air Base,24.0627,47.580502,SA,SA-01,Al Kharj,no
AKJ,RJEC,medium_airport,Asahikawa Airport,43.670799,142.447006,JP,JP-01,Higashikagura,yes
AKL,NZAA,large_airport,Auckland International Airport,-37.01199,174.786331,NZ,NZ-AUK,Auckland,yes
AKN,PAKN,medium_airport,King Salmon Airport,58.677845,-156.651965,US,US-AK,King Salmon,yes
AKP,PAKP,medium_airport,Anaktuvuk Pass Airport,68.133598,-151.742996,US,US-AK,Anaktuvuk Pass,yes
AKR,DNAK,medium_airport,Akure Airport,7.246739864349365,5.3010101318359375,NG,NG-ON,Akure,yes
AKT,LCRA,medium_airport,RAF Akrotiri,34.590401,32.9879,CY,CY-XX,Akrotiri,no
AKU,ZWAK,medium_airport,Aksu Hongqipo Airport,41.262501,80.291702,CN,CN-65,Aksu (Onsu),yes
AKW,OIAG,medium_airport,Aghajari Airport,30.7444,49.6772,IR,IR-06,Omidiyeh,no
AKX,UATT,large_airport,Aktobe International Airport,50.248116,57.204144,KZ,KZ-AKT,Aktobe,yes
AKY,VYSW,medium_airport,Sittwe Airport,20.133165,92.870693,MM,MM-16,Sittwe,yes
ALA,UAAA,large_airport,Almaty International Airport,43.354267,77.042828,KZ,KZ-ALA,Almaty,yes
ALB,KALB,large_airport,Albany International Airport,42.748299,-73.801697,US,US-NY,Albany,yes
ALC,LEAL,large_airport,Alicante-Elche Miguel Hernández Airport,38.2822,-0.558156,ES,ES-VC,Alicante,yes
ALF,ENAT,medium_airport,Alta Airport,69.976097,23.3717,NO,NO-56,Alta,yes
ALG,DAAG,large_airport,Houari Boumediene Airport,36.693886,3.214531,DZ,DZ-16,Algiers,yes
ALH,YABA,medium_airport,Albany Airport,-34.943333,117.808889,AU,AU-WA,Albany,yes
ALI,KALI,medium_airport,Alice International Airport,27.7409,-98.026901,US,US-TX,Alice,no
ALJ,FAAB,medium_airport,Alexander Bay Airport,-28.575001,16.5333,ZA,ZA-NC,Alexander Bay,no
ALM,KALM,medium_airport,Alamogordo White Sands Regional Airport,32.837818,-105.993149,US,US-NM,Alamogordo,no
ALN,KALN,medium_airport,St Louis Regional Airport,38.89030075069999,-90.0459976196,US,US-IL,Alton/St Louis,no
ALO,KALO,medium_airport,Waterloo Regional Airport,42.557098388671875,-92.40029907226562,US,US-IA,Waterloo,yes
ALP,OSAP,large_airport,Aleppo International Airport,36.181262,37.226869,SY,SY-HL,Aleppo,yes
ALR,NZLX,medium_airport,Alexandra Aerodrome,-45.210495,169.371113,NZ,NZ-OTA,Alexandra,no
ALS,KALS,medium_airport,San Luis Valley Regional Airport/Bergman Field,37.434898,-105.866997,US,US-CO,Alamosa,yes
ALW,KALW,medium_airport,Walla Walla Regional Airport,46.09489822,-118.288002,US,US-WA,Walla Walla,yes
AMA,KAMA,medium_airport,Rick Husband Amarillo International Airport,35.217857,-101.706444,US,US-TX,Amarillo,yes
AMD,VAAH,large_airport,Sardar Vallabh Patel International Airport,23.0772,72.634697,IN,IN-GJ,Ahmedabad,yes
AMH,HAAM,medium_airport,Arba Minch Airport,6.03939,37.5905,ET,ET-SN,Arba Minch,yes
AMM,OJAI,large_airport,Queen Alia International Airport,31.7226009369,35.9931983948,JO,JO-AM,Amman,yes
AMQ,WAPP,large_airport,Pattimura International Airport,-3.71026,128.089005,ID,ID-MA,Ambon,yes
AMS,EHAM,large_airport,Amsterdam Airport Schiphol,52.308601,4.76389,NL,NL-NH,Amsterdam,yes
AMV,ULDD,medium_airport,Amderma Airport,69.763712,61.556711,RU,RU-NEN,Amderma,yes
AMZ,NZAR,medium_airport,Ardmore Airport,-37.029701232910156,174.97300720214844,NZ,NZ-AUK,Manurewa,no
ANB,KANB,medium_airport,Anniston Regional Airport,33.5882,-85.8581,US,US-AL,Anniston,no
ANC,PANC,large_airport,Ted Stevens Anchorage International Airport,61.179004,-149.992561,US,US-AK,Anchorage,yes
AND,KAND,medium_airport,Anderson Regional Airport,34.4945983887,-82.70939636230001,US,US-SC,Anderson,no
ANE,LFJR,medium_airport,Angers Marcé airport,47.560299,-0.312222,FR,FR-PDL,Angers,no
ANF,SCFA,large_airport,Andrés Sabella Gálvez International Airport,-23.445274,-70.445232,CL,CL-AN,Antofagasta,yes
ANG,LFBU,medium_airport,Angoulême Brie-Champniers airport,45.729198,0.221456,FR,FR-NAQ,Angoulême,no
ANI,PANI,medium_airport,Aniak Airport,61.581600189208984,-159.54299926757812,US,US-AK,Aniak,yes
ANK,LTAD,medium_airport,Etimesgut Air Base,39.949798584,32.6885986328,TR,TR-06,Ankara,no
ANM,FMNH,medium_airport,Antsirabe Airport,-14.9994,50.320202,MG,MG-D,Antsirabe,no
ANN,PANT,medium_airport,Annette Island Airport,55.037663,-131.572609,US,US-AK,Metlakatla,no
ANR,EBAW,medium_airport,Antwerp International Airport (Deurne),51.190667,4.463153,BE,BE-VAN,Antwerp,yes
ANU,TAPA,large_airport,V. C. Bird International Airport,17.1367,-61.792702,AG,AG-03,Osbourn,yes
ANV,PANV,medium_airport,Anvik Airport,62.646702,-160.190994,US,US-AK,Anvik,yes
ANX,ENAN,medium_airport,"Andøya Airport, Andenes",69.295193,16.139379,NO,NO-18,Andenes,yes
AOC,EDAC,medium_airport,Leipzig–Altenburg Airport,50.981945,12.506389,DE,DE-TH,Nobitz,no
AOE,LTBY,large_airport,Hasan Polatkan Airport,39.811644,30.519268,TR,TR-26,Eskişehir,yes
AOG,ZYAS,medium_airport,Anshan Teng'ao Airport / Anshan Air Base,41.105301,122.853996,CN,CN-21,Anshan,yes
AOI,LIPY,medium_airport,Marche Airport,43.616299,13.3623,IT,IT-57,Falconara Marittima (AN),yes
AOJ,RJSA,large_airport,Aomori Airport,40.733777,140.689477,JP,JP-02,Aomori,yes
AOK,LGKP,medium_airport,Karpathos Airport,35.421398,27.146,GR,GR-L,Karpathos Island,yes
AOL,SARL,medium_airport,Paso De Los Libres Airport,-29.6894,-57.1521,AR,AR-W,Paso de los Libres,no
AOO,KAOO,medium_airport,Altoona Blair County Airport,40.296398,-78.32,US,US-PA,Altoona,yes
AOR,WMKA,medium_airport,Sultan Abdul Halim Airport,6.189670085906982,100.39800262451172,MY,MY-02,Alor Satar,yes
AOT,LIMW,medium_airport,Aosta Corrado Gex Airport,45.738552,7.3683,IT,IT-23,Saint-Christophe (AO),no
APA,KAPA,medium_airport,Centennial Airport,39.57009888,-104.848999,US,US-CO,Denver,no
APF,KAPF,medium_airport,Naples Municipal Airport,26.1525993347,-81.7752990723,US,US-FL,Naples,no
APG,KAPG,medium_airport,Phillips Army Air Field,39.466202,-76.1688,US,US-MD,Aberdeen,no
API,SKAP,medium_airport,Gomez Nino Apiay Air Base,4.07607,-73.5627,CO,CO-MET,Apiay,no
APJ,CN-0354,medium_airport,Ali Pulan Airport,30.397898,81.13317,CN,CN-54,Burang Town,no
APL,FQNP,large_airport,Nampula Airport,-15.1056,39.281799,MZ,MZ-N,Nampula,yes
APN,KAPN,medium_airport,Alpena County Regional Airport,45.0780983,-83.56030273,US,US-MI,Alpena,yes
APO,SKLC,medium_airport,Antonio Roldán Betancur Airport,7.81196,-76.7164,CO,CO-ANT,Carepa,yes
APW,NSFA,large_airport,Faleolo International Airport,-13.83,-172.007996,WS,WS-AA,Apia,yes
APZ,SAHZ,medium_airport,Zapala Airport,-38.975498,-70.113602,AR,AR-Q,Zapala,no
AQA,SBAQ,medium_airport,Araraquara Airport,-21.812,-48.132999,BR,BR-SP,Araraquara,yes
AQG,ZSAQ,medium_airport,Anqing Tianzhushan Airport / Anqing North Air Base,30.582199,117.050003,CN,CN-34,Anqing,yes
AQI,OEPA,large_airport,Qaisumah–Hafar Al-Batin International Airport,28.335726,46.127108,SA,SA-04,Qaisumah,yes
AQJ,OJAQ,large_airport,King Hussein International Airport,29.611601,35.018101,JO,JO-AQ,Aqaba,yes
AQP,SPQU,large_airport,Rodríguez Ballón International Airport,-16.340786,-71.569485,PE,PE-ARE,Arequipa,yes
ARA,KARA,medium_airport,Acadiana Regional Airport,30.0378,-91.883904,US,US-LA,New Iberia,no
ARC,PARC,medium_airport,Arctic Village Airport,68.1147,-145.578995,US,US-AK,Arctic Village,yes
ARE,TJAB,medium_airport,Antonio Nery Juarbe Pol Airport,18.45085,-66.675768,PR,PR-U-A,Arecibo,no
ARH,ULAA,medium_airport,Talagi Airport,64.60030364990234,40.71670150756836,RU,RU-ARK,Archangelsk,yes
ARI,SCAR,medium_airport,Chacalluta International Airport,-18.348499,-70.338699,CL,CL-AP,Arica,yes
ARK,HTAR,medium_airport,Arusha Airport,-3.3677899837493896,36.63330078125,TZ,TZ-01,Arusha,yes
ARM,YARM,medium_airport,Armidale Airport,-30.528099060099997,151.617004395,AU,AU-NSW,Armidale,yes
ARN,ESSA,large_airport,Stockholm-Arlanda Airport,59.64849,17.928829,SE,SE-AB,Stockholm,yes
ART,KART,medium_airport,Watertown International Airport,43.991901,-76.021698,US,US-NY,Watertown,yes
ARU,SBAU,medium_airport,Araçatuba Airport,-21.141479,-50.424575,BR,BR-SP,Araçatuba,yes
ARW,LRAR,medium_airport,Arad International Airport,46.176136,21.264322,RO,RO-AR,Arad,yes
ARX,SBAC,medium_airport,Aracati Dragão do Mar Regional Airport,-4.568896,-37.805135,BR,BR-CE,Aracati,no
ARY,YARA,medium_airport,Ararat Airport,-37.309978,142.988688,AU,AU-VIC,Ararat,no
ASA,HHSB,medium_airport,Assab International Airport,13.0718,42.645,ER,ER-DK,Assab,no
ASB,UTAA,large_airport,Ashgabat International Airport,37.986801,58.361,TM,TM-S,Ashgabat,yes
ASD,MYAF,medium_airport,Andros Town Airport,24.697901,-77.795601,BS,BS-NS,Andros Town,yes
ASE,KASE,medium_airport,Aspen-Pitkin County Airport (Sardy Field),39.223202,-106.869003,US,US-CO,Aspen,yes
ASF,URWA,large_airport,Astrakhan Narimanovo Boris M. Kustodiev International Airport,46.282843,48.010511,RU,RU-AST,Astrakhan,yes
ASI,FHAW,medium_airport,RAF Ascension Island,-7.970179,-14.392744,SH,SH-AC,Cat Hill,yes
ASJ,RJKA,medium_airport,Amami Airport,28.430599212646484,129.71299743652344,JP,JP-46,Amami,yes
ASK,DIYO,large_airport,Yamoussoukro International Airport,6.90317,-5.36558,CI,CI-YM,Yamoussoukro,no
ASM,HHAS,medium_airport,Asmara International Airport,15.2919,38.910702,ER,ER-SK,Asmara,yes
ASO,HASO,medium_airport,Asosa Airport,10.018500328063965,34.586299896240234,ET,ET-BE,Asosa,yes
ASP,YBAS,medium_airport,Alice Springs Airport,-23.806588,133.903427,AU,AU-NT,Alice Springs,yes
ASR,LTAU,large_airport,Kayseri Erkilet International Airport,38.770401,35.495399,TR,TR-38,Kayseri,yes
AST,KAST,medium_airport,Astoria Regional Airport,46.158000946,-123.878997803,US,US-OR,Astoria,no
ASU,SGAS,large_airport,Silvio Pettirossi International Airport,-25.240156,-57.519227,PY,PY-11,Asunción,yes
ASV,HKAM,medium_airport,Amboseli Airport,-2.644786,37.252922,KE,KE-34,Ol Tukai,yes
ASW,HESN,large_airport,Aswan International Airport,23.961075,32.820382,EG,EG-ASN,Aswan,yes
ATA,SPHZ,medium_airport,Comandante FAP German Arias Graziani Airport,-9.347439765930176,-77.59839630126953,PE,PE-ANC,Anta,no
ATC,MYCA,medium_airport,Arthur's Town Airport,24.6294,-75.673797,BS,BS-CI,Arthur's Town,yes
ATF,SEAM,medium_airport,Chachoán Regional Airport,-1.21207,-78.5746,EC,EC-T,Ambato,no
ATG,OPMS,medium_airport,Minhas Air Base,33.8690986633,72.4009017944,PK,PK-PB,Kamra,no
ATH,LGAV,large_airport,Athens Eleftherios Venizelos International Airport,37.936401,23.9445,GR,GR-I,Spata-Artemida,yes
ATK,PATQ,medium_airport,Atqasuk Edward Burnell Sr Memorial Airport,70.46704,-157.436013,US,US-AK,Atqasuk,yes
ATL,KATL,large_airport,Hartsfield Jackson Atlanta International Airport,33.6367,-84.428101,US,US-GA,Atlanta,yes
ATM,SBHT,medium_airport,Altamira Interstate Airport,-3.253144,-52.253938,BR,BR-PA,Altamira,yes
ATQ,VIAR,large_airport,Sri Guru Ram Das Ji International Airport,31.7096,74.797302,IN,IN-PB,Amritsar,yes
ATR,GQPA,medium_airport,Atar International Airport,20.505823,-13.043744,MR,MR-07,Atar,no
ATW,KATW,medium_airport,Appleton International Airport,44.258515,-88.519,US,US-WI,Appleton,yes
ATY,KATY,medium_airport,Watertown Regional Airport,44.91400146,-97.15470123,US,US-SD,Watertown,yes
ATZ,HEAT,large_airport,Asyut International Airport,27.045962,31.01276,EG,EG-AST,Asyut,yes
AUA,TNCA,large_airport,Queen Beatrix International Airport,12.501056,-70.014281,AW,AW-U-A,Oranjestad,yes
AUC,SKUC,medium_airport,Santiago Perez Airport,7.06888,-70.7369,CO,CO-ARA,Arauca,yes
AUF,LFLA,medium_airport,Auxerre Branches airport,47.850201,3.49711,FR,FR-BFC,Auxerre,no
AUG,KAUG,medium_airport,Augusta State Airport,44.320598602299995,-69.7973022461,US,US-ME,Augusta,yes
AUH,OMAA,large_airport,Zayed International Airport,24.440966,54.649237,AE,AE-AZ,Abu Dhabi,yes
AUQ,NTMN,medium_airport,Hiva Oa-Atuona Airport,-9.76879024506,-139.011001587,PF,PF-U-A,Hiva Oa Island,yes
AUR,LFLW,medium_airport,Aurillac airport,44.891399,2.42194,FR,FR-ARA,Aurillac,yes
AUS,KAUS,large_airport,Austin Bergstrom International Airport,30.197535,-97.662015,US,US-TX,Austin,yes
AUW,KAUW,medium_airport,Wausau Downtown Airport,44.9262008667,-89.6266021729,US,US-WI,Wausau,no
AUX,SWGN,medium_airport,Araguaína Airport,-7.22787,-48.240501,BR,BR-TO,Araguaína,yes
AVA,ZUAS,medium_airport,Anshun Huangguoshu Airport,26.260556,105.873333,CN,CN-52,Anshun (Xixiu),yes
AVB,LIPA,medium_airport,Aviano Air Base,46.031898,12.596503,IT,IT-36,Aviano (PN),no
AVI,MUCA,medium_airport,Máximo Gómez Airport,22.0271,-78.789597,CU,CU-08,Ciro Redondo,no
AVK,ZMAH,medium_airport,Arvaikheer Airport,46.250301361083984,102.802001953125,MN,MN-055,Arvaikheer,yes
AVL,KAVL,medium_airport,Asheville Regional Airport,35.435488,-82.541853,US,US-NC,Asheville,yes
AVN,LFMV,medium_airport,Avignon Caumont airport,43.907299,4.90183,FR,FR-PAC,Avignon,yes
AVP,KAVP,medium_airport,Wilkes-Barre/Scranton International Airport,41.337064,-75.724232,US,US-PA,Wilkes-Barre/Scranton,yes
AVR,IN-0065,medium_airport,Amravati  Airport,20.814608,77.717765,IN,IN-MM,Amravati,yes
AVV,YMAV,large_airport,Melbourne Avalon International Airport,-38.040269,144.467196,AU,AU-VIC,Geelong/Melbourne,yes
AWA,HALA,large_airport,Hawassa International Airport,7.100611,38.396455,ET,ET-XSD,Hawassa,yes
AWK,PWAK,medium_airport,Wake Island Airfield,19.282437,166.636637,UM,UM-79,Wake Island,yes
AWZ,OIAW,large_airport,Qasem Soleimani International Airport,31.3364,48.763789,IR,IR-06,Ahvaz,yes
AXA,TQPF,medium_airport,Clayton J. Lloyd International Airport,18.204773,-63.05383,AI,AI-U-A,The Valley,yes
AXD,LGAL,medium_airport,Alexandroupoli Democritus Airport,40.8559,25.956301,GR,GR-A,Alexandroupolis,yes
AXF,AXF,medium_airport,Alxa Left Banner Bayanhot Airport,38.748317,105.58416,CN,CN-15,Bayanhot,yes
AXJ,RJDA,medium_airport,Amakusa Airport,32.482498,130.158997,JP,JP-43,Amakusa,yes
AXK,OYAT,medium_airport,Ataq Airport,14.5513,46.826199,YE,YE-SH,Ataq,no
AXM,SKAR,medium_airport,El Eden Airport,4.45278,-75.7664,CO,CO-QUI,Armenia,yes
AXN,KAXN,medium_airport,Chandler Field,45.866299,-95.394699,US,US-MN,Alexandria,no
AXP,MYAP,medium_airport,Spring Point Airport,22.441799,-73.970901,BS,BS-AK,Spring Point,yes
AXR,NTGU,medium_airport,Arutua Airport,-15.248299598693848,-146.61700439453125,PF,PF-U-A,,yes
AXT,RJSK,medium_airport,Akita Airport,39.615601,140.218994,JP,JP-05,Akita,yes
AXU,HAAX,medium_airport,Axum Airport,14.1468,38.7728,ET,ET-TI,Axum,yes
AYJ,IN-0025,medium_airport,Maharshi Valmiki International Airport,26.747736,82.163664,IN,IN-UP,Faizabad,yes
AYO,SGAY,medium_airport,Aeropuerto Nacional Juan de Ayolas,-27.378379,-56.856791,PY,PY-8,Ayolas,no
AYP,SPHO,medium_airport,Air Force Colonel Alfredo Mendivil Duarte Airport,-13.1548,-74.204399,PE,PE-AYA,Ayacucho,yes
AYQ,YAYE,medium_airport,Ayers Rock Connellan Airport,-25.185913,130.97703,AU,AU-NT,Yulara,yes
AYT,LTAI,large_airport,Antalya International Airport,36.898701,30.800501,TR,TR-07,Antalya,yes
AYX,SPAY,medium_airport,Teniente General Gerardo Pérez Pinedo Airport,-10.7291,-73.766502,PE,PE-UCA,Atalaya,no
AZA,KIWA,medium_airport,Mesa Gateway Airport,33.3078,-111.654999,US,US-AZ,Mesa,yes
AZD,OIYY,medium_airport,Shahid Sadooghi Airport,31.9048995972,54.2765007019,IR,IR-21,Yazd,yes
AZI,OMAD,large_airport,Al Bateen Executive Airport,24.427062,54.459866,AE,AE-AZ,Abu Dhabi,no
AZN,UTKA,medium_airport,Andijan International Airport,40.727699,72.293999,UZ,UZ-AN,Andijan,yes
AZO,KAZO,medium_airport,Kalamazoo/Battle Creek International Airport,42.232105,-85.549637,US,US-MI,Kalamazoo,yes
AZR,DAUA,medium_airport,Touat-Cheikh Sidi Mohamed Belkebir Airport,27.837601,-0.186414,DZ,DZ-01,Adrar,yes
AZS,MDCY,medium_airport,Samaná El Catey International Airport,19.269259,-69.737405,DO,DO-20,Samana,yes
BAB,KBAB,medium_airport,Beale Air Force Base,39.136101,-121.436996,US,US-CA,Beale Air Force Base,no
BAD,KBAD,medium_airport,Barksdale Air Force Base,32.501801,-93.662697,US,US-LA,Bossier City,no
BAF,KBAF,medium_airport,Westfield-Barnes Regional Airport,42.157799,-72.715599,US,US-MA,Westfield,no
BAG,RPUB,medium_airport,Loakan Airport,16.375034,120.619949,PH,PH-BAG,Baguio,no
BAH,OBBI,large_airport,Bahrain International Airport,26.267295,50.63764,BH,BH-15,Manama,yes
BAI,MRBA,medium_airport,Buenos Aires Airport,9.163949,-83.330171,CR,CR-P,Punta Arenas,no
BAL,LTCJ,medium_airport,Batman Airport,37.929001,41.1166,TR,TR-72,Batman,yes
BAQ,SKBQ,large_airport,Ernesto Cortissoz International Airport,10.8896,-74.7808,CO,CO-ATL,Barranquilla,yes
BAR,ZJQH,medium_airport,Qionghai Bo'ao Airport,19.140951,110.452766,CN,CN-46,Qionghai (Basuo),yes
BAT,SBBT,medium_airport,Chafei Amsei Airport,-20.584631,-48.594125,BR,BR-SP,Barretos,no
BAV,ZBOW,large_airport,Baotou Donghe International Airport,40.560001,109.997002,CN,CN-15,Baotou,yes
BAX,UNBB,large_airport,Barnaul Gherman Titov International Airport,53.361285,83.539701,RU,RU-ALT,Barnaul,yes
BAY,LRBM,medium_airport,Maramureș International Airport,47.658444,23.464445,RO,RO-MM,Tăuții-Măgherăuș,yes
BBA,SCBA,medium_airport,Balmaceda Airport,-45.915968,-71.689499,CL,CL-AI,Balmaceda,yes
BBD,KBBD,medium_airport,Curtis Field,31.178931,-99.324732,US,US-TX,Brady,no
BBI,VEBS,large_airport,Biju Patnaik International Airport,20.251021,85.814747,IN,IN-OR,Bhubaneswar,yes
BBK,FBKE,large_airport,Kasane International Airport,-17.831653,25.166195,BW,BW-CH,Kasane,yes
BBM,VDBG,medium_airport,Battambang Airport,13.0956,103.223999,KH,KH-2,Battambang,yes
BBN,WBGZ,medium_airport,Bario Airport,3.734648,115.478548,MY,MY-13,Bario,yes
BBO,HCMI,medium_airport,Berbera Airport,10.385035,44.936723,SO,SO-WO,Berbera,yes
BBQ,AG-0001,medium_airport,Burton-Nibbs International Airport,17.621194,-61.798347,AG,AG-10,Codrington,yes
BBS,EGLK,medium_airport,Blackbushe Airport,51.323898,-0.8475,GB,GB-ENG,"Camberley, Surrey",no
BBT,FEFT,medium_airport,Berbérati Airport,4.2215800285339355,15.786399841308594,CF,CF-HS,Berbérati,no
BBU,LRBS,large_airport,Bucharest Băneasa Aurel Vlaicu International Airport,44.503133,26.102944,RO,RO-B,Bucharest,yes
BCA,MUBA,medium_airport,Gustavo Rizo Airport,20.365299224853516,-74.5062026977539,CU,CU-14,Baracoa,yes
BCD,RPVB,large_airport,Bacolod-Silay International Airport,10.776237,123.018879,PH,PH-NEC,Bacolod City,yes
BCE,KBCE,medium_airport,Bryce Canyon Airport,37.706401825,-112.144996643,US,US-UT,Bryce Canyon,no
BCH,WPEC,medium_airport,Baucau Airport,-8.486479,126.399981,TL,TL-BA,Baucau,yes
BCI,YBAR,medium_airport,Barcaldine Airport,-23.566268,145.302086,AU,AU-QLD,Barcaldine,yes
BCL,MRBC,medium_airport,Barra del Colorado Airport,10.7687,-83.585602,CR,CR-L,Pococi,no
BCM,LRBC,large_airport,Bacău George Enescu International  Airport,46.5219,26.910299,RO,RO-BC,Bacău,yes
BCN,LEBL,large_airport,Josep Tarradellas Barcelona-El Prat Airport,41.2971,2.07846,ES,ES-CT,Barcelona,yes
BCO,HAJK,medium_airport,Jinka Airport,5.749655,36.560165,ET,ET-SN,Jinka,yes
BCQ,LY-BCQ,medium_airport,Brak Airport,27.653,14.272,LY,LY-SH,Brak,no
BCT,KBCT,medium_airport,Boca Raton Airport,26.3785,-80.107697,US,US-FL,Boca Raton,no
BCU,DNBC,large_airport,Sir Abubakar Tafawa Balewa Bauchi State International Airport,10.482833,9.744,NG,NG-BA,Bauchi,yes
BCW,BCW,medium_airport,Benguera Island Airport,-21.8533,35.438301,MZ,MZ-I,Benguera Island,no
BDA,TXKF,large_airport,L.F. Wade International Airport,32.363802,-64.67824,BM,BM-U-A,Hamilton,yes
BDB,YBUD,medium_airport,Bundaberg Airport,-24.905039,152.322612,AU,AU-QLD,Bundaberg,yes
BDE,KBDE,medium_airport,Baudette International Airport,48.728401,-94.612198,US,US-MN,Baudette,no
BDH,OIBL,medium_airport,Bandar Lengeh International Airport,26.532283,54.82484,IR,IR-22,Bandar Lengeh,yes
BDJ,WAOO,large_airport,Syamsudin Noor International Airport,-3.440112,114.761209,ID,ID-KS,Banjarbaru,yes
BDL,KBDL,large_airport,Bradley International Airport,41.938555,-72.688016,US,US-CT,Hartford,yes
BDM,LTBG,medium_airport,Bandırma Airport,40.318001,27.977699,TR,TR-10,Bandırma,no
BDO,WICC,medium_airport,Husein Sastranegara International Airport,-6.90063,107.575996,ID,ID-JB,Bandung,yes
BDQ,VABO,large_airport,Vadodara International Airport,22.336201,73.226303,IN,IN-GJ,Vadodara,yes
BDR,KBDR,medium_airport,Igor I Sikorsky Memorial Airport,41.163502,-73.126198,US,US-CT,Bridgeport,no
BDS,LIBR,large_airport,Brindisi Airport,40.6576,17.947001,IT,IT-75,Brindisi,yes
BDT,FZFD,medium_airport,Gbadolite Airport,4.252745,20.975271,CD,CD-NU,Gbadolite,yes
BDU,ENDU,medium_airport,Bardufoss Airport,69.055801,18.5404,NO,NO-55,Målselv,yes
BEB,EGPL,medium_airport,Benbecula Airport,57.481098,-7.36278,GB,GB-SCT,Balivanich,yes
BED,KBED,medium_airport,Laurence G Hanscom Field,42.470001,-71.289001,US,US-MA,Bedford,yes
BEF,MNBL,medium_airport,Bluefields Airport,11.991,-83.774101,NI,NI-AS,Bluefields,yes
BEG,LYBE,large_airport,Belgrade Nikola Tesla Airport,44.818401,20.309099,RS,RS-00,Belgrade,yes
BEJ,WAQT,medium_airport,Kalimarau Airport,2.14776,117.430705,ID,ID-KI,Tanjung Redeb - Borneo Island,yes
BEK,VIBY,medium_airport,Bareilly Air Force Station,28.4221,79.450798,IN,IN-UP,Bareilly,yes
BEL,SBBE,large_airport,Val de Cans/Júlio Cezar Ribeiro International Airport,-1.379279,-48.476207,BR,BR-PA,Belém,yes
BEM,GMMD,large_airport,Beni Mellal Airport,32.401895,-6.315905,MA,MA-05,Oulad Yaich,yes
BEN,HLLB,large_airport,Benina International Airport,32.096802,20.269501,LY,LY-BA,Benina,yes
BEP,VOBI,medium_airport,Bellary Airport,15.162799835205078,76.88279724121094,IN,IN-KA,Bellary,no
BEQ,EGXH,medium_airport,RAF Honington,52.342602,0.772939,GB,GB-ENG,"Bury Saint Edmunds, Suffolk",no
BER,EDDB,large_airport,Berlin Brandenburg Airport,52.361738,13.502341,DE,DE-BR,Berlin,yes
BES,LFRB,large_airport,Brest Bretagne airport,48.447899,-4.41854,FR,FR-BRE,Brest,yes
BET,PABE,medium_airport,Bethel Airport,60.77980042,-161.8379974,US,US-AK,Bethel,yes
BEU,YBIE,medium_airport,Bedourie Airport,-24.3461,139.460007,AU,AU-QLD,Bedourie,yes
BEW,FQBR,large_airport,Beira International Airport,-19.7964,34.9076,MZ,MZ-S,Beira,yes
BEX,EGUB,medium_airport,RAF Benson,51.614366,-1.095991,GB,GB-ENG,"Wallingford, Oxfordshire",no
BEY,OLBA,large_airport,Beirut Rafic Hariri International Airport,33.819833,35.487443,LB,LB-JL,Beirut,yes
BFD,KBFD,medium_airport,Bradford Regional Airport,41.8031005859375,-78.64009857177734,US,US-PA,Bradford,yes
BFE,EDLI,medium_airport,Bielefeld Airport,51.964722,8.544444,DE,DE-NW,Bielefeld,no
BFF,KBFF,medium_airport,Western Neb. Rgnl/William B. Heilig Airport,41.87400055,-103.5960007,US,US-NE,Scottsbluff,yes
BFH,SBBI,medium_airport,Bacacheri Airport,-25.4051,-49.231998,BR,BR-PR,Curitiba,no
BFI,KBFI,medium_airport,King County International Airport - Boeing Field,47.527042,-122.29995,US,US-WA,Seattle,yes
BFJ,ZUBJ,medium_airport,Bijie Feixiong Airport,27.267066,105.472097,CN,CN-52,Bijie,yes
BFK,KBKF,medium_airport,Buckley Space Force Base,39.701698,-104.751999,US,US-CO,Aurora,no
BFL,KBFL,medium_airport,Meadows Field,35.433601,-119.056999,US,US-CA,Bakersfield,yes
BFM,KBFM,medium_airport,Mobile Downtown Airport,30.626800537100003,-88.06809997559999,US,US-AL,Mobile,no
BFN,FABL,large_airport,Bram Fischer International Airport,-29.092699,26.302401,ZA,ZA-FS,Bloemfontein,yes
BFO,FVCZ,medium_airport,Buffalo Range Airport,-21.008101,31.5786,ZW,ZW-MV,Chiredzi,no
BFP,KBVI,medium_airport,Beaver County Airport,40.772499,-80.391403,US,US-PA,Beaver Falls,no
BFS,EGAA,large_airport,Belfast International Airport,54.6575012207,-6.2158298492399995,GB,GB-NIR,Belfast,yes
BFU,ZSBB,medium_airport,Bengbu Renheji Airport,32.847733,117.320244,CN,CN-34,Bengbu,no
BFV,VTUO,medium_airport,Buri Ram Airport,15.2295,103.252998,TH,TH-31,Buriram,yes
BFX,FKKU,medium_airport,Bafoussam Airport,5.536920070650001,10.354599952700001,CM,CM-OU,Bafoussam,no
BFY,CN-0476,medium_airport,Bengbu Tenghu Airport,33.166292,117.058344,CN,CN-34,Bengbu,yes
BGA,SKBG,medium_airport,Palonegro Airport,7.1265,-73.1848,CO,CO-SAN,Bucaramanga,yes
BGC,LPBG,medium_airport,Bragança Airport,41.8578,-6.70713,PT,PT-04,Bragança,yes
BGF,FEFF,large_airport,Bangui M'Poko International Airport,4.39848,18.518801,CF,CF-MP,Bangui,yes
BGG,LTCU,medium_airport,Bingöl Airport,38.860131,40.594489,TR,TR-12,Bingöl,yes
BGI,TBPB,large_airport,Grantley Adams International Airport,13.074667,-59.491034,BB,BB-01,Bridgetown,yes
BGM,KBGM,medium_airport,Greater Binghamton/Edwin A Link field,42.20869827,-75.97979736,US,US-NY,Binghamton,yes
BGN,UESG,medium_airport,Belaya Gora Airport,68.556227,146.22784,RU,RU-SA,Belaya Gora,no
BGO,ENBR,large_airport,"Bergen Airport, Flesland",60.2934,5.21814,NO,NO-46,Bergen,yes
BGR,KBGR,medium_airport,Bangor International Airport,44.806364,-68.826668,US,US-ME,Bangor,yes
BGW,ORBI,large_airport,Baghdad International Airport / New Al Muthana Air Base,33.262501,44.2346,IQ,IQ-BG,Baghdad,yes
BGX,SBBG,medium_airport,Comandante Gustavo Kraemer Airport,-31.390499,-54.112202,BR,BR-RS,Bagé,no
BGY,LIME,large_airport,Il Caravaggio International Airport,45.669362,9.708851,IT,IT-25,Orio al Serio (BG),yes
BHB,KBHB,medium_airport,Hancock County-Bar Harbor Airport,44.45000076,-68.3615036,US,US-ME,Bar Harbor,yes
BHD,EGAC,medium_airport,George Best Belfast City Airport,54.618099,-5.8725,GB,GB-NIR,Belfast,yes
BHE,NZWB,medium_airport,Woodbourne Airport,-41.5182991027832,173.8699951171875,NZ,NZ-MBH,Blenheim,yes
BHH,OEBH,medium_airport,Bisha Airport,19.9844,42.620899,SA,SA-14,Bisha,yes
BHI,SAZB,medium_airport,Comandante Espora Airport,-38.725,-62.1693,AR,AR-B,Bahía Blanca,yes
BHJ,VABJ,medium_airport,Bhuj Airport,23.2877998352,69.6701965332,IN,IN-GJ,Bhuj,yes
BHK,UTSB,large_airport,Bukhara International Airport,39.775319,64.482279,UZ,UZ-BU,Bukhara,yes
BHM,KBHM,large_airport,Birmingham-Shuttlesworth International Airport,33.562877,-86.750712,US,US-AL,Birmingham,yes
BHO,VABP,large_airport,Raja Bhoj International Airport,23.2875,77.337402,IN,IN-MP,Bhopal,yes
BHQ,YBHI,medium_airport,Broken Hill Airport,-32.0013999939,141.472000122,AU,AU-NSW,Broken Hill,yes
BHS,YBTH,medium_airport,Bathurst Airport,-33.406817,149.651161,AU,AU-NSW,Bathurst,yes
BHU,VABV,medium_airport,Bhavnagar Airport,21.752199173,72.1852035522,IN,IN-GJ,Bhavnagar,yes
BHV,OPBW,medium_airport,Bahawalpur Airport,29.348100662231445,71.71800231933594,PK,PK-PB,Bahawalpur,yes
BHX,EGBB,large_airport,Birmingham Airport,52.453899,-1.74803,GB,GB-ENG,"Birmingham, West Midlands",yes
BHY,ZGBH,medium_airport,Beihai Fucheng Airport,21.538659,109.293683,CN,CN-45,Beihai,yes
BIA,LFKB,large_airport,Bastia-Poretta International airport,42.5527,9.48373,FR,FR-COR,Bastia,yes
BIF,KBIF,medium_airport,Biggs Army Air Field (Fort Bliss),31.84950066,-106.3799973,US,US-TX,Fort Bliss/El Paso,no
BIG,PABI,medium_airport,Allen Army Airfield,63.994499,-145.722,US,US-AK,Delta Junction Ft Greely,no
BIH,KBIH,medium_airport,Eastern Sierra Regional Airport,37.3731,-118.363998,US,US-CA,Bishop,yes
BIK,WABB,medium_airport,Frans Kaisiepo Airport,-1.19002,136.108002,ID,ID-PA,Biak,yes
BIL,KBIL,medium_airport,Billings Logan International Airport,45.808932,-108.541242,US,US-MT,Billings,yes
BIM,MYBS,medium_airport,South Bimini Airport,25.6998996735,-79.2647018433,BS,BS-BI,South Bimini,yes
BIO,LEBB,large_airport,Bilbao Airport,43.301102,-2.91061,ES,ES-PV,Bilbao,yes
BIQ,LFBZ,medium_airport,Biarritz Pays Basque airport,43.468372,-1.523223,FR,FR-NAQ,Biarritz,yes
BIR,VNVT,medium_airport,Biratnagar Airport,26.48150062561035,87.26399993896484,NP,NP-P1,Biratnagar,yes
BIS,KBIS,medium_airport,Bismarck Municipal Airport,46.772734,-100.746874,US,US-ND,Bismarck,yes
BIU,BIBD,medium_airport,Bildudalur Airport,65.641296,-23.5462,IS,IS-4,Bildudalur,no
BIX,KBIX,medium_airport,Keesler Air Force Base,30.4104003906,-88.92440032959999,US,US-MS,Biloxi,no
BIY,FABE,medium_airport,Bisho Airport,-32.897099,27.2791,ZA,ZA-EC,Bisho,no
BJA,DAAE,large_airport,Soummam–Abane Ramdane Airport,36.712547,5.069909,DZ,DZ-06,Béjaïa,yes
BJB,OIMN,medium_airport,Bojnord Airport,37.49300003051758,57.30820083618164,IR,IR-28,Bojnord,yes
BJC,KBJC,medium_airport,Rocky Mountain Metropolitan Airport,39.908798,-105.116997,US,US-CO,Denver,yes
BJF,ENBS,medium_airport,Båtsfjord Airport,70.60025,29.692612,NO,NO-56,Båtsfjord,yes
BJI,KBJI,medium_airport,Bemidji Regional Airport,47.50939941,-94.93370056,US,US-MN,Bemidji,no
BJL,GBYD,large_airport,Banjul International Airport,13.338,-16.652201,GM,GM-W,Banjul (Yundum),yes
BJM,HBBA,large_airport,Bujumbura Melchior Ndadaye International Airport,-3.32402,29.318501,BI,BI-BM,Bujumbura,yes
BJO,SLBJ,medium_airport,Bermejo Airport,-22.7733001709,-64.31289672850001,BO,BO-T,Bermejo,no
BJR,HABD,medium_airport,Bahir Dar Airport,11.6081,37.321602,ET,ET-AM,Bahir Dar,yes
BJV,LTFE,large_airport,Milas Bodrum International Airport,37.249314,27.66401,TR,TR-48,Bodrum,yes
BJX,MMLO,large_airport,Guanajuato International Airport,20.992695,-101.480284,MX,MX-GUA,Silao,yes
BJY,LYBT,medium_airport,Batajnica Air Base,44.935299,20.2575,RS,RS-00,Zemun,no
BJZ,LEBZ,medium_airport,Badajoz Airport,38.8913,-6.82133,ES,ES-EX,Badajoz,yes
BKA,UNIB,medium_airport,Baykit Airport,61.676701,96.355003,RU,RU-KYA,Baykit,no
BKB,VIBK,medium_airport,Nal Airport,28.070601,73.207199,IN,IN-RJ,Bikaner,no
BKE,KBKE,medium_airport,Baker City Municipal Airport,44.837299346900004,-117.808998108,US,US-OR,Baker City,no
BKG,KBBG,medium_airport,Branson Airport,36.532082,-93.200544,US,US-MO,Branson,yes
BKH,PHBK,medium_airport,Barking Sands Airport,22.0228,-159.785004,US,US-HI,Kekaha,no
BKI,WBKK,large_airport,Kota Kinabalu International Airport,5.932743,116.049324,MY,MY-12,Kota Kinabalu,yes
BKK,VTBS,large_airport,Suvarnabhumi Airport,13.6811,100.747002,TH,TH-10,Bangkok,yes
BKL,KBKL,medium_airport,Burke Lakefront Airport,41.51750183105469,-81.68329620361328,US,US-OH,Cleveland,no
BKN,TM-0002,medium_airport,Balkanabat International Airport,39.681052,54.206008,TM,TM-B,Balkanabat,yes
BKO,GABS,large_airport,Modibo Keita International Airport,12.5335,-7.94994,ML,ML-2,Bamako,yes
BKQ,YBCK,medium_airport,Blackall Airport,-24.431678,145.429716,AU,AU-QLD,Blackall,yes
BKS,WIPL,medium_airport,Fatmawati Soekarno Airport,-3.8637,102.338997,ID,ID-BE,Bengkulu,yes
BKW,KBKW,medium_airport,Raleigh County Memorial Airport,37.7873,-81.124199,US,US-WV,Beaver,yes
BKY,FZMA,medium_airport,Bukavu Kavumu Airport,-2.30898,28.8088,CD,CD-SK,Kamakombe,no
BLA,SVBC,large_airport,General José Antonio Anzoategui International Airport,10.111111,-64.692222,VE,VE-B,Barcelona,yes
BLD,K61B,medium_airport,Boulder City Municipal Airport,35.947161,-114.858799,US,US-NV,Boulder City,yes
BLE,ESSD,medium_airport,Dala Airport,60.422001,15.5152,SE,SE-W,Borlange,yes
BLF,KBLF,medium_airport,Mercer County Airport,37.295799,-81.207703,US,US-WV,Bluefield,no
BLH,KBLH,medium_airport,Blythe Airport,33.6192016602,-114.717002869,US,US-CA,Blythe,no
BLI,KBLI,medium_airport,Bellingham International Airport,48.79280090332031,-122.53800201416016,US,US-WA,Bellingham,yes
BLJ,DABT,large_airport,Batna Mostefa Ben Boulaid Airport,35.752102,6.30859,DZ,DZ-05,Batna,yes
BLK,EGNH,medium_airport,Blackpool Airport,53.771702,-3.02861,GB,GB-ENG,Blackpool,no
BLL,EKBI,large_airport,Billund Airport,55.740335,9.157019,DK,DK-83,Billund,yes
BLN,YBLA,medium_airport,Benalla Airport,-36.551899,146.007004,AU,AU-VIC,Benalla,no
BLQ,LIPE,large_airport,Bologna Guglielmo Marconi Airport,44.5354,11.2887,IT,IT-45,Bologna,yes
BLR,VOBL,large_airport,Kempegowda International Airport Bengaluru,13.1979,77.706299,IN,IN-KA,Bengaluru,yes
BLT,YBTR,medium_airport,Blackwater Airport,-23.6031,148.807007,AU,AU-QLD,,no
BLV,KBLV,medium_airport,Scott AFB/Midamerica Airport,38.5452,-89.835197,US,US-IL,Belleville,yes
BLZ,FWCL,large_airport,Chileka International Airport,-15.677189,34.972319,MW,MW-BL,Blantyre,yes
BMA,ESSB,medium_airport,Stockholm-Bromma Airport,59.354401,17.9417,SE,SE-AB,Stockholm,yes
BME,YBRM,large_airport,Broome International Airport,-17.949194,122.2283,AU,AU-WA,Broome,yes
BMG,KBMG,medium_airport,Monroe County Airport,39.145999908447266,-86.61669921875,US,US-IN,Bloomington,no
BMI,KBMI,medium_airport,Central Illinois Regional Airport at Bloomington-Normal,40.4771,-88.915901,US,US-IL,Bloomington/Normal,yes
BMM,FOOB,medium_airport,Bitam Airport,2.07564,11.4932,GA,GA-9,Bitam,no
BMU,WADB,medium_airport,Sultan Muhammad Salahuddin Airport,-8.537184,118.685002,ID,ID-NB,Bima,yes
BMV,VVBM,medium_airport,Buon Ma Thuot Airport,12.668299675,108.120002747,VN,VN-CH,Buon Ma Thuot,yes
BMW,DATM,medium_airport,Bordj Badji Mokhtar Airport,21.3778,0.92698,DZ,DZ-52,Bordj Badji Mokhtar,yes
BNA,KBNA,large_airport,Nashville International Airport,36.1245,-86.6782,US,US-TN,Nashville,yes
BND,OIKB,large_airport,Bandar Abbas International Airport,27.2183,56.3778,IR,IR-22,Bandar Abbas,yes
BNE,YBBN,large_airport,Brisbane International Airport,-27.384199142456055,153.11700439453125,AU,AU-QLD,Brisbane,yes
BNI,DNBE,medium_airport,Benin Airport,6.316979885101318,5.5995001792907715,NG,NG-ED,Benin,yes
BNK,YBNA,medium_airport,Ballina Byron Gateway Airport,-28.833236,153.561471,AU,AU-NSW,Ballina,yes
BNN,ENBN,medium_airport,"Brønnøysund Airport, Brønnøy",65.461098,12.2175,NO,NO-18,Brønnøy,yes
BNO,KBNO,medium_airport,Burns Municipal Airport,43.590463,-118.955154,US,US-OR,Burns,no
BNS,SVBI,medium_airport,Barinas Airport,8.615,-70.214167,VE,VE-E,Barinas,yes
BNX,LQBK,large_airport,Banja Luka International Airport,44.941399,17.297501,BA,BA-SRP,Mahovljani,yes
BOB,NTTB,medium_airport,Bora Bora Airport,-16.444400787353516,-151.75100708007812,PF,PF-U-A,Motu Mute,yes
BOC,MPBO,medium_airport,"Bocas del Toro ""Isla Colón"" International Airport",9.34085,-82.250801,PA,PA-1,Isla Colón,yes
BOD,LFBD,large_airport,Bordeaux–Mérignac Airport,44.82865,-0.715356,FR,FR-NAQ,Bordeaux,yes
BOG,SKBO,large_airport,El Dorado International Airport,4.70159,-74.1469,CO,CO-DC,Bogota,yes
BOH,EGHH,medium_airport,Bournemouth Airport,50.780483,-1.839576,GB,GB-ENG,Bournemouth,yes
BOI,KBOI,large_airport,Boise Air Terminal/Gowen Field,43.5644,-116.223,US,US-ID,Boise,yes
BOJ,LBBG,large_airport,Burgas Airport,42.569917,27.515173,BG,BG-02,Burgas,yes
BOM,VABB,large_airport,Chhatrapati Shivaji Maharaj International Airport,19.088699,72.867897,IN,IN-MM,Mumbai,yes
BON,TNCB,large_airport,Flamingo International Airport,12.131,-68.268501,BQ,BQ-BO,Kralendijk,yes
BOO,ENBO,large_airport,Bodø Airport,67.269203,14.3653,NO,NO-18,Bodø,yes
BOR,LA-0006,medium_airport,Bokeo International Airport,20.323986,100.165392,LA,LA-BK,Ton Phueng,yes
BOS,KBOS,large_airport,Boston Logan International Airport,42.36197,-71.0079,US,US-MA,Boston,yes
BOU,LFLD,medium_airport,Bourges airport,47.060158,2.369633,FR,FR-CVL,Bourges,no
BOY,DFOO,large_airport,Bobo Dioulasso Airport,11.1601,-4.33097,BF,BF-HOU,Bobo Dioulasso,yes
BPC,FKKV,medium_airport,Bamenda Airport,6.03924,10.1226,CM,CM-NW,Bamenda,no
BPE,ZBDH,medium_airport,Qinhuangdao Beidaihe Airport,39.666384,119.061384,CN,CN-13,Qinhuangdao (Changli),yes
BPG,SBBW,medium_airport,Barra do Garças Airport,-15.861417,-52.389008,BR,BR-MT,Barra do Garças,no
BPH,RPMF,medium_airport,Bislig Airport,8.195052,126.321015,PH,PH-SUR,Bislig,no
BPI,KBPI,medium_airport,Miley Memorial Field,42.58509827,-110.1110001,US,US-WY,Big Piney,no
BPL,ZWBL,medium_airport,Bole Alashankou Airport,44.895461,82.30007,CN,CN-65,Bole,yes
BPM,VOHY,medium_airport,Begumpet Airport,17.4531,78.467598,IN,IN-TG,Hyderabad,no
BPN,WALL,large_airport,Sultan Aji Muhammad Sulaiman Sepinggan International Airport,-1.268342,116.89452,ID,ID-KI,Balikpapan,yes
BPS,SBPS,large_airport,Porto Seguro International Airport,-16.438426,-39.080584,BR,BR-BA,Porto Seguro,yes
BPT,KBPT,medium_airport,Jack Brooks Regional Airport,29.9508,-94.020699,US,US-TX,Beaumont/Port Arthur,yes
BPX,ZUBD,medium_airport,Qamdo Bangda Airport,30.553600311279297,97.1082992553711,CN,CN-54,Bangda,yes
BPY,FMNQ,medium_airport,Besalampy Airport,-16.74453,44.482484,MG,MG-M,Besalampy,yes
BQA,RPUR,medium_airport,Dr. Juan C. Angara Airport,15.729309,121.500034,PH,PH-AUR,Baler,no
BQH,EGKB,medium_airport,London Biggin Hill Airport,51.33079910279999,0.0324999988079,GB,GB-ENG,London,no
BQK,KBQK,medium_airport,Brunswick Golden Isles Airport,31.258801,-81.466499,US,US-GA,Brunswick,yes
BQL,YBOU,medium_airport,Boulia Airport,-22.913299560546875,139.89999389648438,AU,AU-QLD,,yes
BQN,TJBQ,medium_airport,Rafael Hernández International Airport,18.4949,-67.129402,PR,PR-U-A,Aguadilla,yes
BQS,UHBB,medium_airport,Ignatyevo Airport,50.426723,127.415502,RU,RU-AMU,Blagoveschensk,yes
BQT,UMBB,large_airport,Brest International Airport,52.108138,23.89676,BY,BY-BR,Brest,yes
BQU,TVSB,medium_airport,J F Mitchell Airport,12.9884,-61.262001,VC,VC-06,Bequia,yes
BRC,SAZS,large_airport,Teniente Luis Candelaria International Airport,-41.151199,-71.157501,AR,AR-R,San Carlos de Bariloche,yes
BRD,KBRD,medium_airport,Brainerd Lakes Regional Airport,46.402861,-94.129727,US,US-MN,Brainerd,yes
BRE,EDDW,large_airport,Bremen Airport,53.046786,8.78932,DE,DE-HB,Bremen,yes
BRI,LIBD,large_airport,Bari Karol Wojtyła International Airport,41.138901,16.760599,IT,IT-75,Bari,yes
BRK,YBKE,medium_airport,Bourke Airport,-30.039199829101562,145.95199584960938,AU,AU-NSW,,yes
BRL,KBRL,medium_airport,Southeast Iowa Regional Airport,40.783199310302734,-91.12550354003906,US,US-IA,Burlington,yes
BRM,SVBM,large_airport,Jacinto Lara International Airport,10.042747,-69.35862,VE,VE-K,Barquisimeto,yes
BRN,LSZB,medium_airport,Bern Airport,46.912736,7.498819,CH,CH-BE,Bern,yes
BRO,KBRO,medium_airport,Brownsville South Padre Island International Airport,25.907238,-97.425235,US,US-TX,Brownsville,yes
BRQ,LKTB,medium_airport,Brno-Tuřany Airport,49.151276,16.693972,CZ,CZ-JM,Brno,yes
BRR,EGPR,medium_airport,Barra Airport,57.0228,-7.44306,GB,GB-SCT,Eoligarry,yes
BRS,EGGD,large_airport,Bristol Airport,51.382326,-2.716453,GB,GB-ENG,Bristol,yes
BRT,YBTI,medium_airport,Bathurst Island Airport,-11.764966,130.615774,AU,AU-NT,Wurrumiyanga,no
BRU,EBBR,large_airport,Brussels Airport,50.901402,4.48444,BE,BE-VBR,Zaventem,yes
BRW,PABR,medium_airport,Wiley Post Will Rogers Memorial Airport,71.285402,-156.766008,US,US-AK,Utqiaġvik,yes
BRX,MDBH,medium_airport,Maria Montez International Airport,18.25149917602539,-71.12039947509766,DO,DO-04,Barahona,yes
BSA,HCMF,large_airport,Bender Qassim International Airport,11.275235,49.139231,SO,SO-BR,Bosaso,yes
BSB,SBBR,large_airport,Presidente Juscelino Kubitschek International Airport,-15.869167,-47.920834,BR,BR-DF,Brasília,yes
BSC,SKBS,medium_airport,José Celestino Mutis Airport,6.20292,-77.3947,CO,CO-CHO,Bahía Solano,yes
BSD,ZPBS,medium_airport,Baoshan Yunrui Airport,25.053301,99.168297,CN,CN-53,Baoshan (Longyang),yes
BSG,FGBT,large_airport,Bata International Airport,1.90547,9.80568,GQ,GQ-LI,Bata,yes
BSJ,YBNS,medium_airport,Bairnsdale Airport,-37.887539,147.569379,AU,AU-VIC,Bairnsdale,no
BSK,DAUB,large_airport,Biskra - Mohamed Khider Airport,34.79318,5.738899,DZ,DZ-07,Biskra,yes
BSL,LFSB,large_airport,EuroAirport Basel–Mulhouse–Freiburg,47.60068,7.521117,FR,FR-GES,Bâle / Mulhouse,yes
BSO,RPUO,medium_airport,Basco Airport,20.4513,121.980003,PH,PH-BTN,Basco,yes
BSR,ORMM,large_airport,Basra International Airport,30.549101,47.662102,IQ,IQ-BA,Basra,yes
BSZ,UAFM,large_airport,Manas International Airport,43.061298,74.4776,KG,KG-C,Bishkek,yes
BTC,VCCB,medium_airport,Batticaloa International Airport,7.705073,81.677163,LK,LK-5,Batticaloa,yes
BTH,WIDD,large_airport,Hang Nadim International Airport,1.12103,104.119003,ID,ID-KR,Batam,yes
BTI,PABA,medium_airport,Barter Island Long Range Radar Station Airport,70.134003,-143.582001,US,US-AK,Barter Island,yes
BTJ,WITT,large_airport,Sultan Iskandar Muda International Airport,5.525087,95.41997,ID,ID-AC,Banda Aceh,yes
BTK,UIBB,medium_airport,Bratsk Airport,56.3696,101.701822,RU,RU-IRK,Bratsk,yes
BTL,KBTL,medium_airport,Battle Creek Executive Airport at Kellogg Field,42.307301,-85.251503,US,US-MI,Battle Creek,no
BTM,KBTM,medium_airport,Bert Mooney Airport,45.95479965209961,-112.49700164794922,US,US-MT,Butte,yes
BTR,KBTR,medium_airport,Baton Rouge Metropolitan Airport,30.533199,-91.149597,US,US-LA,Baton Rouge,yes
BTS,LZIB,large_airport,M. R. Štefánik Airport,48.1702,17.2127,SK,SK-BL,Bratislava,yes
BTU,WBGB,medium_airport,Bintulu Airport,3.12385010719,113.019996643,MY,MY-13,Bintulu,yes
BTV,KBTV,medium_airport,Patrick Leahy Burlington International Airport,44.471901,-73.153297,US,US-VT,Burlington,yes
BTZ,BTZ,medium_airport,Betong International Airport,5.79,101.15,TH,TH-95,Betong,no
BUA,AYBK,medium_airport,Buka Airport,-5.422299,154.672698,PG,PG-NSB,Buka Island,yes
BUD,LHBP,large_airport,Budapest Liszt Ferenc International Airport,47.43018,19.262393,HU,HU-BU,Budapest,yes
BUF,KBUF,large_airport,Buffalo Niagara International Airport,42.940498,-78.732201,US,US-NY,Buffalo,yes
BUG,FNBG,medium_airport,Benguela Airport,-12.609,13.4037,AO,AO-BGU,Benguela,no
BUJ,DAAD,medium_airport,Bou Saada Airport,35.3325,4.20639,DZ,DZ-28,Ouled Sidi Brahim,no
BUN,SKBU,medium_airport,Gerardo Tobar López Airport,3.81963,-76.9898,CO,CO-VAC,Buenaventura,yes
BUP,VIBT,medium_airport,Bhatinda Air Force Station,30.2701,74.755798,IN,IN-PB,,no
BUQ,FVBU,large_airport,Joshua Mqabuko Nkomo International Airport,-20.016284,28.622897,ZW,ZW-BU,Bulawayo,yes
BUR,KBUR,large_airport,Hollywood Burbank/Bob Hope Airport,34.202834,-118.35805,US,US-CA,Burbank,yes
BUS,UGSB,large_airport,Alexander Kartveli Batumi International Airport,41.60939,41.600315,GE,GE-AJ,Batumi,yes
BUX,FZKA,medium_airport,Bunia Airport,1.565743,30.220685,CD,CD-IT,Bunia,yes
BUZ,OIBB,medium_airport,Bushehr Airport,28.9447994232,50.8345985413,IR,IR-18,Bushehr,yes
BVA,LFOB,large_airport,Beauvais-Tillé airport,49.454399,2.11278,FR,FR-HDF,Beauvais,yes
BVB,SBBV,large_airport,Atlas Brasil Cantanhede International Airport,2.84615,-60.690648,BR,BR-RR,Boa Vista,yes
BVC,GVBA,large_airport,Aristides Pereira International Airport,16.136499,-22.888901,CV,CV-B,Rabil,yes
BVE,LFSL,medium_airport,Brive Souillac airport,45.039722,1.485556,FR,FR-NAQ,Brive,yes
BVG,ENBV,medium_airport,Berlevåg Airport,70.871517,29.034097,NO,NO-56,Berlevåg,yes
BVH,SBVH,medium_airport,Brigadeiro Camarão Airport,-12.6944,-60.098301,BR,BR-RO,Vilhena,yes
BVI,YBDV,medium_airport,Birdsville Airport,-25.897499084472656,139.34800720214844,AU,AU-QLD,,yes
BVJ,USDB,medium_airport,Bovanenkovo Airport,70.315278,68.333611,RU,RU-YAN,Bovanenkovo,yes
BVY,KBVY,medium_airport,Beverly Regional Airport,42.584202,-70.916496,US,US-MA,Beverly / Danvers,no
BWA,VNBW,large_airport,Gautam Buddha International Airport,27.504636,83.410381,NP,NP-P5,Siddharthanagar (Bhairahawa),yes
BWE,EDVE,medium_airport,Braunschweig-Wolfsburg Airport,52.319199,10.5561,DE,DE-NI,Braunschweig,no
BWF,EGNL,medium_airport,Barrow Walney Island Airport,54.1286111,-3.2675,GB,GB-ENG,Barrow-in-Furness,no
BWG,KBWG,medium_airport,Bowling Green Warren County Regional Airport,36.964500427199994,-86.41970062259999,US,US-KY,Bowling Green,no
BWH,WMKB,medium_airport,RMAF Butterworth Air Base,5.46592,100.390999,MY,MY-07,Butterworth,no
BWI,KBWI,large_airport,Baltimore/Washington International Thurgood Marshall Airport,39.1754,-76.668297,US,US-MD,Baltimore,yes
BWK,LDSB,medium_airport,Brač Airport,43.284454,16.678362,HR,HR-17,Gornji Humac,yes
BWN,WBSB,large_airport,Brunei International Airport,4.9442,114.928001,BN,BN-BM,Bandar Seri Begawan,yes
BWO,UWSB,medium_airport,Balakovo Airport,51.858299,47.745602,RU,RU-SAR,Balakovo,yes
BWQ,YBRW,medium_airport,Brewarrina Airport,-29.975792,146.81438,AU,AU-NSW,,no
BWT,YWYY,medium_airport,Wynyard Airport,-40.997039,145.726,AU,AU-TAS,Burnie,yes
BWU,YSBK,medium_airport,Sydney Bankstown Airport,-33.923618,150.990792,AU,AU-NSW,Sydney,no
BXB,WASO,medium_airport,Babo Airport,-2.53224,133.438995,ID,ID-PB,Babo,no
BXE,GOTB,medium_airport,Bakel Airport,14.847299575805664,-12.468299865722656,SN,SN-TC,Bakel,no
BXH,UAAH,medium_airport,Balkhash Airport,46.894246,75.004533,KZ,KZ-KAR,Balkhash,yes
BXR,OIKM,medium_airport,Bam Airport,29.0842,58.450001,IR,IR-08,Bam,yes
BXU,RPME,medium_airport,Bancasi Airport,8.9515,125.4788,PH,PH-BTC,Butuan,yes
BXY,UAOL,large_airport,Baikonur Krayniy International Airport,45.621994,63.210773,KZ,KZ-BAY,Baikonur,yes
BYC,SLYA,medium_airport,Yacuiba Airport,-21.960899353027344,-63.65169906616211,BO,BO-T,Yacuíba,no
BYH,KBYH,medium_airport,Arkansas International Airport,35.9642982483,-89.94400024410001,US,US-AR,Blytheville,no
BYI,KBYI,medium_airport,Burley Municipal Airport,42.542598724399994,-113.772003174,US,US-ID,Burley,no
BYJ,LPBJ,medium_airport,Beja Airport / Airbase,38.078899,-7.9324,PT,PT-02,Beja,no
BYK,DIBK,medium_airport,Bouaké Airport,7.7388,-5.07367,CI,CI-VB,Bouaké,yes
BYM,MUBY,medium_airport,Carlos Manuel de Cespedes Airport,20.3964,-76.621399,CU,CU-12,Bayamo,yes
BYN,ZMBH,medium_airport,Bayankhongor Airport,46.1633,100.704002,MN,MN-069,Bayankhongor,yes
BYS,KBYS,medium_airport,Bicycle Lake Army Air Field,35.2804985046,-116.629997253,US,US-CA,Fort Irwin/Barstow,no
BYU,EDQD,medium_airport,Bayreuth Airport,49.985001,11.64,DE,DE-BY,Bindlach,no
BZB,BZB,medium_airport,Bazaruto Island Airport,-21.5411,35.4729,MZ,MZ-I,Bazaruto Island,no
BZC,SBBZ,medium_airport,Umberto Modiano Airport,-22.770881,-41.96308,BR,BR-RJ,Cabo Frio,no
BZD,YBRN,medium_airport,Balranald Airport,-34.624834,143.577114,AU,AU-NSW,,no
BZE,MZBZ,large_airport,Philip S. W. Goldson International Airport,17.539951,-88.303556,BZ,BZ-BZ,Belize City,yes
BZG,EPBY,medium_airport,Ignacy Jan Paderewski Bydgoszcz Airport,53.096802,17.977699,PL,PL-KP,Bydgoszcz,yes
BZI,LTBF,medium_airport,Balıkesir Airport,39.619301,27.926001,TR,TR-10,Balıkesir,yes
BZK,UUBP,medium_airport,Bryansk International Airport,53.214403,34.175965,RU,RU-BRY,Bryansk,no
BZL,VGBR,medium_airport,Barisal Airport,22.801001,90.301201,BD,BD-A,Barisal,yes
BZN,KBZN,medium_airport,Bozeman Yellowstone International Airport,45.778853,-111.153711,US,US-MT,Bozeman,yes
BZO,LIPB,medium_airport,Bolzano Airport,46.459245,11.326125,IT,IT-32,Bolzano (BZ),yes
BZR,LFMU,medium_airport,Béziers Vias airport,43.323502,3.3539,FR,FR-OCC,Béziers,yes
BZU,FZKJ,medium_airport,Buta Zega Airport,2.818058,24.793997,CD,CD-BU,Buta,no
BZV,FCBB,large_airport,Maya-Maya International Airport,-4.2517,15.253,CG,CG-12,Brazzaville,yes
BZX,CN-0062,medium_airport,Bazhong Enyang Airport,31.73842,106.644872,CN,CN-51,Bazhong,yes
BZY,LUBL,medium_airport,Bălți-Leadoveni International Airport,47.837666,27.781108,MD,MD-RS,Bălți,no
BZZ,EGVN,medium_airport,RAF Brize Norton,51.75,-1.58362,GB,GB-ENG,"Carterton, Oxfordshire",no
CAB,FNCA,medium_airport,Cabinda Airport,-5.59839,12.188145,AO,AO-CAB,Cabinda,yes
CAC,SBCA,medium_airport,Coronel Adalberto Mendes da Silva Airport,-25.000323,-53.501208,BR,BR-PR,Cascavel,yes
CAE,KCAE,medium_airport,Columbia Metropolitan Airport,33.938172,-81.123022,US,US-SC,Columbia,yes
CAG,LIEE,large_airport,Cagliari Elmas Airport,39.251499,9.05428,IT,IT-88,Cagliari,yes
CAH,VVCM,medium_airport,Cà Mau Airport,9.177667,105.177778,VN,VN-SW,Ca Mau City,yes
CAI,HECA,large_airport,Cairo International Airport,30.111534,31.396694,EG,EG-C,Cairo,yes
CAJ,SVCN,medium_airport,Canaima Airport,6.231989,-62.85485,VE,VE-F,Canaima,yes
CAK,KCAK,medium_airport,Akron Canton Regional Airport,40.916099548339844,-81.44219970703125,US,US-OH,Akron,yes
CAL,EGEC,medium_airport,Campbeltown Airport,55.437199,-5.68639,GB,GB-SCT,Campbeltown,yes
CAN,ZGGG,large_airport,Guangzhou Baiyun International Airport,23.392401,113.299004,CN,CN-44,Guangzhou (Huadu),yes
CAP,MTCH,large_airport,Cap Haitien International Airport,19.725547,-72.20071,HT,HT-ND,Cap Haitien,yes
CAQ,SKCU,medium_airport,Juan H White Airport,7.96847,-75.1985,CO,CO-ANT,Caucasia,no
CAR,KCAR,medium_airport,Caribou Municipal Airport,46.871498,-68.017899,US,US-ME,Caribou,no
CAT,LPCS,medium_airport,Cascais Airport,38.724998,-9.35523,PT,PT-11,Cascais,yes
CAW,SBCP,medium_airport,Bartolomeu Lisandro Airport,-21.698299,-41.301701,BR,BR-RJ,Campos dos Goytacazes,yes
CAX,EGNC,medium_airport,Carlisle Lake District Airport,54.9375,-2.80917,GB,GB-ENG,"Carlisle, Cumbria",no
CAY,SOCA,large_airport,Cayenne – Félix Eboué Airport,4.819964,-52.361326,GF,GF-CY,Matoury,yes
CAZ,YCBA,medium_airport,Cobar Airport,-31.538299560546875,145.79400634765625,AU,AU-NSW,,yes
CBB,SLCB,large_airport,Jorge Wilsterman International Airport,-17.421105,-66.177102,BO,BO-C,Cochabamba,yes
CBD,VOCX,medium_airport,Car Nicobar Air Force Base,9.153056,92.819273,IN,IN-AN,IAF Camp,no
CBG,EGSC,medium_airport,Cambridge City Airport,52.205002,0.175,GB,GB-ENG,"Cambridge, Cambridgeshire",no
CBH,DAOR,medium_airport,Béchar Boudghene Ben Ali Lotfi Airport,31.645700454711914,-2.269860029220581,DZ,DZ-08,Béchar,yes
CBJ,MDCR,medium_airport,Cabo Rojo Airport,17.929000854492188,-71.6447982788086,DO,DO-16,Cabo Rojo,no
CBL,SVCB,medium_airport,General Tomas de Heres Airport,8.122161,-63.536957,VE,VE-F,Ciudad Bolivar,no
CBM,KCBM,medium_airport,Columbus Air Force Base,33.643799,-88.443802,US,US-MS,Columbus,no
CBO,RPMC,medium_airport,Cotabato (Awang) Airport,7.164753,124.209938,PH,PH-MDN,Datu Odin Sinsuat,yes
CBQ,DNCA,medium_airport,Margaret Ekpo International Airport,4.976019859313965,8.347200393676758,NG,NG-CR,Calabar,yes
CBR,YSCB,medium_airport,Canberra Airport,-35.3069,149.195007,AU,AU-ACT,Canberra,yes
CBT,FNCT,medium_airport,Catumbela Airport,-12.4792,13.4869,AO,AO-BGU,Catumbela,yes
CBV,MGCB,medium_airport,Coban Airport,15.469,-90.4067,GT,GT-AV,Coban,no
CCC,MUCC,medium_airport,Jardines Del Rey Airport,22.461000442499998,-78.32839965820001,CU,CU-08,Cayo Coco,yes
CCE,HECP,medium_airport,Capital International Airport,30.06465,31.839974,EG,EG-C,New Cairo,yes
CCF,LFMK,medium_airport,Carcassonne Salvaza Airport,43.216,2.30632,FR,FR-OCC,Carcassonne,yes
CCH,SCCC,medium_airport,Chile Chico Airport,-46.5831,-71.686323,CL,CL-AI,Chile Chico,no
CCJ,VOCL,large_airport,Calicut International Airport,11.135996,75.955152,IN,IN-KL,Calicut,yes
CCK,YPCC,large_airport,Cocos (Keeling) Islands Airport,-12.192218,96.834103,CC,CC-U-A,West Island,yes
CCL,YCCA,medium_airport,Chinchilla Airport,-26.771947,150.617571,AU,AU-QLD,Chinchilla,no
CCM,SBCM,medium_airport,Forquilhinha - Criciúma  Airport,-28.725743,-49.424475,BR,BR-SC,Criciúma,no
CCP,SCIE,large_airport,Carriel Sur International Airport,-36.77235,-73.062828,CL,CL-BI,Concepcion,yes
CCR,KCCR,medium_airport,Buchanan Field,37.9897,-122.056999,US,US-CA,Concord,yes
CCS,SVMI,large_airport,Maiquetía Simón Bolívar International Airport,10.602214,-66.991174,VE,VE-X,Maiquetía,yes
CCU,VECC,large_airport,Netaji Subhash Chandra Bose International Airport,22.654012,88.44765,IN,IN-WB,Kolkata,yes
CCY,KCCY,medium_airport,Northeast Iowa Regional Airport,43.0726013184,-92.6108016968,US,US-IA,Charles City,no
CCZ,MYBC,medium_airport,Chub Cay Airport,25.417101,-77.880898,BS,BS-NS,Chub Cay,yes
CDB,PACD,medium_airport,Cold Bay Airport,55.207871,-162.725029,US,US-AK,Cold Bay,yes
CDC,KCDC,medium_airport,Cedar City Regional Airport,37.70100021362305,-113.0989990234375,US,US-UT,Cedar City,yes
CDE,ZBCD,medium_airport,Chengde Puning Airport,41.1225,118.073889,CN,CN-13,Chengde,yes
CDG,LFPG,large_airport,Charles de Gaulle International Airport,49.00896,2.554117,FR,FR-IDF,"Paris (Roissy-en-France, Val-d'Oise)",yes
CDJ,SBAA,medium_airport,Conceição do Araguaia Airport,-8.34835,-49.301498,BR,BR-PA,Conceição do Araguaia,no
CDP,VOCP,medium_airport,Kadapa Airport,14.513154,78.769183,IN,IN-AP,Kadapa,yes
CDR,KCDR,medium_airport,Chadron Municipal Airport,42.837601,-103.095001,US,US-NE,Chadron,yes
CDS,KCDS,medium_airport,Childress Municipal Airport,34.4337997437,-100.288002014,US,US-TX,Childress,no
CDT,LECH,medium_airport,Castellón-Costa Azahar Airport,40.213889,0.073333,ES,ES-VC,Castellón de la Plana,yes
CDU,YSCN,medium_airport,Camden Airport,-34.038338,150.686406,AU,AU-NSW,Cobbitty,no
CDV,PACV,medium_airport,Merle K (Mudhole) Smith Airport,60.491798,-145.477997,US,US-AK,Cordova,yes
CEB,RPVM,large_airport,Mactan Cebu International Airport,10.309261,123.97974,PH,PH-CEB,Cebu City/Lapu-Lapu City,yes
CEC,KCEC,medium_airport,Jack Mc Namara Field Airport,41.778929,-124.236403,US,US-CA,Crescent City,yes
CED,YCDU,medium_airport,Ceduna Airport,-32.13059997558594,133.7100067138672,AU,AU-SA,,yes
CEE,ULWC,medium_airport,Cherepovets Airport,59.273601532,38.015800476100004,RU,RU-VLG,Cherepovets,yes
CEF,KCEF,medium_airport,Westover Metropolitan Airport / Westover Air Reserve Base,42.194,-72.534798,US,US-MA,Chicopee,no
CEG,EGNR,medium_airport,Hawarden Airport,53.178101,-2.97778,GB,GB-WLS,Broughton,no
CEI,VTCT,large_airport,Mae Fah Luang - Chiang Rai International Airport,19.952299,99.882896,TH,TH-57,Chiang Rai,yes
CEK,USCC,large_airport,Kurchatov Chelyabinsk International Airport,55.303141,61.504927,RU,RU-CHE,Chelyabinsk,yes
CEN,MMCN,medium_airport,Ciudad Obregón International Airport,27.39259910583496,-109.83300018310547,MX,MX-SON,Ciudad Obregón,yes
CEQ,LFMD,medium_airport,Cannes Mandelieu Airport,43.547998,6.955176,FR,FR-PAC,Cannes,no
CER,LFRC,medium_airport,Cherbourg Manche airport,49.650101,-1.47028,FR,FR-NOR,Cherbourg,no
CEW,KCEW,medium_airport,Bob Sikes Airport,30.778799057,-86.522102356,US,US-FL,Crestview,no
CEZ,KCEZ,medium_airport,Cortez Municipal Airport,37.303001,-108.627998,US,US-CO,Cortez,yes
CFE,LFLC,large_airport,Clermont-Ferrand Auvergne airport,45.786701,3.16917,FR,FR-ARA,Clermont-Ferrand,yes
CFG,MUCF,medium_airport,Jaime Gonzalez Airport,22.149999618530273,-80.41419982910156,CU,CU-06,Cienfuegos,yes
CFK,DAOI,large_airport,Chlef Aboubakr Belkaid International Airport,36.216614,1.341114,DZ,DZ-02,Chlef,yes
CFN,EIDL,medium_airport,Donegal Airport,55.0442008972168,-8.340999603271484,IE,IE-DL,Donegal,yes
CFR,LFRK,medium_airport,Caen Carpiquet airport,49.17678,-0.454883,FR,FR-NOR,Caen,yes
CFS,YCFS,medium_airport,Coffs Harbour Airport,-30.320601,153.115997,AU,AU-NSW,Coffs Harbour,yes
CFU,LGKR,large_airport,Corfu Ioannis Kapodistrias International Airport,39.60145,19.912179,GR,GR-F,Kerkyra (Corfu),yes
CGB,SBCY,large_airport,Várzea Grande–Marechal Rondon International Airport,-15.6529,-56.116699,BR,BR-MT,Cuiabá,yes
CGD,ZGCD,medium_airport,Changde Taohuayuan Airport,28.9189,111.639999,CN,CN-43,Changde (Dingcheng),yes
CGF,KCGF,medium_airport,Cuyahoga County Airport,41.5651016235,-81.4863967896,US,US-OH,Cleveland,no
CGH,SBSP,large_airport,Congonhas–Deputado Freitas Nobre Airport,-23.627657,-46.654601,BR,BR-SP,São Paulo,yes
CGI,KCGI,medium_airport,Cape Girardeau Regional Airport,37.2253,-89.570801,US,US-MO,Cape Girardeau,yes
CGJ,FLKE,medium_airport,Kasompe Airport,-12.5728,27.8939,ZM,ZM-08,Chingola,no
CGK,WIII,large_airport,Soekarno-Hatta International Airport,-6.12557,106.655998,ID,ID-BT,Jakarta,yes
CGM,RPMH,medium_airport,Camiguin Airport,9.253894,124.709115,PH,PH-CAM,Mambajao,yes
CGN,EDDK,large_airport,Cologne Bonn Airport,50.865898,7.14274,DE,DE-NW,Köln (Cologne),yes
CGO,ZHCC,large_airport,Zhengzhou Xinzheng International Airport,34.526497,113.849165,CN,CN-41,Zhengzhou,yes
CGP,VGEG,large_airport,Shah Amanat International Airport,22.249599,91.813301,BD,BD-B,Chattogram (Chittagong),yes
CGQ,ZYCC,large_airport,Changchun Longjia International Airport,43.996201,125.684998,CN,CN-22,Changchun,yes
CGR,SBCG,medium_airport,Campo Grande Airport,-20.469998,-54.673988,BR,BR-MS,Campo Grande,yes
CGY,RPMY,large_airport,Laguindingan International Airport,8.612203,124.456496,PH,PH-MSR,Laguindingan,yes
CHA,KCHA,medium_airport,Chattanooga Metropolitan Airport (Lovell Field),35.035301,-85.203796,US,US-TN,Chattanooga,yes
CHC,NZCH,large_airport,Christchurch International Airport,-43.489029,172.532065,NZ,NZ-CAN,Christchurch,yes
CHG,ZYCY,medium_airport,Chaoyang Airport,41.538101,120.434998,CN,CN-21,"Shuangta, Chaoyang",yes
CHH,SPPY,medium_airport,Chachapoyas Airport,-6.201911,-77.856195,PE,PE-AMA,Chachapoyas,yes
CHM,SPEO,medium_airport,FAP Lieutenant Jaime Andres de Montreuil Morales Airport,-9.14961,-78.523804,PE,PE-ANC,Chimbote,yes
CHO,KCHO,medium_airport,Charlottesville Albemarle Airport,38.13859939575195,-78.4529037475586,US,US-VA,Charlottesville,yes
CHQ,LGSA,large_airport,Chania International Airport,35.531207,24.150673,GR,GR-M,Souda,yes
CHR,LFLX,medium_airport,Châteauroux Déols airport,46.860221,1.728326,FR,FR-CVL,Châteauroux,no
CHS,KCHS,large_airport,Charleston International Airport,32.896159,-80.038151,US,US-SC,Charleston,yes
CHT,NZCI,medium_airport,Inia William Tuuta Memorial Airport,-43.81189,-176.46514,NZ,NZ-WGN,Te One,yes
CHX,MPCH,medium_airport,Changuinola Captain Manuel Niño International Airport,9.458962,-82.515062,PA,PA-1,Changuinola,yes
CIA,LIRA,large_airport,Ciampino–G. B. Pastine International Airport,41.798769,12.595331,IT,IT-62,Rome,yes
CID,KCID,medium_airport,The Eastern Iowa Airport,41.884701,-91.7108,US,US-IA,Cedar Rapids,yes
CIF,ZBCF,medium_airport,Chifeng Yulong Airport,42.159723,118.840971,CN,CN-15,Chifeng,yes
CIJ,SLCO,medium_airport,Capitán Aníbal Arab Airport,-11.039109,-68.782774,BO,BO-N,Cobija,yes
CIO,SGCO,medium_airport,Lieutenant Colonel Carmelo Peralta National Airport,-23.441609,-57.427039,PY,PY-1,Concepción,no
CIS,PCIS,medium_airport,Canton Island Airport,-2.7681200504300003,-171.710006714,KI,KI-P,Abariringa,no
CIT,UAII,large_airport,Shymkent International Airport,42.365021,69.47564,KZ,KZ-YUZ,Shymkent,yes
CIU,KCIU,medium_airport,Chippewa County International Airport,46.242038,-84.462082,US,US-MI,Kincheloe,yes
CIW,TVSC,medium_airport,Canouan Airport,12.699,-61.3424,VC,VC-06,Canouan,yes
CIX,SPHI,large_airport,Capitán FAP José A. Quiñones González International Airport,-6.789223,-79.828254,PE,PE-LAM,Chiclayo,yes
CIY,LICB,medium_airport,Comiso Airport,36.99583,14.60889,IT,IT-82,Comiso,yes
CJA,SPJR,medium_airport,Mayor General FAP Armando Revoredo Iglesias Airport,-7.13918,-78.489403,PE,PE-CAJ,Cajamarca,yes
CJB,VOCB,large_airport,Coimbatore International Airport,11.03,77.043404,IN,IN-TN,Coimbatore,yes
CJC,SCCF,medium_airport,El Loa Airport,-22.498199,-68.903603,CL,CL-AN,Calama,yes
CJJ,RKTU,large_airport,Cheongju International Airport/Cheongju Air Base (K-59/G-513),36.71556,127.500289,KR,KR-43,Cheongju,yes
CJL,OPCH,medium_airport,Chitral Airport,35.886213,71.799922,PK,PK-KP,Chitral,yes
CJM,VTSE,medium_airport,Chumphon Airport,10.7112,99.361702,TH,TH-86,Chumphon,yes
CJS,MMCS,large_airport,Abraham González International Airport,31.636673,-106.428533,MX,MX-CHH,Ciudad Juárez,yes
CJU,RKPC,large_airport,Jeju International Airport,33.512058,126.492548,KR,KR-49,Jeju City,yes
CKB,KCKB,medium_airport,North Central West Virginia Airport,39.2966,-80.228104,US,US-WV,Bridgeport,yes
CKC,UKKE,medium_airport,Cherkasy International Airport,49.4156,31.9953,UA,UA-71,Cherkasy,no
CKG,ZUCK,large_airport,Chongqing Jiangbei International Airport,29.712254,106.651895,CN,CN-50,Chongqing,yes
CKH,UESO,medium_airport,Chokurdakh Airport,70.6231,147.901993,RU,RU-SA,Chokurdah,yes
CKL,UUMU,medium_airport,Chkalovskiy Air Base,55.8783,38.061699,RU,RU-MOS,Moscow,no
CKS,SBCJ,medium_airport,Carajás Airport,-6.117841,-50.003372,BR,BR-PA,Parauapebas,yes
CKT,OIMC,medium_airport,Sarakhs Airport,36.501202,61.064899,IR,IR-09,Sarakhs,no
CKY,GUCY,large_airport,Ahmed Sékou Touré International Airport,9.57689,-13.612,GN,GN-C,Conakry,yes
CKZ,LTBH,medium_airport,Çanakkale Airport,40.1376991272,26.4267997742,TR,TR-17,Çanakkale,yes
CLD,KCRQ,medium_airport,McClellan-Palomar Airport,33.1283,-117.279999,US,US-CA,Carlsbad,yes
CLE,KCLE,large_airport,Cleveland Hopkins International Airport,41.411701,-81.8498,US,US-OH,Cleveland,yes
CLJ,LRCL,large_airport,Avram Iancu Cluj International Airport,46.786042,23.685733,RO,RO-CJ,Cluj-Napoca,yes
CLL,KCLL,medium_airport,Easterwood Field,30.5886,-96.3638,US,US-TX,College Station,yes
CLM,KCLM,medium_airport,William R Fairchild International Airport,48.120201,-123.5,US,US-WA,Port Angeles,no
CLN,SBCI,medium_airport,Brig. Lysias Augusto Rodrigues Airport,-7.32044,-47.458698,BR,BR-MA,Carolina,no
CLO,SKCL,large_airport,Alfonso Bonilla Aragon International Airport,3.542717,-76.381898,CO,CO-VAC,Cali,yes
CLQ,MMIA,medium_airport,Licenciado Miguel de la Madrid International Airport,19.277,-103.577002,MX,MX-COL,Colima,yes
CLT,KCLT,large_airport,Charlotte Douglas International Airport,35.2140007019043,-80.94309997558594,US,US-NC,Charlotte,yes
CLU,KBAK,medium_airport,Columbus Municipal Airport,39.262386,-85.895576,US,US-IN,Columbus,no
CLY,LFKC,medium_airport,Calvi Sainte Catherine Airport,42.530422,8.792984,FR,FR-COR,Calvi,yes
CLZ,SVCL,medium_airport,Calabozo Airport,8.924656,-67.417091,VE,VE-J,Guarico,no
CMA,YCMU,medium_airport,Cunnamulla Airport,-28.030000686645508,145.6219940185547,AU,AU-QLD,,yes
CMB,VCBI,large_airport,Bandaranaike International Colombo Airport,7.180759906768799,79.88410186767578,LK,LK-1,Colombo,yes
CMD,YCTM,medium_airport,Cootamundra Airport,-34.624283,148.036641,AU,AU-NSW,,no
CME,MMCE,medium_airport,Ciudad del Carmen International Airport,18.651516,-91.799355,MX,MX-CAM,Ciudad del Carmen,yes
CMF,LFLB,medium_airport,Chambéry Aix les Bains airport,45.6381,5.88023,FR,FR-ARA,Chambéry,yes
CMG,SBCR,medium_airport,Corumbá International Airport,-19.01193,-57.672772,BR,BR-MS,Corumbá,yes
CMH,KCMH,large_airport,John Glenn Columbus International Airport,39.998001,-82.891899,US,US-OH,Columbus,yes
CMI,KCMI,medium_airport,University of Illinois Willard Airport,40.039819,-88.276249,US,US-IL,Savoy,yes
CMN,GMMN,large_airport,Mohammed V International Airport,33.3675,-7.58997,MA,MA-06,Casablanca,yes
CMQ,YCMT,medium_airport,Clermont Airport,-22.7731,147.621002,AU,AU-QLD,,no
CMR,LFGA,medium_airport,Colmar Houssen airport,48.109901,7.35901,FR,FR-GES,Colmar,no
CMU,AYCH,medium_airport,Chimbu Airport,-6.024290084838867,144.9709930419922,PG,PG-CPK,Kundiawa,yes
CMW,MUCM,large_airport,Ignacio Agramonte International Airport,21.419909,-77.848039,CU,CU-09,Camaguey,yes
CMX,KCMX,medium_airport,Houghton County Memorial Airport,47.168399810791016,-88.48909759521484,US,US-MI,Hancock,yes
CNB,YCNM,medium_airport,Coonamble Airport,-30.980946,148.377833,AU,AU-NSW,,yes
CND,LRCK,large_airport,Mihail Kogălniceanu International Airport,44.362202,28.4883,RO,RO-CT,Constanța,yes
CNF,SBCF,large_airport,Tancredo Neves International Airport,-19.63571,-43.966928,BR,BR-MG,Belo Horizonte,yes
CNG,LFBG,medium_airport,Cognac-Châteaubernard (BA 709) Air Base,45.658298,-0.3175,FR,FR-NAQ,Cognac/Châteaubernard,no
CNJ,YCCY,medium_airport,Cloncurry Airport,-20.668600082399998,140.503997803,AU,AU-QLD,Cloncurry,yes
CNL,EKSN,medium_airport,Sindal Airport,57.503502,10.2294,DK,DK-81,Sindal,no
CNM,KCNM,medium_airport,Cavern City Air Terminal,32.337501525878906,-104.26300048828125,US,US-NM,Carlsbad,yes
CNN,VOKN,large_airport,Kannur International Airport,11.916343,75.544979,IN,IN-KL,Kannur,yes
CNP,BGCO,medium_airport,Neerlerit Inaat Airport,70.743103,-22.650499,GL,GL-SE,Neerlerit Inaat,yes
CNQ,SARC,medium_airport,Corrientes Airport,-27.4455,-58.7619,AR,AR-W,Corrientes,yes
CNR,SCRA,medium_airport,Chañaral Airport,-26.3325,-70.6073,CL,CL-AT,Chañaral,no
CNS,YBCS,large_airport,Cairns International Airport,-16.878921,145.74948,AU,AU-QLD,Cairns,yes
CNU,KCNU,medium_airport,Chanute Martin Johnson Airport,37.668173,-95.486727,US,US-KS,Chanute,no
CNX,VTCC,large_airport,Chiang Mai International Airport,18.766799926799997,98.962600708,TH,TH-50,Chiang Mai,yes
CNY,KCNY,medium_airport,Canyonlands Regional Airport,38.755001,-109.754997,US,US-UT,Moab,yes
COC,SAAC,medium_airport,Comodoro Pierrestegui Airport,-31.2969,-57.9966,AR,AR-E,Concordia,no
COD,KCOD,medium_airport,Yellowstone Regional Airport,44.520199,-109.024002,US,US-WY,Cody,yes
COE,KCOE,medium_airport,Coeur D'Alene Airport - Pappy Boyington Field,47.7743,-116.82,US,US-ID,Coeur d'Alene,no
COF,KCOF,medium_airport,Patrick Space Force Base,28.2349,-80.6101,US,US-FL,Cocoa Beach,no
COJ,YCBB,medium_airport,Coonabarabran Airport,-31.3325,149.266998,AU,AU-NSW,,no
COK,VOCI,large_airport,Cochin International Airport,10.151047,76.400838,IN,IN-KL,Kochi,yes
CON,KCON,medium_airport,Concord Municipal Airport,43.20270157,-71.50229645,US,US-NH,Concord,no
COO,DBBB,large_airport,Cotonou Cadjehoun International Airport,6.35723,2.38435,BJ,BJ-AQ,Cotonou,yes
COQ,ZMCD,medium_airport,Choibalsan Airport,48.135381,114.647231,MN,MN-061,,yes
COR,SACO,large_airport,Ingeniero Aeronáutico Ambrosio L.V. Taravella International Airport,-31.312346,-64.208329,AR,AR-X,Cordoba,yes
COS,KCOS,large_airport,City of Colorado Springs Municipal Airport,38.805801,-104.700996,US,US-CO,Colorado Springs,yes
COU,KCOU,medium_airport,Columbia Regional Airport,38.8181,-92.219597,US,US-MO,Columbia,yes
COV,LTDB,large_airport,Çukurova International Airport,36.891478,35.071235,TR,TR-33,Tarsus,yes
CPC,SAZY,medium_airport,Aviador C. Campos Airport,-40.075401,-71.137299,AR,AR-Q,Chapelco/San Martin de los Andes,yes
CPD,YCBP,medium_airport,Coober Pedy Airport,-29.038312,134.722166,AU,AU-SA,Coober Pedy,yes
CPE,MMCP,medium_airport,Ingeniero Alberto Acuña Ongay International Airport,19.815969,-90.500125,MX,MX-CAM,Campeche,yes
CPH,EKCH,large_airport,Copenhagen Kastrup Airport,55.617900848389,12.656000137329,DK,DK-84,Copenhagen,yes
CPO,SCAT,medium_airport,Desierto de Atacama Airport,-27.2612,-70.779198,CL,CL-AT,Copiapo,yes
CPR,KCPR,medium_airport,Casper-Natrona County International Airport,42.907381,-106.461609,US,US-WY,Casper,yes
CPT,FACT,large_airport,Cape Town International Airport,-33.97403,18.604333,ZA,ZA-WC,Cape Town,yes
CPV,SBKG,medium_airport,Presidente João Suassuna Airport,-7.269662,-35.896057,BR,BR-PB,Campina Grande,yes
CPX,TJCP,medium_airport,Benjamin Rivera Noriega Airport,18.312954,-65.303893,PR,PR-U-A,Culebra,yes
CQD,OIFS,medium_airport,Shahrekord Airport,32.2971992493,50.842201232899995,IR,IR-14,Shahrekord,no
CQF,LFAC,medium_airport,Calais Marck Airport,50.962101,1.95476,FR,FR-HDF,Calais,no
CQM,LERL,medium_airport,Ciudad Real International Airport,38.856479,-3.969944,ES,ES-CM,Ciudad Real,no
CQW,ZUWL,medium_airport,Chongqing Xiannüshan Airport,29.465658,107.693664,CN,CN-50,Wulong,yes
CRA,LRCV,large_airport,Craiova International Airport,44.3181,23.888599,RO,RO-DJ,Craiova,yes
CRC,SKGO,medium_airport,Santa Ana Airport,4.75818,-75.9557,CO,CO-VAC,Cartago,no
CRD,SAVC,large_airport,General Enrique Mosconi International Airport,-45.786941,-67.463355,AR,AR-U,Comodoro Rivadavia,yes
CRE,KCRE,medium_airport,Grand Strand Airport,33.8116989136,-78.72389984130001,US,US-SC,North Myrtle Beach,no
CRG,KCRG,medium_airport,Jacksonville Executive at Craig Airport,30.3362998962,-81.51439666750001,US,US-FL,Jacksonville,no
CRI,MYCI,medium_airport,Colonel Hill Airport,22.7456,-74.182404,BS,BS-CK,Colonel Hill,yes
CRK,RPLC,large_airport,Clark International Airport / Clark Air Base,15.186,120.559998,PH,PH-PAM,Mabalacat,yes
CRL,EBCI,large_airport,Brussels South Charleroi Airport,50.461963,4.459562,BE,BE-WHT,Charleroi,yes
CRM,RPVF,medium_airport,Catarman National Airport,12.50161,124.635258,PH,PH-NSA,Catarman,yes
CRP,KCRP,medium_airport,Corpus Christi International Airport,27.770399,-97.501198,US,US-TX,Corpus Christi,yes
CRQ,SBCV,medium_airport,Caravelas Airport,-17.6523,-39.253101,BR,BR-BA,Caravelas,no
CRV,LIBC,medium_airport,Crotone Sant'Anna Pythagoras Airport,38.9972,17.0802,IT,IT-78,Isola di Capo Rizzuto (KR),yes
CRW,KCRW,medium_airport,Yeager Airport,38.3731,-81.593201,US,US-WV,Charleston,yes
CRZ,UTAV,large_airport,Türkmenabat International Airport,38.930662,63.563982,TM,TM-L,Türkmenabat,yes
CSB,LRCS,medium_airport,Caransebeş Airport,45.420142,22.252507,RO,RO-CS,Caransebeş,no
CSF,LFPC,medium_airport,Creil Air Base,49.253502,2.51914,FR,FR-HDF,Creil,no
CSG,KCSG,medium_airport,Columbus Airport,32.516415,-84.939602,US,US-GA,Columbus,yes
CSK,GOGS,medium_airport,Cap Skirring Airport,12.39533,-16.748,SN,SN-ZG,Cap Skirring,yes
CSN,KCXP,medium_airport,Carson Airport,39.194331,-119.734312,US,US-NV,Carson City,no
CSV,KCSV,medium_airport,Crossville Memorial Airport Whitson Field,35.95131,-85.08499,US,US-TN,Crossville,no
CSW,MMSL,medium_airport,Cabo San Lucas International Airport,22.949072,-109.939479,MX,MX-BCS,Cabo San Lucas,yes
CSX,ZGHA,large_airport,Changsha Huanghua International Airport,28.189199,113.220001,CN,CN-43,Changsha (Changsha),yes
CSY,UWKS,medium_airport,Cheboksary Airport,56.090302,47.347301,RU,RU-CU,Cheboksary,yes
CTA,LICC,large_airport,Catania-Fontanarossa Airport,37.466801,15.0664,IT,IT-82,Catania,yes
CTB,KCTB,medium_airport,Cut Bank International Airport,48.608657,-112.378183,US,US-MT,Cut Bank,no
CTC,SANC,medium_airport,Coronel Felipe Varela International Airport,-28.593117,-65.7512,AR,AR-K,Catamarca,yes
CTD,MPCE,medium_airport,Alonso Valderrama Airport,7.98784,-80.409837,PA,PA-6,Chitré,yes
CTG,SKCG,large_airport,Rafael Nuñez International Airport,10.4424,-75.513,CO,CO-BOL,Cartagena,yes
CTL,YBCV,medium_airport,Charleville Airport,-26.4132995605,146.261993408,AU,AU-QLD,Charleville,yes
CTM,MMCM,medium_airport,Chetumal International Airport,18.504985,-88.328018,MX,MX-ROO,Chetumal,yes
CTN,YCKN,medium_airport,Cooktown Airport,-15.443649,145.183221,AU,AU-QLD,,yes
CTS,RJCC,large_airport,New Chitose Airport,42.774753,141.690414,JP,JP-01,Sapporo,yes
CTT,LFMQ,medium_airport,Le Castellet Airport,43.252499,5.78519,FR,FR-PAC,"Le Castellet, Var",no
CTU,ZUUU,large_airport,Chengdu Shuangliu International Airport,30.558257,103.945966,CN,CN-51,Chengdu (Shuangliu),yes
CUB,KCUB,medium_airport,Jim Hamilton L.B. Owens Airport,33.970500946,-80.9952011108,US,US-SC,Columbia,no
CUC,SKCC,medium_airport,Camilo Daza International Airport,7.92757,-72.5115,CO,CO-NSA,Cúcuta,yes
CUE,SECU,medium_airport,Mariscal Lamar Airport,-2.88947,-78.984398,EC,EC-A,Cuenca,yes
CUF,LIMZ,medium_airport,Cuneo International Airport,44.547458,7.623045,IT,IT-21,Levaldigi (CN),yes
CUK,BZ-CUK,medium_airport,Caye Caulker Airport,17.735015,-88.032862,BZ,BZ-BZ,Caye Caulker,yes
CUL,MMCL,large_airport,Bachigualato Federal International Airport,24.76504,-107.475228,MX,MX-SIN,Culiacán,yes
CUM,SVCU,medium_airport,Antonio José de Sucre Airport,10.450333,-64.13047,VE,VE-R,Cumaná,yes
CUN,MMUN,large_airport,Cancún International Airport,21.040817,-86.87347,MX,MX-ROO,Cancún,yes
CUP,SVCP,medium_airport,General Francisco Bermúdez Airport,10.660014,-63.261681,VE,VE-R,Carúpano,yes
CUQ,YCOE,medium_airport,Coen Airport,-13.761133,143.113311,AU,AU-QLD,Coen,yes
CUR,TNCC,large_airport,Hato International Airport,12.1889,-68.959801,CW,CW-U-A,Willemstad,yes
CUT,SAZW,medium_airport,Cutral-Co Airport,-38.939701,-69.264603,AR,AR-Q,Cutral-Co,no
CUU,MMCU,large_airport,General Roberto Fierro Villalobos International Airport,28.702649,-105.963764,MX,MX-CHH,Chihuahua,yes
CUZ,SPZO,large_airport,Alejandro Velasco Astete International Airport,-13.535699844400002,-71.9387969971,PE,PE-CUS,Cusco,yes
CVC,YCEE,medium_airport,Cleve Airport,-33.709702,136.505005,AU,AU-SA,,no
CVE,SKCV,medium_airport,Coveñas Airport,9.40092,-75.6913,CO,CO-SUC,Coveñas,no
CVG,KCVG,large_airport,Cincinnati Northern Kentucky International Airport,39.048801,-84.667801,US,US-KY,Cincinnati / Covington,yes
CVJ,MMCB,medium_airport,General Mariano Matamoros International Airport,18.833922,-99.261818,MX,MX-MOR,Temixco,no
CVM,MMCV,medium_airport,General Pedro Jose Mendez International Airport,23.7033,-98.956497,MX,MX-TAM,Ciudad Victoria,yes
CVN,KCVN,medium_airport,Clovis Municipal Airport,34.426594,-103.078794,US,US-NM,Clovis,yes
CVO,KCVO,medium_airport,Corvallis Municipal Airport,44.49720001,-123.2900009,US,US-OR,Corvallis,no
CVQ,YCAR,medium_airport,Carnarvon Airport,-24.884337,113.666393,AU,AU-WA,Carnarvon,yes
CVS,KCVS,medium_airport,Cannon Air Force Base,34.382801,-103.321999,US,US-NM,Clovis,no
CWA,KCWA,medium_airport,Central Wisconsin Airport,44.777448,-89.670238,US,US-WI,Mosinee,yes
CWB,SBCT,large_airport,Curitiba-Afonso Pena International Airport,-25.5285,-49.1758,BR,BR-PR,Curitiba,yes
CWC,UKLN,medium_airport,Chernivtsi International Airport,48.2593,25.980801,UA,UA-77,Chernivtsi,no
CWJ,ZPCW,medium_airport,Cangyuan Washan Airport,23.276331,99.373169,CN,CN-53,Lincang (Cangyuan),yes
CWL,EGFF,large_airport,Cardiff International Airport,51.396702,-3.34333,GB,GB-WLS,Cardiff,yes
CWT,YCWR,medium_airport,Cowra Airport,-33.846894,148.648007,AU,AU-NSW,,no
CWW,YCOR,medium_airport,Corowa Airport,-35.994701,146.356995,AU,AU-NSW,,no
CXA,SVCD,medium_airport,Caicara del Orinoco Airport,7.62551,-66.162804,VE,VE-F,,no
CXB,VGCB,medium_airport,Cox's Bazar Airport,21.457517,91.963263,BD,BD-B,Cox's Bazar,yes
CXI,PLCH,large_airport,Cassidy International Airport,1.986278,-157.350011,KI,KI-L,Kiritimati,yes
CXJ,SBCX,medium_airport,Hugo Cantergiani Regional Airport,-29.197183,-51.187647,BR,BR-RS,Caxias Do Sul,yes
CXO,KCXO,medium_airport,Conroe-North Houston Regional Airport,30.351801,-95.414497,US,US-TX,Houston,no
CXP,WAHL,medium_airport,Tunggul Wulung Airport,-7.64506,109.033997,ID,ID-JT,Cilacap,yes
CXR,VVCR,large_airport,Cam Ranh International Airport / Cam Ranh Air Base,11.9982,109.219002,VN,VN-SCC,Nha Trang/nha Trang aiurportCam Ranh,yes
CYA,MTCA,medium_airport,Antoine-Simon International Airport,18.271099,-73.7883,HT,HT-SD,Les Cayes,yes
CYB,MWCB,medium_airport,Charles Kirkconnell International Airport,19.687,-79.882797,KY,KY-CB,West End,yes
CYC,BZ-CYC,medium_airport,Caye Chapel Airport,17.683792,-88.044985,BZ,BZ-BZ,Caye Chapel,yes
CYG,YCRG,medium_airport,Corryong Airport,-36.18280029296875,147.88800048828125,AU,AU-VIC,,no
CYI,RCKU,medium_airport,Chiayi Airport,23.462577,120.390544,TW,TW-CYQ,Shuishang,yes
CYO,MUCL,medium_airport,Vilo Acuña International Airport,21.6165008545,-81.5459976196,CU,CU-99,Cayo Largo del Sur,yes
CYP,RPVC,medium_airport,Calbayog Airport,12.072574,124.54508,PH,PH-WSA,Calbayog City,yes
CYS,KCYS,medium_airport,Cheyenne Regional Jerry Olson Field,41.155701,-104.811997,US,US-WY,Cheyenne,yes
CYW,MMCY,medium_airport,Captain Rogelio Castillo National Airport,20.545998,-100.886539,MX,MX-GUA,Celaya,no
CYX,UESS,medium_airport,Cherskiy Airport,68.740601,161.337997,RU,RU-SA,Cherskiy,yes
CYZ,RPUY,medium_airport,Cauayan Airport,16.9298992157,121.752998352,PH,PH-ISA,Cauayan City,yes
CZE,SVCR,medium_airport,José Leonardo Chirinos Airport,11.414944,-69.680901,VE,VE-I,Coro,yes
CZF,PACZ,medium_airport,Cape Romanzof LRRS Airport,61.78030014,-166.0390015,US,US-AK,Cape Romanzof,no
CZH,BZ-CZH,medium_airport,Corozal Airport,18.3822,-88.411903,BZ,BZ-CZL,Corozal,yes
CZL,DABC,large_airport,Mohamed Boudiaf International Airport,36.276001,6.62039,DZ,DZ-25,Constantine,yes
CZM,MMCZ,large_airport,Cozumel International Airport,20.514922,-86.928538,MX,MX-ROO,Cozumel,yes
CZS,SBCZ,medium_airport,Cruzeiro do Sul Airport,-7.59991,-72.769501,BR,BR-AC,Cruzeiro Do Sul,yes
CZU,SKCZ,medium_airport,Las Brujas Airport,9.33274,-75.2856,CO,CO-SUC,Corozal,yes
CZX,ZSCG,medium_airport,Changzhou Benniu International Airport,31.920485,119.77546,CN,CN-32,Changzhou,yes
DAA,KDAA,medium_airport,Davison Army Air Field,38.715000152600005,-77.1809997559,US,US-VA,Fort Belvoir,no
DAB,KDAB,medium_airport,Daytona Beach International Airport,29.18255,-81.059464,US,US-FL,Daytona Beach,yes
DAC,VGHS,large_airport,Hazrat Shahjalal International Airport,23.843347,90.397783,BD,BD-C,Dhaka,yes
DAD,VVDN,large_airport,Da Nang International Airport,16.0439,108.198997,VN,VN-SCC,Da Nang,yes
DAG,KDAG,medium_airport,Barstow Daggett Airport,34.85369873,-116.7870026,US,US-CA,Daggett,no
DAL,KDAL,large_airport,Dallas Love Field,32.844776,-96.847653,US,US-TX,Dallas,yes
DAM,OSDI,large_airport,Damascus International Airport,33.4114990234375,36.51559829711914,SY,SY-DI,Damascus,yes
DAN,KDAN,medium_airport,Danville Regional Airport,36.572899,-79.336098,US,US-VA,Danville,no
DAR,HTDA,large_airport,Julius Nyerere International Airport,-6.873499,39.207288,TZ,TZ-02,Dar es Salaam,yes
DAT,ZBDT,large_airport,Datong Yungang International Airport,40.06139,113.480509,CN,CN-14,Datong,yes
DAU,AYDU,medium_airport,Daru Airport,-9.08676,143.207993,PG,PG-WPD,Daru,yes
DAV,MPDA,medium_airport,Enrique Malek International Airport,8.388983,-82.436425,PA,PA-4,David,yes
DAY,KDAY,medium_airport,James M. Cox Dayton International Airport,39.902401,-84.219398,US,US-OH,Dayton,yes
DBB,HEAL,large_airport,El Alamein International Airport,30.924324,28.46161,EG,EG-MT,El Alamein,yes
DBC,ZYBA,medium_airport,Baicheng Chang'an Airport,45.505278,123.019722,CN,CN-22,Baicheng,yes
DBD,VEDB,medium_airport,Dhanbad Airport,23.834,86.425301,IN,IN-BR,,no
DBO,YSDU,medium_airport,Dubbo City Regional Airport,-32.2167015076,148.574996948,AU,AU-NSW,Dubbo,yes
DBQ,KDBQ,medium_airport,Dubuque Regional Airport,42.402,-90.709503,US,US-IA,Dubuque,yes
DBR,VEDH,medium_airport,Darbhanga Airport,26.192801,85.916901,IN,IN-BR,Darbhanga,yes
DBV,LDDU,large_airport,Dubrovnik Ruđer Bošković Airport,42.562247,18.265543,HR,HR-19,Dubrovnik,yes
DCA,KDCA,large_airport,Ronald Reagan Washington National Airport,38.8521,-77.037697,US,US-DC,Washington,yes
DCF,TDCF,medium_airport,Canefield Airport,15.336693,-61.392108,DM,DM-10,Canefield,yes
DCI,LIED,medium_airport,Decimomannu Air Base,39.354198,8.97248,IT,IT-88,Decimomannu,no
DCM,LFCK,medium_airport,Castres Mazamet Airport,43.556301,2.28918,FR,FR-OCC,Castres,yes
DCN,YCIN,medium_airport,RAAF Base Curtin,-17.581389,123.828333,AU,AU-WA,Derby,no
DCT,MYRD,medium_airport,Duncan Town Airport,22.181801,-75.7295,BS,BS-RI,Duncan Town,no
DCY,ZUDC,medium_airport,Daocheng Yading Airport,29.31632,100.060317,CN,CN-51,Garzê (Daocheng),yes
DDC,KDDC,medium_airport,Dodge City Regional Airport,37.76340103149414,-99.9655990600586,US,US-KS,Dodge City,yes
DDG,ZYDD,medium_airport,Dandong Langtou International Airport,40.025453,124.28669,CN,CN-21,Dandong (Zhenxing),yes
DDR,CN-0236,medium_airport,Shigatse Tingri Airport,28.604567,86.798,CN,CN-54,Xigazê (Dingri),yes
DEA,OPDG,medium_airport,Dera Ghazi Khan Airport,29.961000442504883,70.48590087890625,PK,PK-PB,Dera Ghazi Khan,yes
DEB,LHDC,large_airport,Debrecen International Airport,47.489469,21.616278,HU,HU-HB,Debrecen,yes
DEC,KDEC,medium_airport,Decatur Airport,39.834598541259766,-88.8656997680664,US,US-IL,Decatur,yes
DED,VIDN,medium_airport,Dehradun Jolly Grant Airport,30.189243,78.176651,IN,IN-UT,Dehradun (Jauligrant),yes
DEF,OIAD,medium_airport,Dezful Airport,32.434399,48.397598,IR,IR-06,Dezful,yes
DEJ,ZUDJ,medium_airport,Tongren Dejiang Airport (Under Construction),28.121,108.1631,CN,CN-52,Tongren,no
DEL,VIDP,large_airport,Indira Gandhi International Airport,28.55563,77.09519,IN,IN-DL,New Delhi,yes
DEN,KDEN,large_airport,Denver International Airport,39.860027,-104.673792,US,US-CO,Denver,yes
DET,KDET,medium_airport,Coleman A. Young Municipal Airport,42.40919876,-83.00990295,US,US-MI,Detroit,no
DEZ,OSDZ,medium_airport,Deir ez-Zor Airport,35.2854,40.175999,SY,SY-DY,Deir ez-Zor,no
DFW,KDFW,large_airport,Dallas Fort Worth International Airport,32.896801,-97.038002,US,US-TX,Dallas-Fort Worth,yes
DGA,BZ-DGA,medium_airport,Dangriga Airport,16.98251,-88.230988,BZ,BZ-SC,Dangriga,yes
DGE,YMDG,medium_airport,Mudgee Airport,-32.564794,149.609452,AU,AU-NSW,Mudgee,no
DGO,MMDO,medium_airport,General Guadalupe Victoria International Airport,24.125468,-104.527938,MX,MX-DUR,Durango,yes
DGT,RPVD,medium_airport,Sibulan Airport,9.334183,123.30191,PH,PH-NER,Dumaguete City,yes
DHA,OEDR,large_airport,King Abdulaziz Air Base,26.2654,50.152,SA,SA-04,Dhahran,no
DHF,OMAM,medium_airport,Al Dhafra Air Base,24.248199462900004,54.547698974599996,AE,AE-AZ,,no
DHH,ZWLK,medium_airport,Barkol Dahe Airport,43.756544,93.137164,CN,CN-65,Barkol,no
DHM,VIGG,medium_airport,Kangra Airport,32.164902,76.263018,IN,IN-HP,Kangra,yes
DHN,KDHN,medium_airport,Dothan Regional Airport,31.321300506591797,-85.44960021972656,US,US-AL,Dothan,yes
DHR,EHKD,medium_airport,De Kooy Airfield / Den Helder Naval Air Station,52.923401,4.78062,NL,NL-NH,Den Helder,no
DHT,KDHT,medium_airport,Dalhart Municipal Airport,36.0225982666,-102.54699707,US,US-TX,Dalhart,no
DHX,ID-0277,medium_airport,Dhoho International Airport,-7.749527,111.946831,ID,ID-JI,Kediri,yes
DIA,OTBD,large_airport,Doha International Airport,25.259431,51.565528,QA,QA-DA,Doha,yes
DIB,VEMN,medium_airport,Dibrugarh Airport,27.4839000702,95.0168991089,IN,IN-AS,Dibrugarh,yes
DIE,FMNA,medium_airport,Arrachart Airport,-12.3494,49.291698,MG,MG-D,Antisiranana,yes
DIG,ZPDQ,medium_airport,Diqing Shangri-La Airport,27.7936,99.6772,CN,CN-53,Diqing (Shangri-La),yes
DIJ,LFSD,medium_airport,Dijon Longvic airport,47.268902,5.09,FR,FR-BFC,Dijon,no
DIK,KDIK,medium_airport,Dickinson Theodore Roosevelt Regional Airport,46.797533,-102.801905,US,US-ND,Dickinson,yes
DIL,WPDL,large_airport,Presidente Nicolau Lobato International Airport,-8.546562,125.524507,TL,TL-DI,Dili,yes
DIN,VVDB,medium_airport,Dien Bien Phu Airport,21.3974990845,103.008003235,VN,VN-NW,Dien Bien Phu,yes
DIR,HADR,large_airport,Aba Tenna Dejazmach Yilma International Airport,9.623549,41.855027,ET,ET-DD,Dire Dawa,yes
DIS,FCPL,medium_airport,Ngot Nzoungou Airport,-4.20635,12.6599,CG,CG-9,Dolisie,no
DIY,LTCC,medium_airport,Diyarbakır Airport,37.893902,40.201,TR,TR-21,Diyarbakır,yes
DJE,DTTJ,large_airport,Djerba Zarzis International Airport,33.873719,10.7773,TN,TN-82,Mellita,yes
DJG,DAAJ,large_airport,Tiska Djanet Airport,24.285448,9.463652,DZ,DZ-56,Djanet,yes
DJJ,WAJJ,large_airport,Dortheys Hiyo Eluay International Airport,-2.579627,140.519857,ID,ID-PA,Sentani,yes
DJO,DIDL,medium_airport,Daloa Airport,6.79281,-6.47319,CI,CI-SM,,no
DJT,KPBI,large_airport,President Donald J. Trump International Airport,26.683201,-80.095596,US,US-FL,West Palm Beach,yes
DKA,DN57,medium_airport,Umaru Musa Yar'adua Airport,13.0078,7.66045,NG,NG-KT,Katsina,yes
DKR,GOOY,large_airport,Léopold Sédar Senghor International Airport,14.742337,-17.479222,SN,SN-DK,Dakar,no
DKS,UODD,medium_airport,Dikson Airport,73.517807,80.379669,RU,RU-KYA,Dikson,no
DLA,FKKD,large_airport,Douala International Airport,4.00608,9.71948,CM,CM-LT,Douala,yes
DLC,ZYTL,large_airport,Dalian Zhoushuizi International Airport,38.965719,121.538477,CN,CN-21,Dalian (Ganjingzi),yes
DLE,LFGJ,medium_airport,Dole Tavaux Airport,47.038955,5.427589,FR,FR-BFC,Dole,yes
DLF,KDLF,medium_airport,Laughlin Air Force Base,29.359501,-100.778002,US,US-TX,Del Rio,no
DLG,PADL,medium_airport,Dillingham Airport,59.04470062,-158.5050049,US,US-AK,Dillingham,yes
DLH,KDLH,medium_airport,Duluth International Airport,46.841873,-92.198746,US,US-MN,Duluth,yes
DLI,VVDL,medium_airport,Lien Khuong Airport,11.750556,108.366997,VN,VN-CH,Da Lat,yes
DLM,LTBS,large_airport,Dalaman International Airport,36.7131,28.7925,TR,TR-48,Dalaman,yes
DLS,KDLS,medium_airport,Columbia Gorge Regional Airport,45.620979,-121.170777,US,US-OR,Dallesport / The Dalles,no
DLU,ZPDL,medium_airport,Dali Fengyi Airport,25.649401,100.319,CN,CN-53,Dali (Xiaguan),yes
DLZ,ZMDZ,medium_airport,Dalanzadgad Airport,43.608628,104.367734,MN,MN-053,Dalanzadgad,yes
DMA,KDMA,medium_airport,Davis Monthan Air Force Base,32.1665000916,-110.883003235,US,US-AZ,Tucson,no
DMB,UADD,large_airport,Taraz International Airport,42.8536,71.303596,KZ,KZ-ZHA,Taraz,yes
DME,UUDD,large_airport,Domodedovo International Airport,55.408798,37.9063,RU,RU-MOS,Moscow,yes
DMK,VTBD,large_airport,Don Mueang International Airport,13.9126,100.607002,TH,TH-10,Bangkok,yes
DMM,OEDF,large_airport,King Fahd International Airport,26.4691,49.798209,SA,SA-04,Ad Dammam,yes
DMN,KDMN,medium_airport,Deming Municipal Airport,32.262298584,-107.721000671,US,US-NM,Deming,no
DMU,VEMR,medium_airport,Dimapur Airport,25.883899688699998,93.77110290530001,IN,IN-NL,Dimapur,yes
DNA,RODN,large_airport,Kadena Air Base,26.351667,127.769444,JP,JP-47,Okinawa,no
DND,EGPN,medium_airport,Dundee Airport,56.452499,-3.02583,GB,GB-SCT,Dundee,yes
DNH,ZLDH,large_airport,Dunhuang Mogao International Airport,40.161953,94.812827,CN,CN-62,Dunhuang,yes
DNK,UKDD,medium_airport,Dnipro International Airport,48.357201,35.100601,UA,UA-12,Dnipro,no
DNL,KDNL,medium_airport,Daniel Field,33.4664993286,-82.0393981934,US,US-GA,Augusta,no
DNQ,YDLQ,medium_airport,Deniliquin Airport,-35.5593986511,144.945999146,AU,AU-NSW,Deniliquin,no
DNR,LFRD,medium_airport,Dinard Pleurtuit Saint-Malo airport,48.5877,-2.07996,FR,FR-BRE,Dinard,no
DNZ,LTAY,medium_airport,Çardak Airport,37.7855987549,29.7012996674,TR,TR-20,Denizli,yes
DOD,HTDO,medium_airport,Dodoma Airport,-6.170559,35.756036,TZ,TZ-03,Dodoma,yes
DOG,HSDN,medium_airport,Dongola Airport,19.153666,30.430069,SD,SD-01,Dongola,yes
DOH,OTHH,large_airport,Hamad International Airport,25.273056,51.608056,QA,QA-DA,Doha,yes
DOL,LFRG,medium_airport,Deauville Normandie airport,49.365237,0.154481,FR,FR-NOR,Deauville,yes
DOM,TDPD,medium_airport,Douglas-Charles Airport,15.546673,-61.301082,DM,DM-02,Marigot,yes
DOV,KDOV,medium_airport,Dover Civil Air Terminal/Dover Air Force Base,39.129501,-75.466003,US,US-DE,Dover,yes
DOY,ZSDY,medium_airport,Dongying Shengli Airport,37.50137,118.789863,CN,CN-37,Dongying (Kenli),yes
DPA,KDPA,medium_airport,Dupage Airport,41.90779877,-88.24859619,US,US-IL,Chicago/West Chicago,no
DPL,RPMG,medium_airport,Dipolog Airport,8.601983,123.341875,PH,PH-ZAN,Dipolog,yes
DPO,YDPO,medium_airport,Devonport Airport,-41.1697006226,146.429992676,AU,AU-TAS,Devonport,yes
DPS,WADD,large_airport,Denpasar I Gusti Ngurah Rai International Airport,-8.748409,115.167123,ID,ID-BA,"Kuta, Badung",yes
DQM,OM-0003,large_airport,Duqm International Airport,19.501944,57.634167,OM,OM-WU,Duqm,yes
DRA,KDRA,medium_airport,Desert Rock Airport,36.6194,-116.032997,US,US-NV,Mercury,no
DRB,YDBY,medium_airport,Derby Airport,-17.37193,123.66221,AU,AU-WA,Derby,no
DRG,PADE,medium_airport,Deering Airport,66.068901,-162.766914,US,US-AK,Deering,yes
DRI,KDRI,medium_airport,Beauregard Regional Airport,30.831699,-93.339897,US,US-LA,DeRidder,no
DRN,YDBI,medium_airport,Dirranbandi Airport,-28.587912,148.217161,AU,AU-QLD,,no
DRO,KDRO,medium_airport,Durango La Plata County Airport,37.151501,-107.753998,US,US-CO,Durango,yes
DRP,RPLK,large_airport,Bicol International Airport,13.111915,123.676829,PH,PH-ALB,Legazpi,yes
DRS,EDDC,large_airport,Dresden Airport,51.134123,13.767831,DE,DE-SN,Dresden,yes
DRT,KDRT,medium_airport,Del Rio International Airport,29.3742008209,-100.927001953,US,US-TX,Del Rio,no
DRW,YPDN,large_airport,Darwin International Airport / RAAF Darwin,-12.41497,130.88185,AU,AU-NT,Darwin,yes
DSI,KDTS,medium_airport,Destin Executive Airport,30.400101,-86.471497,US,US-FL,Destin,yes
DSK,OPDI,medium_airport,Dera Ismael Khan Airport [IN-ACTIVE],31.909401,70.896599,PK,PK-KP,Dera Ismael Khan,no
DSM,KDSM,large_airport,Des Moines International Airport,41.534027,-93.656719,US,US-IA,Des Moines,yes
DSN,ZBDS,large_airport,Ordos Ejin Horo International Airport,39.493514,109.8599,CN,CN-15,Ordos,yes
DSO,ZKSD,medium_airport,Sondok Airport,39.745201,127.473999,KP,KP-08,Sŏndŏng-ni,yes
DSS,GOBD,large_airport,Blaise Diagne International Airport,14.670878,-17.072829,SN,SN-DK,Dakar,yes
DSY,KH-0001,large_airport,Dara Sakor International Airport,10.914244,103.226652,KH,KH-9,Ta Noun,yes
DTE,RPUD,medium_airport,Daet Airport,14.1292,122.980003,PH,PH-CAN,Daet,no
DTM,EDLW,large_airport,Dortmund Airport,51.518299,7.61224,DE,DE-NW,Dortmund,yes
DTU,ZYDU,medium_airport,Wudalianchi Dedu Airport,48.441037,126.128374,CN,CN-23,Heihe,yes
DTW,KDTW,large_airport,Detroit Metropolitan Wayne County Airport,42.21377,-83.353786,US,US-MI,Detroit,yes
DUA,KDUA,medium_airport,Durant Regional Airport - Eaker Field,33.939675,-96.395072,US,US-OK,Durant,no
DUB,EIDW,large_airport,Dublin Airport,53.428713,-6.262121,IE,IE-D,Dublin,yes
DUD,NZDN,medium_airport,Dunedin International Airport,-45.929017,170.197758,NZ,NZ-OTA,Dunedin,yes
DUE,FNDU,medium_airport,Dundo Airport,-7.400889873504639,20.818500518798828,AO,AO-LNO,Chitato,yes
DUG,KDUG,medium_airport,Bisbee Douglas International Airport,31.464139,-109.60456,US,US-AZ,Douglas Bisbee,no
DUJ,KDUJ,medium_airport,DuBois Regional Airport,41.17829895,-78.8986969,US,US-PA,Dubois,yes
DUM,WIBD,medium_airport,Pinang Kampai Airport,1.609026,101.433493,ID,ID-RI,Dumai,yes
DUR,FALE,large_airport,King Shaka International Airport,-29.6144444444,31.1197222222,ZA,ZA-NL,Durban,yes
DUS,EDDL,large_airport,Düsseldorf Airport,51.289501,6.76678,DE,DE-NW,Düsseldorf,yes
DUT,PADU,medium_airport,Tom Madsen (Dutch Harbor) Airport,53.89881,-166.544996,US,US-AK,Unalaska,yes
DVL,KDVL,medium_airport,Devils Lake Regional Airport,48.115454,-98.908796,US,US-ND,Devils Lake,yes
DVO,RPMD,large_airport,Francisco Bangoy International Airport,7.12552,125.646004,PH,PH-DVO,Davao,yes
DWA,FWDW,medium_airport,Dwangwa Airport,-12.517527,34.131877,MW,MW-NK,Dwangwa,no
DWC,OMDW,large_airport,Al Maktoum International Airport,24.896171,55.16235,AE,AE-DU,Dubai(Jebel Ali),yes
DWD,OEDM,medium_airport,Dawadmi Domestic Airport,24.4499,44.121201,SA,SA-01,Dawadmi,yes
DXB,OMDB,large_airport,Dubai International Airport,25.24979,55.370992,AE,AE-DU,Dubai,yes
DXN,IN-0392,large_airport,Noida International Airport,28.179868,77.611843,IN,IN-UP,Gautam Buddha Nagar,yes
DXR,KDXR,medium_airport,Danbury Municipal Airport,41.371656,-73.482227,US,US-CT,Danbury,no
DYA,YDYS,medium_airport,Dysart Airport,-22.6222,148.363998,AU,AU-QLD,,no
DYG,ZGDY,large_airport,Zhangjiajie Hehua International Airport,29.104749,110.442786,CN,CN-43,Zhangjiajie (Yongding),yes
DYR,UHMA,medium_airport,Ugolny Yuri Ryktheu Airport,64.734902,177.740997,RU,RU-CHU,Anadyr,yes
DYS,KDYS,medium_airport,Dyess Air Force Base,32.420799,-99.854599,US,US-TX,Abilene,no
DYU,UTDD,large_airport,Dushanbe International Airport,38.543746,68.822977,TJ,TJ-DU,Dushanbe,yes
DZA,FMCZ,large_airport,Dzaoudzi Pamandzi International Airport,-12.809319,45.281815,YT,YT-U-A,Dzaoudzi,yes
DZH,ZUDA,medium_airport,Dazhou Jinya Airport,31.048815,107.435646,CN,CN-51,Dazhou (Dachuan),yes
DZN,UAKD,large_airport,Zhezkazgan National Airport,47.708953,67.738094,KZ,KZ-ULY,Zhezkazgan,yes
DZO,SUDU,medium_airport,Santa Bernardina International Airport,-33.358898,-56.499199,UY,UY-DU,Durazno,no
EAM,OENG,medium_airport,Najran Domestic Airport,17.611401,44.419201,SA,SA-10,Najran,yes
EAR,KEAR,medium_airport,Kearney Regional Airport,40.727001,-99.006798,US,US-NE,Kearney,yes
EAS,LESO,medium_airport,San Sebastián Airport,43.356499,-1.79061,ES,ES-PV,Hondarribia,yes
EAT,KEAT,medium_airport,Pangborn Memorial Airport,47.398899,-120.207001,US,US-WA,Wenatchee,yes
EAU,KEAU,medium_airport,Chippewa Valley Regional Airport,44.86579895019531,-91.48429870605469,US,US-WI,Eau Claire,yes
EBA,LIRJ,medium_airport,Marina di Campo Airport,42.760871,10.239811,IT,IT-52,Campo nell'Elba (LI),yes
EBB,HUEN,large_airport,Entebbe International Airport,0.042386,32.443501,UG,UG-C,Entebbe,yes
EBD,HSOB,medium_airport,El-Obeid Airport,13.1532,30.2327,SD,SD-09,El-Obeid,yes
EBG,SKEB,medium_airport,El Bagre Airport,7.59647,-74.8089,CO,CO-ANT,El Bagre,no
EBJ,EKEB,medium_airport,Esbjerg Airport,55.525902,8.5534,DK,DK-83,Esbjerg,yes
EBL,ORER,large_airport,Erbil International Airport,36.236047,43.946615,IQ,IQ-AR,Arbil,yes
EBM,DTTR,medium_airport,El Borma Airport,31.7043,9.25462,TN,TN-83,El Borma,no
EBU,LFMH,medium_airport,Saint-Étienne-Bouthéon Airport,45.5406,4.29639,FR,FR-ARA,"Andrézieux-Bouthéon, Loire",no
ECG,KECG,medium_airport,Elizabeth City Regional Airport & Coast Guard Air Station,36.260601,-76.174599,US,US-NC,Elizabeth City,no
ECH,YECH,medium_airport,Echuca Airport,-36.15719985961914,144.76199340820312,AU,AU-VIC,,no
ECN,LCEN,large_airport,Ercan International Airport,35.153064,33.507352,CY,CY-02,Tymbou (Kirklar),yes
ECP,KECP,medium_airport,Northwest Florida Beaches International Airport,30.357106,-85.795414,US,US-FL,Panama City Beach,yes
EDF,PAED,medium_airport,Elmendorf Air Force Base,61.251709,-149.807097,US,US-AK,Anchorage,no
EDI,EGPH,large_airport,Edinburgh Airport,55.950145,-3.372288,GB,GB-SCT,"Ingliston, Edinburgh",yes
EDL,HKEL,large_airport,Eldoret International Airport,0.404458,35.238899,KE,KE-27,Eldoret,yes
EDM,LFRI,medium_airport,La Roche-sur-Yon Les Ajoncs Airport,46.7019,-1.37863,FR,FR-PDL,La Roche-sur-Yon,no
EDO,LTFD,large_airport,Balıkesir Koca Seyit Airport,39.552533,27.010192,TR,TR-10,Edremit,yes
EDW,KEDW,medium_airport,Edwards Air Force Base,34.910781,-117.886391,US,US-CA,Edwards,no
EEA,SNCP,medium_airport,Planalto Serrano Regional Airport,-27.634128,-50.358253,BR,BR-SC,Correia Pinto,no
EED,KEED,medium_airport,Needles Airport,34.7663002014,-114.623001099,US,US-CA,Needles,no
EEN,KEEN,medium_airport,Dillant Hopkins Airport,42.898399,-72.270798,US,US-NH,Keene,no
EES,EES,large_airport,Berenice International Airport / Banas Cape Air Base,23.980437,35.460277,EG,EG-BA,Berenice Troglodytica,no
EFD,KEFD,medium_airport,Ellington Airport,29.607299804700002,-95.1587982178,US,US-TX,Houston,no
EFL,LGKF,medium_airport,Kefallinia Airport,38.12009811401367,20.500499725341797,GR,GR-F,Kefallinia Island,yes
EGC,LFBE,medium_airport,Bergerac Dordogne-Périgord airport,44.825298,0.518611,FR,FR-NAQ,Bergerac,yes
EGE,KEGE,medium_airport,Eagle County Regional Airport,39.64260101,-106.9179993,US,US-CO,Eagle,yes
EGH,HEGR,medium_airport,El Jora Airport,31.078138,34.153131,EG,EG-SIN,El Jora,no
EGI,KEGI,medium_airport,Duke Field,30.65040016,-86.52290344,US,US-FL,Crestview,no
EGO,UUOB,medium_airport,Belgorod International Airport,50.643799,36.590099,RU,RU-BEL,Belgorod,no
EGS,BIEG,medium_airport,Egilsstaðir Airport,65.2833023071289,-14.401399612426758,IS,IS-7,Egilsstaðir,yes
EGX,PAII,medium_airport,Egegik Airport,58.184386,-157.374873,US,US-AK,Egegik,yes
EHL,SAVB,medium_airport,El Bolsón Airfield,-41.943199,-71.532303,AR,AR-R,El Bolsón,no
EHM,PAEH,medium_airport,Cape Newenham LRRS Airport,58.646400451699996,-162.06300354,US,US-AK,Cape Newenham,no
EHU,ZHEC,large_airport,Ezhou Huahu International Airport,30.341178,115.03926,CN,CN-42,Ezhou,yes
EIB,EDGE,medium_airport,Eisenach-Kindel Airport,50.991604,10.47973,DE,DE-TH,Hörselberg-Hainich,no
EIE,UNII,medium_airport,Yeniseysk Airport,58.474201,92.112503,RU,RU-KYA,Yeniseysk,yes
EIK,RU-10077,medium_airport,Yeysk Airport,46.68,38.21,RU,RU-KDA,Yeysk,no
EIL,PAEI,medium_airport,Eielson Air Force Base,64.66570282,-147.102005,US,US-AK,Fairbanks,no
EIN,EHEH,large_airport,Eindhoven Airport,51.4500999451,5.37452983856,NL,NL-NB,Eindhoven,yes
EIS,TUPJ,large_airport,Terrance B. Lettsome International Airport,18.445492,-64.541707,VG,VG-U-A,Beef Island,yes
EJA,SKEJ,medium_airport,Yariguíes Airport,7.02433,-73.8068,CO,CO-SAN,Barrancabermeja,yes
EJH,OEWJ,medium_airport,Al Wajh Domestic Airport,26.198601,36.476398,SA,SA-07,Al Wajh,yes
EKA,KEKA,medium_airport,Murray Field,40.803398,-124.112999,US,US-CA,Eureka,no
EKB,UASB,medium_airport,Ekibastuz Airport,51.590999603271484,75.21499633789062,KZ,KZ-PAV,Ekibastuz,no
EKN,KEKN,medium_airport,Elkins-Randolph County Regional Airport,38.889759,-79.857651,US,US-WV,Elkins,no
EKO,KEKO,medium_airport,Elko Regional Airport,40.82490158081055,-115.79199981689453,US,US-NV,Elko,yes
EKT,ESSU,medium_airport,Eskilstuna Airport,59.351101,16.708401,SE,SE-D,Eskilstuna,no
ELB,SKBC,medium_airport,Las Flores Airport,9.04554,-73.9749,CO,CO-MAG,El Banco,no
ELC,YELD,medium_airport,Elcho Island Airport,-12.019399642899998,135.570999146,AU,AU-NT,Elcho Island,yes
ELD,KELD,medium_airport,South Arkansas Regional Airport at Goodwin Field,33.221001,-92.813301,US,US-AR,El Dorado,yes
ELF,HSFS,medium_airport,El Fasher Airport,13.614899635314941,25.324600219726562,SD,SD-02,El Fasher,yes
ELG,DAUE,medium_airport,El Golea Airport,30.580732,2.861595,DZ,DZ-50,El Menia,yes
ELH,MYEH,medium_airport,North Eleuthera Airport,25.475823,-76.680784,BS,BS-HI,North Eleuthera,yes
ELM,KELM,medium_airport,Elmira Corning Regional Airport,42.1599006652832,-76.8916015625,US,US-NY,Elmira/Corning,yes
ELP,KELP,large_airport,El Paso International Airport,31.809908,-106.375607,US,US-TX,El Paso,yes
ELQ,OEGS,large_airport,Prince Naif bin Abdulaziz International Airport,26.302799,43.774399,SA,SA-05,Qassim,yes
ELS,FAEL,large_airport,King Phalo Airport,-33.035599,27.825899,ZA,ZA-EC,East London,yes
ELU,DAUO,medium_airport,Guemar Airport - مطار قمار بالوادي,33.511398,6.77679,DZ,DZ-39,Guemar,yes
ELY,KELY,medium_airport,Ely Airport Yelland Field,39.29970169,-114.8420029,US,US-NV,Ely,no
EMA,EGNX,large_airport,East Midlands Airport,52.8311,-1.32806,GB,GB-ENG,"Nottingham, Leicestershire",yes
EMD,YEML,medium_airport,Emerald Airport,-23.5674991608,148.179000854,AU,AU-QLD,Emerald,yes
EMK,PAEM,medium_airport,Emmonak Airport,62.78609848,-164.4909973,US,US-AK,Emmonak,yes
EML,LSME,medium_airport,Emmen Air Base,47.092444,8.305184,CH,CH-LU,Emmen,no
ENA,PAEN,medium_airport,Kenai Municipal Airport,60.570946,-151.245174,US,US-AK,Kenai,yes
ENC,LFSN,medium_airport,Nancy-Essey Airport,48.692101,6.23046,FR,FR-GES,"Tomblaine, Meurthe-et-Moselle",no
END,KEND,medium_airport,Vance Air Force Base,36.339199,-97.916496,US,US-OK,Enid,no
ENF,EFET,medium_airport,Enontekio Airport,68.362602233887,23.424299240112,FI,FI-10,Enontekio,yes
ENH,ZHES,medium_airport,Enshi Xujiaping Airport,30.320299,109.485001,CN,CN-42,Enshi (Enshi),yes
ENK,EGAB,medium_airport,Enniskillen/St Angelo Airport,54.398274,-7.651179,GB,GB-NIR,"Enniskillen, Fermanagh and Omagh",no
ENN,PANN,medium_airport,Nenana Municipal Airport,64.548772,-149.074516,US,US-AK,Nenana,no
ENO,SGEN,large_airport,Teniente Ramon A. Ayub Gonzalez International Airport,-27.227537,-55.837584,PY,PY-7,Encarnación,yes
ENS,EHTW,medium_airport,Twente Airport,52.275833,6.889167,NL,NL-OV,Enschede,no
ENU,DNEN,large_airport,Akanu Ibiam International Airport,6.473718,7.560463,NG,NG-EN,Enegu,yes
ENV,KENV,medium_airport,Wendover Airport,40.7187004089,-114.03099823,US,US-UT,Wendover,no
ENW,KENW,medium_airport,Kenosha Regional Airport,42.59569931,-87.92780304,US,US-WI,Kenosha,no
ENY,ZLYA,medium_airport,Yan'an Nanniwan Airport,36.479413,109.464083,CN,CN-61,Yan'an (Baota),yes
EOH,SKMD,medium_airport,Enrique Olaya Herrera Airport,6.219686,-75.590597,CO,CO-ANT,Medellín,yes
EOI,EGED,medium_airport,Eday Airport,59.19060134887695,-2.7722198963165283,GB,GB-SCT,Eday,yes
EOR,SVED,medium_airport,El Dorado Airport,6.71573,-61.638786,VE,VE-F,Bolivar,no
EOZ,SVEZ,medium_airport,Elorza Airport,7.059677,-69.4967,VE,VE-C,,no
EPA,SADP,medium_airport,El Palomar Airport,-34.6099,-58.6126,AR,AR-B,El Palomar,no
EPL,LFSG,medium_airport,Épinal Mirecourt Airport,48.325001,6.06998,FR,FR-GES,Épinal,no
EPR,YESP,medium_airport,Esperance Airport,-33.684399,121.822998,AU,AU-WA,Esperance,yes
EPU,EEPU,medium_airport,Pärnu Airport,58.41899871826172,24.47279930114746,EE,EE-67,Pärnu,yes
EQS,SAVE,medium_airport,Esquel Brigadier Antonio Parodi International Airport,-42.908001,-71.139503,AR,AR-U,Esquel,yes
ERC,LTCD,medium_airport,Erzincan Airport,39.7102012634,39.527000427199994,TR,TR-24,Erzincan,yes
ERD,UKDB,medium_airport,Berdyansk Airport,46.814999,36.758099,UA,UA-23,Berdyansk,no
ERF,EDDE,large_airport,Erfurt-Weimar Airport,50.978281,10.960713,DE,DE-TH,Erfurt,yes
ERH,GMFK,medium_airport,Moulay Ali Cherif Airport,31.9475002289,-4.39833021164,MA,MA-08,Errachidia,yes
ERI,KERI,medium_airport,Erie International Tom Ridge Field,42.083127,-80.173867,US,US-PA,Erie,yes
ERL,ZBER,medium_airport,Erenhot Saiwusu International Airport,43.424079,112.091081,CN,CN-15,Erenhot,yes
ERS,FYWE,medium_airport,Eros Airport,-22.60492,17.079002,NA,NA-KH,Windhoek,yes
ERZ,LTCE,medium_airport,Erzurum International Airport,39.956501,41.1702,TR,TR-25,Erzurum,yes
ESB,LTAC,large_airport,Esenboğa International Airport,40.128101,32.995098,TR,TR-06,Ankara,yes
ESC,KESC,medium_airport,Delta County Airport,45.723199,-87.088623,US,US-MI,Escanaba,yes
ESD,KORS,medium_airport,Orcas Island Airport,48.708199,-122.910004,US,US-WA,Eastsound,yes
ESE,MMES,medium_airport,Ensenada International Airport / El Ciprés Air Base,31.794516,-116.602384,MX,MX-BCN,Ensenada,no
ESF,KESF,medium_airport,Esler Army Airfield / Esler Regional Airport,31.394266,-92.294082,US,US-LA,Alexandria,no
ESG,SGME,medium_airport,Dr. Luis María Argaña International Airport,-22.046499,-60.6217,PY,PY-19,Mariscal Estigarribia,no
ESH,EGKA,medium_airport,Brighton City Airport,50.835602,-0.297222,GB,GB-ENG,"Brighton, East Sussex",no
ESK,LTBI,medium_airport,Eskişehir Air Base,39.7841,30.5821,TR,TR-26,Eskişehir,no
ESL,URWI,medium_airport,Elista Airport,46.373901,44.330898,RU,RU-KL,Elista,yes
ESM,SETN,large_airport,Carlos Concha Torres International Airport,0.978519,-79.626602,EC,EC-E,Tachina,yes
ESR,SCES,medium_airport,Ricardo García Posada Airport,-26.3111,-69.765198,CL,CL-AT,El Salvador,yes
ESU,GMMI,medium_airport,Essaouira-Mogador Airport,31.397499,-9.68167,MA,MA-07,Essaouira,yes
ETM,LLER,large_airport,Ramon International Airport,29.727009,35.014116,IL,IL-D,Eilat,yes
ETR,SERO,medium_airport,Santa Rosa - Artillery Colonel Victor Larrea International Airport,-3.441986,-79.996957,EC,EC-O,Santa Rosa,yes
ETZ,LFJL,medium_airport,Metz-Nancy-Lorraine Airport,48.982101,6.25132,FR,FR-GES,Goin,yes
EUG,KEUG,medium_airport,Eugene Airport,44.124599,-123.211998,US,US-OR,Eugene,yes
EUN,GMML,large_airport,Laayoune Hassan I International Airport,27.142467,-13.224947,EH,EH-U-A,El Aaiún,yes
EUQ,RPVS,medium_airport,Evelio Javier Airport,10.766644,121.932506,PH,PH-ANT,San Jose,no
EUX,TNCE,medium_airport,F. D. Roosevelt Airport,17.4965,-62.979401,BQ,BQ-SE,Oranjestad,yes
EVE,ENEV,large_airport,Harstad/Narvik Airport,68.491302,16.678101,NO,NO-18,Evenes,yes
EVN,UDYZ,large_airport,Zvartnots International Airport,40.148941,44.397887,AM,AM-ER,Yerevan,yes
EVV,KEVV,medium_airport,Evansville Regional Airport,38.0369987488,-87.5324020386,US,US-IN,Evansville,yes
EVW,KEVW,medium_airport,Evanston-Uinta County Airport-Burns Field,41.27479935,-111.0350037,US,US-WY,Evanston,no
EVX,LFOE,medium_airport,Évreux-Fauville (BA 105) Air Base,49.028702,1.21986,FR,FR-NOR,"Fauville, Eure",no
EWB,KEWB,medium_airport,New Bedford Regional Airport,41.67610168457031,-70.95690155029297,US,US-MA,New Bedford,yes
EWN,KEWN,medium_airport,Coastal Carolina Regional Airport,35.0730018616,-77.04290008539999,US,US-NC,New Bern,yes
EWR,KEWR,large_airport,Newark Liberty International Airport,40.6894,-74.170545,US,US-NJ,Newark,yes
EXT,EGTE,medium_airport,Exeter International Airport,50.734261,-3.413984,GB,GB-ENG,"Exeter, Devon",yes
EYK,USHQ,medium_airport,Beloyarskiy Airport,63.686901,66.698601,RU,RU-KHM,,yes
EYP,SKYP,medium_airport,El Alcaravan - Yopal Airport,5.31911,-72.384,CO,CO-CAS,Yopal,yes
EYW,KEYW,medium_airport,Key West International Airport,24.556119,-81.759579,US,US-FL,Key West,yes
EZE,SAEZ,large_airport,Ezeiza International Airport - Ministro Pistarini,-34.8222,-58.5358,AR,AR-B,Buenos Aires (Ezeiza),yes
EZS,LTCA,medium_airport,Elazığ Airport,38.597974,39.28348,TR,TR-23,Elazığ,yes
EZV,USHB,medium_airport,Berezovo Airport,63.92100143432617,65.03050231933594,RU,RU-KHM,,no
FAB,EGLF,medium_airport,Farnborough Airport,51.275799,-0.776333,GB,GB-ENG,"Farnborough, Hampshire",no
FAE,EKVG,large_airport,Vágar Airport,62.063256,-7.275782,FO,FO-U-A,Vágar,yes
FAF,KFAF,medium_airport,Felker Army Air Field,37.1325,-76.608803,US,US-VA,Newport News (Fort Eustis),no
FAI,PAFA,medium_airport,Fairbanks International Airport,64.815102,-147.856003,US,US-AK,Fairbanks,yes
FAO,LPFR,large_airport,Faro - Gago Coutinho International Airport,37.015909,-7.970939,PT,PT-08,Faro,yes
FAR,KFAR,medium_airport,Hector International Airport,46.9207,-96.815804,US,US-ND,Fargo,yes
FAT,KFAT,large_airport,Fresno Yosemite International Airport,36.775767,-119.718018,US,US-CA,Fresno,yes
FAV,NTGF,medium_airport,Fakarava Airport,-16.054100036621094,-145.65699768066406,PF,PF-U-A,,yes
FAY,KFAY,medium_airport,Fayetteville Regional Airport - Grannis Field,34.991199,-78.880302,US,US-NC,Fayetteville,yes
FAZ,OISF,medium_airport,Fasa Airport,28.8918,53.723301,IR,IR-07,Fasa,no
FBG,KFBG,medium_airport,Simmons Army Air Field,35.13180161,-78.93669891,US,US-NC,Fort Bragg,no
FBK,PAFB,medium_airport,Ladd Army Airfield,64.837502,-147.613998,US,US-AK,Fairbanks,no
FBM,FZQA,large_airport,Lubumbashi International Airport,-11.591494,27.530753,CD,CD-HK,Lubumbashi,yes
FCA,KGPI,medium_airport,Glacier Park International Airport,48.310501,-114.255997,US,US-MT,Kalispell,yes
FCB,FAFB,medium_airport,Ficksburg Sentraoes Airport,-28.82309913635254,27.908899307250977,ZA,ZA-FS,Ficksburg,no
FCN,ETMN,medium_airport,Sea-Airport Cuxhaven/Nordholz / Nordholz Naval Airbase,53.767689,8.659201,DE,DE-NI,Wurster Nordseeküste,yes
FCO,LIRF,large_airport,Rome–Fiumicino Leonardo da Vinci International Airport,41.804532,12.251998,IT,IT-62,Rome,yes
FCS,KFCS,medium_airport,Butts AAF (Fort Carson) Air Field,38.67839813,-104.7570038,US,US-CO,Fort Carson,no
FDF,TFFF,large_airport,Martinique Aimé Césaire International Airport,14.591,-61.003201,MQ,MQ-U-A,Fort-de-France,yes
FDH,EDNY,large_airport,Bodensee Airport Friedrichshafen,47.671299,9.51149,DE,DE-BW,Friedrichshafen,yes
FDU,FZBO,medium_airport,Bandundu Airport,-3.31132,17.381701,CD,CD-KL,Bandundu,yes
FDY,KFDY,medium_airport,Findlay Airport,41.013500213600004,-83.66870117190001,US,US-OH,Findlay,no
FEC,SDIY,medium_airport,João Durval Carneiro Airport,-12.200694,-38.906164,BR,BR-BA,Feira de Santana,no
FEG,UTKF,medium_airport,Fergana International Airport,40.358799,71.745003,UZ,UZ-FA,Fergana,yes
FEN,SBFN,medium_airport,Fernando de Noronha Airport,-3.854534,-32.423017,BR,BR-PE,Fernando de Noronha,yes
FEZ,GMFF,large_airport,Fes Saïss International Airport,33.927299,-4.97796,MA,MA-03,Saïss,yes
FFD,EGVA,medium_airport,RAF Fairford,51.683568,-1.789172,GB,GB-ENG,"Fairford, Gloucestershire",no
FFO,KFFO,medium_airport,Wright-Patterson Air Force Base,39.826099,-84.048302,US,US-OH,Dayton,no
FGU,NTGB,medium_airport,Fangatau Airport,-15.820044,-140.888071,PF,PF-U-A,Fangatau,yes
FHU,KFHU,medium_airport,Sierra Vista Municipal Airport / Libby Army Air Field,31.587383,-110.348225,US,US-AZ,Fort Huachuca / Sierra Vista,no
FIH,FZAA,large_airport,Ndjili International Airport,-4.38575,15.4446,CD,CD-KN,Kinshasa,yes
FIZ,YFTZ,medium_airport,Fitzroy Crossing Airport,-18.183596,125.559783,AU,AU-WA,,yes
FJR,OMFJ,large_airport,Fujairah International Airport,25.108411,56.328061,AE,AE-FU,Fujairah,yes
FKB,EDSB,large_airport,Karlsruhe Baden-Baden Airport,48.7794,8.0805,DE,DE-BW,Rheinmünster,yes
FKI,FZIC,large_airport,Bangoka International Airport,0.481639,25.337999,CD,CD-TO,Kisangani,yes
FKJ,RJNF,medium_airport,Fukui Airport,36.142799,136.223999,JP,JP-18,Fukui,no
FKL,KFKL,medium_airport,Venango Regional Airport,41.3778991699,-79.8603973389,US,US-PA,Franklin,no
FKQ,WASF,medium_airport,Fakfak Airport,-2.920508,132.267011,ID,ID-PB,Fakfak,yes
FKS,RJSF,medium_airport,Fukushima Airport,37.22740173339844,140.43099975585938,JP,JP-07,Sukagawa,yes
FLA,SKFL,medium_airport,Gustavo Artunduaga Paredes Airport,1.58919,-75.5644,CO,CO-CAQ,Florencia,yes
FLG,KFLG,medium_airport,Flagstaff Pulliam Airport,35.139757,-111.669826,US,US-AZ,Flagstaff,yes
FLL,KFLL,large_airport,Fort Lauderdale Hollywood International Airport,26.072599,-80.152702,US,US-FL,Fort Lauderdale,yes
FLN,SBFL,large_airport,Hercílio Luz International Airport,-27.670279,-48.552502,BR,BR-SC,Florianópolis,yes
FLO,KFLO,medium_airport,Florence Regional Airport,34.18539810180664,-79.7238998413086,US,US-SC,Florence,yes
FLR,LIRQ,large_airport,"Florence Airport, Peretola",43.808558,11.202822,IT,IT-52,Firenze (FI),yes
FLW,LPFL,medium_airport,Flores Airport,39.455299377441406,-31.131399154663086,PT,PT-20,Santa Cruz das Flores,yes
FLZ,WIMS,medium_airport,Dr. Ferdinand Lumban Tobing Airport,1.557127,98.887145,ID,ID-SU,Sibolga (Pinangsori),yes
FMA,SARF,medium_airport,Formosa National Airport,-26.2127,-58.2281,AR,AR-P,Formosa,yes
FME,KFME,medium_airport,Fort Meade Executive Airport,39.0854,-76.759399,US,US-MD,Fort Meade(Odenton),no
FMI,FZRF,medium_airport,Kalemie Airport,-5.87556,29.25,CD,CD-TA,Kalemie,yes
FMM,EDJA,large_airport,Memmingen Allgau Airport,47.988092,10.238248,DE,DE-BY,Memmingen,yes
FMN,KFMN,medium_airport,Four Corners Regional Airport,36.741199,-108.230003,US,US-NM,Farmington,no
FMO,EDDG,large_airport,Münster Osnabrück Airport,52.133816,7.688482,DE,DE-NW,Greven,yes
FMY,KFMY,medium_airport,Page Field,26.58659935,-81.86329650879999,US,US-FL,Fort Myers,no
FNA,GFLL,large_airport,Lungi International Airport,8.61644,-13.1955,SL,SL-N,Freetown (Lungi-Town),yes
FNB,EDBN,medium_airport,Neubrandenburg Trollenhagen Airport,53.6022,13.306,DE,DE-MV,Trollenhagen,no
FNC,LPMA,large_airport,Cristiano Ronaldo International Airport,32.697812,-16.774613,PT,PT-30,Funchal,yes
FNI,LFTW,medium_airport,Nîmes-Arles-Camargue Airport,43.757401,4.41635,FR,FR-OCC,Nîmes/Garons,yes
FNJ,ZKPY,large_airport,Pyongyang Sunan International Airport,39.224098,125.669998,KP,KP-01,Pyongyang,yes
FNL,KFNL,medium_airport,Northern Colorado Regional Airport,40.44969,-105.011272,US,US-CO,Loveland,no
FNT,KFNT,medium_airport,Bishop International Airport,42.969294,-83.743355,US,US-MI,Flint,yes
FOC,ZSFZ,large_airport,Fuzhou Changle International Airport,25.929254,119.672524,CN,CN-35,Fuzhou (Changle),yes
FOD,KFOD,medium_airport,Fort Dodge Regional Airport,42.552624,-94.191237,US,US-IA,Fort Dodge,yes
FOE,KFOE,medium_airport,Topeka Regional Airport,38.950901,-95.663597,US,US-KS,Topeka,no
FOG,LIBF,medium_airport,Foggia Gino Lisa Airport,41.433596,15.534566,IT,IT-75,Foggia (FG),yes
FOM,FKKM,medium_airport,Foumban Nkounja Airport,5.63692,10.7508,CM,CM-OU,Foumban,no
FON,MRAN,medium_airport,La Fortuna Arenal Airport,10.469311,-84.579073,CR,CR-A,La Fortuna,yes
FOR,SBFZ,large_airport,Pinto Martins International Airport,-3.775833,-38.532222,BR,BR-CE,Fortaleza,yes
FOS,YFRT,medium_airport,Forrest Airport,-30.83662,128.112811,AU,AU-WA,,no
FPO,MYGF,large_airport,Grand Bahama International Airport,26.557996,-78.695583,BS,BS-FP,Freeport,yes
FPR,KFPR,medium_airport,Treasure Coast International Airport,27.4951,-80.368301,US,US-FL,Fort Pierce,no
FRA,EDDF,large_airport,Frankfurt Main Airport,50.026706,8.55835,DE,DE-HE,Frankfurt am Main,yes
FRB,YFBS,medium_airport,Forbes Airport,-33.363602,147.934998,AU,AU-NSW,Forbes,no
FRD,KFHR,medium_airport,Friday Harbor Airport,48.523654,-123.024645,US,US-WA,Friday Harbor,yes
FRG,KFRG,medium_airport,Republic Airport,40.728576,-73.414267,US,US-NY,East Farmingdale,no
FRI,KFRI,medium_airport,Marshall Army Air Field,39.053021,-96.764202,US,US-KS,Fort Riley (Junction City),no
FRL,LIPK,medium_airport,Forlì-Luigi Ridolfi International Airport,44.194801,12.0701,IT,IT-45,Forlì (FC),yes
FRO,ENFL,medium_airport,Florø Airport,61.583599090576,5.0247201919556,NO,NO-46,Florø,yes
FRS,MGTK,medium_airport,Mundo Maya International Airport,16.913707,-89.866143,GT,GT-PE,San Benito,yes
FRW,FBFT,large_airport,Phillip Gaonwe Matante International Airport,-21.159183,27.468826,BW,BW-FR,Francistown,yes
FRZ,ETHF,medium_airport,Fritzlar Army Airfield,51.1146,9.286,DE,DE-HE,Fritzlar,no
FSC,LFKF,large_airport,Figari Sud-Corse Airport,41.50185,9.097092,FR,FR-COR,Figari,yes
FSD,KFSD,medium_airport,Sioux Falls Regional Airport,43.585463,-96.741152,US,US-SD,Sioux Falls,yes
FSI,KFSI,medium_airport,Henry Post Army Air Field,34.649799,-98.402199,US,US-OK,Fort Sill,no
FSM,KFSM,medium_airport,Fort Smith Regional Airport,35.336601,-94.367401,US,US-AR,Fort Smith,yes
FSP,LFVP,medium_airport,Saint-Pierre Pointe-Blanche Airport,46.762651,-56.17499,PM,PM-SP,Saint-Pierre,yes
FST,KFST,medium_airport,Fort Stockton Pecos County Airport,30.9157009125,-102.916000366,US,US-TX,Fort Stockton,no
FSZ,RJNS,large_airport,Mount Fuji Shizuoka Airport,34.795022,138.190976,JP,JP-22,Makinohara / Shimada,yes
FTE,SAWC,medium_airport,El Calafate - Commander Armando Tola International Airport,-50.280267,-72.053401,AR,AR-Z,El Calafate,yes
FTK,KFTK,medium_airport,Godman Army Air Field,37.907100677500004,-85.9720993042,US,US-KY,Fort Knox,no
FTU,FMSD,medium_airport,Tôlanaro Airport,-25.038099,46.9561,MG,MG-U,Tôlanaro,yes
FTW,KFTW,medium_airport,Fort Worth Meacham International Airport,32.819919,-97.360818,US,US-TX,Fort Worth,yes
FTX,FCOO,medium_airport,Owando Airport,-0.524566,15.93782,CG,CG-8,Owando,no
FTY,KFTY,medium_airport,Fulton County Airport Brown Field,33.7790985107,-84.5214004517,US,US-GA,Atlanta,no
FUE,GCFV,large_airport,Fuerteventura Airport,28.4527,-13.8638,ES,ES-CN,El Matorral,yes
FUG,ZSFY,medium_airport,Fuyang Xiguan Airport,32.882157,115.734364,CN,CN-34,"Yingzhou, Fuyang",yes
FUJ,RJFE,medium_airport,Fukue Airport,32.666302,128.832993,JP,JP-42,Goto,yes
FUK,RJFF,large_airport,Fukuoka Airport,33.585899353027344,130.4510040283203,JP,JP-40,Fukuoka,yes
FUN,NGFU,medium_airport,Funafuti International Airport,-8.523885,179.196976,TV,TV-FUN,Funafuti,yes
FUO,ZGFS,medium_airport,Foshan Shadi Airport,23.0825,113.070833,CN,CN-44,Foshan (Nanhai),yes
FWA,KFWA,medium_airport,Fort Wayne International Airport,40.978896,-85.194465,US,US-IN,Fort Wayne,yes
FWH,KNFW,medium_airport,NAS Fort Worth JRB / Carswell Field,32.769199,-97.441498,US,US-TX,Fort Worth,no
FXE,KFXE,medium_airport,Fort Lauderdale Executive Airport,26.1972999573,-80.1707000732,US,US-FL,Fort Lauderdale,no
FYJ,ZYFY,medium_airport,Fuyuan Dongji Airport,48.197219,134.36298,CN,CN-23,Fuyuan,yes
FYN,ZWFY,medium_airport,Fuyun Koktokay Airport,46.804169,89.512006,CN,CN-65,Fuyun,yes
FYT,FTTY,medium_airport,Faya-Largeau Airport,17.917101,19.111099,TD,TD-BO,Faya-Largeau,no
FYU,PFYU,medium_airport,Fort Yukon Airport,66.571651,-145.249987,US,US-AK,Fort Yukon,yes
FYV,KFYV,medium_airport,Drake Field,36.00510025024414,-94.17009735107422,US,US-AR,Fayetteville,no
GAE,DTTG,medium_airport,Gabès Matmata International Airport,33.733691,9.91941,TN,TN-81,Gabès,no
GAF,DTTF,medium_airport,Gafsa Ksar International Airport,34.422001,8.8225,TN,TN-71,Gafsa,no
GAJ,RJSC,medium_airport,Yamagata Airport,38.4119,140.371002,JP,JP-06,Higashine,yes
GAL,PAGA,medium_airport,Edward G. Pitka Sr Airport,64.736198,-156.936997,US,US-AK,Galena,yes
GAM,PAGM,medium_airport,Gambell Airport,63.767694,-171.733303,US,US-AK,Gambell,yes
GAN,VRMG,large_airport,Gan International Airport,-0.692975,73.152627,MV,MV-01,Gan,yes
GAO,MUGT,medium_airport,Mariana Grajales Airport,20.0853,-75.158302,CU,CU-14,Guantánamo,no
GAQ,GAGO,medium_airport,Gao International Airport,16.248466,-0.005389,ML,ML-7,Gao,yes
GAU,VEGT,large_airport,Lokpriya Gopinath Bordoloi International Airport,26.106654,91.585226,IN,IN-AS,Guwahati,yes
GAY,VEGY,medium_airport,Gaya Airport,24.744301,84.951202,IN,IN-BR,Gaya,yes
GBB,UBBQ,medium_airport,Gabala International Airport,40.808617,47.725389,AZ,AZ-QAB,Gabala,yes
GBE,FBSK,large_airport,Sir Seretse Khama International Airport,-24.555201,25.9182,BW,BW-GA,Gaborone,yes
GBJ,TFFM,medium_airport,Marie-Galante Airport,15.868925,-61.270087,GP,GP-U-A,Grand-Bourg,yes
GBT,OING,medium_airport,Gorgan Airport,36.909400939899996,54.4012985229,IR,IR-27,Gorgan,no
GCC,KGCC,medium_airport,Northeast Wyoming Regional Airport,44.3489,-105.539001,US,US-WY,Gillette,yes
GCH,OIAH,medium_airport,Gachsaran Airport,30.333869,50.833796,IR,IR-17,Gachsaran,yes
GCI,EGJB,medium_airport,Guernsey Airport,49.435001,-2.60197,GG,GG-G,Saint Peter Port,yes
GCJ,FAGC,medium_airport,Grand Central Airport,-25.986299514799995,28.1401004791,ZA,ZA-GT,Midrand,no
GCK,KGCK,medium_airport,Garden City Regional Airport,37.9275016785,-100.723999023,US,US-KS,Garden City,yes
GCM,MWCR,large_airport,Owen Roberts International Airport,19.292801,-81.357697,KY,KY-GC,George Town,yes
GCN,KGCN,medium_airport,Grand Canyon National Park Airport,35.9524,-112.147003,US,US-AZ,Grand Canyon - Tusayan,yes
GDB,VA2C,medium_airport,Gondia Airport,21.526817,80.290347,IN,IN-MM,Gondia,yes
GDE,HAGO,medium_airport,Gode Airport,5.93513011932,43.5786018372,ET,ET-SO,Gode,yes
GDL,MMGL,large_airport,Guadalajara International Airport,20.523342,-103.310108,MX,MX-JAL,Guadalajara,yes
GDN,EPGD,large_airport,Gdańsk Lech Wałęsa Airport,54.377602,18.4662,PL,PL-PM,Gdańsk,yes
GDO,SVGD,medium_airport,Guasdualito Airport,7.210834,-70.756386,VE,VE-C,Guasdualito,no
GDQ,HAGN,medium_airport,Gondar Airport,12.5199,37.433998,ET,ET-AM,Azezo,yes
GDT,MBGT,medium_airport,JAGS McCartney International Airport,21.4445,-71.142303,TC,TC-GT,Cockburn Town,yes
GDV,KGDV,medium_airport,Dawson Community Airport,47.137658,-104.80691,US,US-MT,Glendive,yes
GDX,UHMM,medium_airport,Sokol Airport,59.9109992980957,150.72000122070312,RU,RU-MAG,Magadan,yes
GDZ,URKG,medium_airport,Gelendzhik Airport,44.5820926295,38.0124807358,RU,RU-KDA,Gelendzhik,yes
GEA,NWWM,medium_airport,Nouméa Magenta Airport,-22.257706,166.472822,NC,NC-03,Nouméa,yes
GEC,LCGK,medium_airport,Geçitkale Airbase,35.23591,33.720088,CY,CY-03,Lefkoniko (Geçitkale),no
GEG,KGEG,large_airport,Spokane International Airport,47.6199,-117.533997,US,US-WA,Spokane,yes
GEL,SBNM,medium_airport,Santo Ângelo Airport,-28.282503,-54.169623,BR,BR-RS,Santo Ângelo,yes
GEM,FGMY,medium_airport,President Obiang Nguema International Airport,1.676437,11.024904,GQ,GQ-WN,Mengomeyén,yes
GEO,SYCJ,large_airport,Cheddi Jagan International Airport,6.49855,-58.254101,GY,GY-DE,Georgetown,yes
GER,MUNG,medium_airport,Rafael Cabrera Airport,21.834699630737305,-82.78379821777344,CU,CU-99,Nueva Gerona,yes
GES,RPMR,large_airport,General Santos International Airport,6.057208,125.096243,PH,PH-SCO,General Santos,yes
GET,YGEL,medium_airport,Geraldton Airport,-28.796101,114.707001,AU,AU-WA,Moonyoonooka,yes
GEV,ESNG,medium_airport,Gällivare Airport,67.13240051269531,20.814599990844727,SE,SE-BD,Gällivare,yes
GFF,YGTH,medium_airport,Griffith Airport,-34.2508010864,146.067001343,AU,AU-NSW,Griffith,yes
GFK,KGFK,medium_airport,Grand Forks International Airport,47.949299,-97.176102,US,US-ND,Grand Forks,yes
GFL,KGFL,medium_airport,Floyd Bennett Memorial Airport,43.3412017822,-73.6102981567,US,US-NY,Glens Falls,no
GFN,YGFN,medium_airport,Clarence Valley Regional Airport,-29.754795,153.031234,AU,AU-NSW,Grafton,no
GFR,LFRF,medium_airport,Granville Airport,48.883099,-1.56417,FR,FR-NOR,"Bréville-sur-Mer, Manche",no
GFY,FYGF,medium_airport,Grootfontein Airport,-19.6022,18.1227,NA,NA-OD,Grootfontein,no
GGG,KGGG,medium_airport,East Texas Regional Airport,32.38399887084961,-94.71150207519531,US,US-TX,Longview,yes
GGT,MYEF,medium_airport,Exuma International Airport,23.562599,-75.877998,BS,BS-EX,Moss Town,yes
GGW,KGGW,medium_airport,Glasgow Valley County Airport Wokal Field,48.212502,-106.614998,US,US-MT,Glasgow,yes
GHA,DAUG,medium_airport,Noumérat - Moufdi Zakaria Airport,32.384102,3.79411,DZ,DZ-47,El Atteuf,yes
GHB,MYEM,medium_airport,Governor's Harbour Airport,25.2847,-76.331001,BS,BS-CE,Governor's Harbour,yes
GHC,MYBG,medium_airport,Great Harbour Cay Airport,25.7383,-77.840103,BS,BS-BY,Bullocks Harbour,no
GHN,ZUGH,medium_airport,Guanghan Airport,30.9485,104.3296,CN,CN-51,Deyang (Guanghan),no
GHT,HLGT,medium_airport,Ghat Airport,25.145599,10.1426,LY,LY-GT,Ghat,no
GHU,SAAG,medium_airport,Gualeguaychu Airport,-33.005567,-58.612833,AR,AR-E,Gualeguaychu,no
GHV,LRBV,large_airport,Brașov-Ghimbav International Airport,45.70558,25.522871,RO,RO-BV,Brașov (Ghimbav),yes
GIB,LXGB,large_airport,Gibraltar Airport,36.151679,-5.34978,GI,GI-U-A,Gibraltar,yes
GID,HBBE,medium_airport,Gitega Airport,-3.417209,29.911308,BI,BI-GI,Gitega,yes
GIG,SBGL,large_airport,Rio de Janeiro Galeão – Tom Jobim International Airport,-22.809999,-43.250557,BR,BR-RJ,Rio De Janeiro,yes
GIL,OPGT,medium_airport,Gilgit Airport,35.918800354003906,74.33360290527344,PK,PK-GB,Gilgit,yes
GIR,SKGI,medium_airport,Santiago Vila Airport,4.27624,-74.7967,CO,CO-CUN,Girardot,no
GIS,NZGS,medium_airport,Gisborne Airport,-38.6633,177.977997,NZ,NZ-GIS,Gisborne,yes
GIZ,OEGN,medium_airport,Jizan Regional Airport / King Abdullah bin Abdulaziz Airport,16.9011,42.5858,SA,SA-09,Jizan,yes
GJA,MHNJ,medium_airport,La Laguna Airport,16.4454,-85.906601,HN,HN-IB,Guanaja,yes
GJL,DAAV,large_airport,Jijel Ferhat Abbas Airport,36.794125,5.873652,DZ,DZ-18,Tahir,yes
GJM,SBGM,medium_airport,Guajará-Mirim Airport,-10.78641,-65.28486,BR,BR-RO,Guajará-Mirim,no
GJT,KGJT,medium_airport,Grand Junction Regional Airport,39.126663,-108.529387,US,US-CO,Grand Junction,yes
GKA,AYGA,medium_airport,Goroka Airport,-6.081689834590001,145.391998291,PG,PG-EHG,Goronka,yes
GKE,ETNG,medium_airport,Geilenkirchen Air Base,50.9608,6.04242,DE,DE-NW,Geilenkirchen,no
GKN,PAGK,medium_airport,Gulkana Airport,62.155859,-145.454662,US,US-AK,Gulkana,yes
GLA,EGPF,large_airport,Glasgow Airport,55.871899,-4.43306,GB,GB-SCT,Glasgow,yes
GLD,KGLD,medium_airport,Goodland Municipal Airport,39.370701,-101.699753,US,US-KS,Goodland,no
GLF,MRGF,medium_airport,Golfito Airport,8.65401,-83.182198,CR,CR-P,Golfito,yes
GLH,KGLH,medium_airport,Mid Delta Regional Airport,33.482899,-90.985603,US,US-MS,Greenville,yes
GLI,YGLI,medium_airport,Glen Innes Airport,-29.676029,151.691156,AU,AU-NSW,Glen Innes,no
GLO,EGBJ,medium_airport,Gloucestershire Airport,51.894199,-2.16722,GB,GB-ENG,"Staverton, Gloucestershire",no
GLS,KGLS,medium_airport,Scholes International At Galveston Airport,29.265301,-94.860397,US,US-TX,Galveston,no
GLT,YGLA,medium_airport,Gladstone Airport,-23.869763,151.225439,AU,AU-QLD,Gladstone,yes
GLU,VQGP,medium_airport,Gelephu Airport,26.88456,90.46412,BT,BT-31,Gelephu,no
GLZ,EHGR,medium_airport,Gilze Rijen Air Base,51.567402,4.93183,NL,NL-NB,Rijen,no
GMA,FZFK,medium_airport,Gemena Airport,3.23537,19.771299,CD,CD-SU,Gemena,yes
GMB,HAGM,medium_airport,Gambela Airport,8.12876,34.563099,ET,ET-GA,Gambela,yes
GME,UMGG,medium_airport,Gomel Airport,52.527000427246094,31.016700744628906,BY,BY-HO,Gomel,yes
GMO,DNGO,medium_airport,Gombe Lawanti International Airport,10.298889,10.9,NG,NG-GO,Gombe,yes
GMP,RKSS,large_airport,Seoul Gimpo International Airport,37.5583,126.791,KR,KR-11,Seoul,yes
GMQ,ZLGL,medium_airport,Golog Maqên Airport,34.418066,100.301144,CN,CN-63,Golog (Maqên),yes
GMR,NTGJ,medium_airport,Totegegie Airport,-23.07990074157715,-134.88999938964844,PF,PF-U-A,,yes
GMU,KGMU,medium_airport,Greenville Downtown Airport,34.847903,-82.350217,US,US-SC,Greenville,no
GNA,UMMG,medium_airport,Hrodna Airport,53.602001,24.053801,BY,BY-HR,Hrodna,no
GNB,LFLS,medium_airport,Grenoble Alpes Isère Airport,45.3629,5.32937,FR,FR-ARA,Grenoble,yes
GND,TGPY,large_airport,Maurice Bishop International Airport,12.003996,-61.785302,GD,GD-GE,Saint George's,yes
GNJ,UBBG,large_airport,Ganja International Airport,40.738692,46.320383,AZ,AZ-GA,Ganja,yes
GNS,WIMB,medium_airport,Binaka Airport,1.166275,97.705196,ID,ID-SU,Gunungsitoli,yes
GNV,KGNV,medium_airport,Gainesville Regional Airport,29.6900997162,-82.2717971802,US,US-FL,Gainesville,yes
GNY,LTCS,large_airport,Şanlıurfa GAP Airport,37.445663,38.895592,TR,TR-63,Şanlıurfa,yes
GOA,LIMJ,large_airport,Genoa Cristoforo Colombo Airport,44.412039,8.840732,IT,IT-42,Genova (GE),yes
GOH,BGGH,large_airport,Nuuk International Airport,64.191066,-51.67914,GL,GL-SE,Nuuk,yes
GOI,VOGO,large_airport,Goa Dabolim International Airport,15.380062,73.833328,IN,IN-GA,Vasco da Gama,yes
GOJ,UWGG,large_airport,Nizhny Novgorod / Strigino International Airport,56.227351,43.785152,RU,RU-NIZ,Nizhny Novgorod,yes
GOM,FZNA,large_airport,Goma International Airport,-1.666758,29.238037,CD,CD-NK,Goma,yes
GON,KGON,medium_airport,Groton New London Airport,41.330101,-72.045097,US,US-CT,Groton,no
GOP,VEGK,medium_airport,Gorakhpur Airport,26.739700317399997,83.4496994019,IN,IN-UP,Gorakhpur,yes
GOQ,ZLGM,medium_airport,Golmud Airport,36.4006,94.786102,CN,CN-63,Golmud,yes
GOT,ESGG,large_airport,Göteborg Landvetter Airport,57.6628,12.2798,SE,SE-Q,Göteborg,yes
GOU,FKKR,large_airport,Garoua International Airport,9.334785,13.372129,CM,CM-NO,Garoua,yes
GOV,YPGV,medium_airport,Gove Airport,-12.269399642899998,136.817993164,AU,AU-NT,Nhulunbuy,yes
GOX,VOGA,large_airport,Manohar International Airport,15.744257,73.860625,IN,IN-GA,Mopa,yes
GOZ,LBGO,medium_airport,Gorna Oryahovitsa Airport,43.151402,25.7129,BG,BG-04,Gorna Oryahovitsa,no
GPA,LGRX,medium_airport,Patras Araxos Agamemnon Airport,38.1511,21.4256,GR,GR-G,Patras,yes
GPI,SKGP,medium_airport,Guapi Airport,2.57013,-77.897969,CO,CO-CAU,Guapi,yes
GPL,MRGP,medium_airport,Guapiles Airport,10.2172002792,-83.79699707030001,CR,CR-L,Pococi,no
GPN,YGPT,medium_airport,Garden Point Airport,-11.399686,130.425568,AU,AU-NT,Pirlangimpi,no
GPO,SAZG,medium_airport,General Pico Airport,-35.696201,-63.758301,AR,AR-L,General Pico,no
GPS,SEGS,medium_airport,Seymour Galapagos Ecological Airport,-0.453758,-90.2659,EC,EC-W,Isla Baltra,yes
GPT,KGPT,medium_airport,Gulfport Biloxi International Airport,30.405582,-89.069836,US,US-MS,Gulfport,yes
GRB,KGRB,medium_airport,Austin Straubel International Airport,44.483459,-88.130805,US,US-WI,Green Bay,yes
GRF,KGRF,medium_airport,Gray Army Air Field,47.079201,-122.581001,US,US-WA,Joint Base Lewis McChord,no
GRI,KGRI,medium_airport,Central Nebraska Regional Airport,40.967498779296875,-98.30960083007812,US,US-NE,Grand Island,yes
GRJ,FAGG,large_airport,George Airport,-34.0056,22.378902,ZA,ZA-WC,George,yes
GRK,KGRK,medium_airport,Killeen Regional Airport / Robert Gray Army Airfield,31.0672,-97.828903,US,US-TX,Fort Cavazos,yes
GRO,LEGE,large_airport,Girona-Costa Brava Airport,41.904639,2.761774,ES,ES-CT,Girona,yes
GRQ,EHGG,large_airport,Groningen Airport Eelde,53.119107,6.577652,NL,NL-DR,Groningen,yes
GRR,KGRR,large_airport,Gerald R. Ford International Airport,42.880798,-85.522797,US,US-MI,Grand Rapids,yes
GRS,LIRS,medium_airport,Grosseto Corrado Baccarini Air Base / Grosseto Airport,42.759701,11.0719,IT,IT-52,Grosseto (GR),no
GRU,SBGR,large_airport,São Paulo/Guarulhos–Governor André Franco Montoro International Airport,-23.431274,-46.469954,BR,BR-SP,São Paulo,yes
GRV,URMG,large_airport,Akhmat Kadyrov Grozny International Airport,43.388106,45.699772,RU,RU-CE,Grozny,yes
GRW,LPGR,medium_airport,Graciosa Airport,39.092201232910156,-28.029800415039062,PT,PT-20,Santa Cruz da Graciosa,yes
GRX,LEGR,medium_airport,F.G.L. Airport Granada-Jaén Airport,37.188702,-3.77736,ES,ES-AN,Granada,yes
GRY,BIGR,medium_airport,Grímsey Airport,66.5458,-18.0173,IS,IS-6,Grímsey/Sandvík,yes
GRZ,LOWG,large_airport,Graz Airport,46.9911,15.4396,AT,AT-6,Feldkirchen bei Graz,yes
GSB,KGSB,medium_airport,Seymour Johnson Air Force Base,35.339401,-77.960602,US,US-NC,Goldsboro,no
GSE,ESGP,medium_airport,Säve Airport,57.7747,11.8704,SE,SE-Q,Göteborg,no
GSJ,MGSJ,medium_airport,San José Airport,13.9362,-90.8358,GT,GT-ES,Puerto San José,no
GSM,OIKQ,large_airport,Qeshm International Airport,26.754639,55.902353,IR,IR-22,Qeshm(Dayrestan),yes
GSO,KGSO,large_airport,Piedmont Triad International Airport,36.09937,-79.937262,US,US-NC,Greensboro,yes
GSP,KGSP,medium_airport,Greenville-Spartanburg International Airport,34.895699,-82.218903,US,US-SC,Greenville/Greer/Spartanburg,yes
GST,PAGS,medium_airport,Gustavus Airport,58.4253006,-135.7070007,US,US-AK,Gustavus,yes
GSV,UWSG,large_airport,Gagarin International Airport,51.712778,46.171111,RU,RU-SAR,Saratov,yes
GTE,YGTE,medium_airport,Groote Eylandt Airport,-13.972405,136.458553,AU,AU-NT,Groote Eylandt,yes
GTF,KGTF,medium_airport,Great Falls International Airport,47.481998,-111.371002,US,US-MT,Great Falls,yes
GTN,NZGT,medium_airport,Glentanner Airport,-43.906700134277344,170.1280059814453,NZ,NZ-CAN,Glentanner Station,no
GTR,KGTR,medium_airport,Golden Triangle Regional Airport,33.450298,-88.5914,US,US-MS,Columbus/W Point/Starkville,yes
GUA,MGGT,large_airport,La Aurora International Airport,14.582896,-90.527515,GT,GT-GU,Guatemala City,yes
GUC,KGUC,medium_airport,Gunnison Crested Butte Regional Airport,38.534672,-106.934566,US,US-CO,Gunnison,yes
GUH,YGDH,medium_airport,Gunnedah Airport,-30.957511,150.248981,AU,AU-NSW,,no
GUI,SVGI,medium_airport,Guiria Airport,10.574077606200001,-62.3126678467,VE,VE-R,,no
GUJ,SBGW,medium_airport,Edu Chaves Field,-22.791599,-45.2048,BR,BR-SP,Guaratinguetá,no
GUL,YGLB,medium_airport,Goulburn Airport,-34.810298919677734,149.7259979248047,AU,AU-NSW,,no
GUM,PGUM,large_airport,Antonio B. Won Pat International Airport,13.485,144.797282,GU,GU-U-A,Hagåtña,yes
GUP,KGUP,medium_airport,Gallup Municipal Airport,35.511653,-108.788166,US,US-NM,Gallup,yes
GUQ,SVGU,medium_airport,Guanare Airport,9.026944,-69.75515,VE,VE-P,Guanare,no
GUR,AYGN,medium_airport,Gurney Airport,-10.3114995956,150.333999634,PG,PG-MBA,Gurney,yes
GUS,KGUS,medium_airport,Grissom Air Reserve Base,40.648102,-86.1521,US,US-IN,Peru,no
GUW,UATG,large_airport,Atyrau International Airport,47.121318,51.820343,KZ,KZ-ATY,Atyrau,yes
GUY,KGUY,medium_airport,Guymon Municipal Airport,36.6851005554,-101.508003235,US,US-OK,Guymon,no
GVA,LSGG,large_airport,Geneva International Airport,46.238098,6.10895,CH,CH-GE,Geneva,yes
GVN,UHKM,medium_airport,Sovetskaya Gavan (Maygatka) Airport,48.925067,140.035348,RU,RU-KHA,Sovetskaya Gavan,no
GVR,SBGV,medium_airport,Coronel Altino Machado Airport,-18.895882,-41.982869,BR,BR-MG,Governador Valadares,yes
GVX,SE-0120,medium_airport,Gävle–Sandviken Airport,60.594444,16.951111,SE,SE-U-A,Sandviken,no
GWD,OPGD,large_airport,New Gwadar International Airport,25.296733,62.498822,PK,PK-BA,Gurandani,yes
GWE,FVTL,medium_airport,Josiah Tungamirai Air Force Base,-19.436718,29.861945,ZW,ZW-MI,Gweru,no
GWL,VIGR,medium_airport,Gwalior Airport,26.29330062866211,78.22779846191406,IN,IN-MP,Gwalior,yes
GWO,KGWO,medium_airport,Greenwood–Leflore Airport,33.495025,-90.088204,US,US-MS,Greenwood,no
GWT,EDXW,medium_airport,Westerland Sylt Airport,54.9132,8.34047,DE,DE-SH,Sylt,yes
GXF,OYSY,large_airport,Seiyun Hadhramaut International Airport,15.965887,48.788146,YE,YE-HD,Seiyun,yes
GXG,FNNG,medium_airport,Negage Airport,-7.754509925842285,15.287699699401855,AO,AO-UIG,Negage,yes
GXH,ZLXH,medium_airport,Gannan Xiahe Airport,34.819014,102.622261,CN,CN-62,Gannan (Xiahe),yes
GXQ,SCCY,medium_airport,Teniente Vidal Airport,-45.5942,-72.106102,CL,CL-AI,Coyhaique,no
GYA,SLGM,medium_airport,Guayaramerín Airport,-10.88856,-65.380955,BO,BO-B,Guayaramerín,yes
GYD,UBBB,large_airport,Heydar Aliyev International Airport,40.47278,50.050931,AZ,AZ-BA,Baku,yes
GYE,SEGU,large_airport,José Joaquín de Olmedo International Airport,-2.15742,-79.883598,EC,EC-G,Guayaquil,yes
GYG,UEMM,medium_airport,Magan Airport,62.103484,129.545288,RU,RU-SA,Magan,no
GYI,HRYG,medium_airport,Gisenyi Airport,-1.6772,29.2589,RW,RW-04,Gisenyi,no
GYM,MMGM,medium_airport,General José María Yáñez International Airport,27.9689998626709,-110.92500305175781,MX,MX-SON,Guaymas,yes
GYN,SBGO,large_airport,Santa Genoveva International Airport,-16.632,-49.220699,BR,BR-GO,Goiânia,yes
GYS,ZUGU,medium_airport,Guangyuan Panlong Airport,32.390254,105.694571,CN,CN-51,Guangyuan (Lizhou),yes
GYU,ZLGY,medium_airport,Guyuan Liupanshan Airport,36.078889,106.216944,CN,CN-64,Guyuan (Yuanzhou),yes
GYY,KGYY,medium_airport,Gary/Chicago International Airport,41.617087,-87.413206,US,US-IN,Gary,yes
GZP,LTFG,medium_airport,Gazipaşa-Alanya Airport,36.298832,32.297017,TR,TR-07,Gazipaşa,yes
GZT,LTAJ,large_airport,Gaziantep Oğuzeli International Airport,36.947201,37.478699,TR,TR-27,Gaziantep,yes
GZW,OIIK,medium_airport,Qazvin Airport,36.240101,50.0471,IR,IR-26,Qazvin,no
HAC,RJTH,medium_airport,Hachijojima Airport,33.114843,139.785645,JP,JP-13,Hachijojima,yes
HAD,ESMT,medium_airport,Halmstad Airport,56.69110107421875,12.820199966430664,SE,SE-N,Halmstad,yes
HAH,FMCH,large_airport,Prince Said Ibrahim International Airport,-11.5337,43.2719,KM,KM-G,Moroni,yes
HAJ,EDDV,large_airport,Hannover Airport,52.461102,9.68508,DE,DE-NI,Hannover,yes
HAK,ZJHK,large_airport,Haikou Meilan International Airport,19.9349,110.459,CN,CN-46,Haikou (Meilan),yes
HAM,EDDH,large_airport,Hamburg Helmut Schmidt Airport,53.630402,9.98823,DE,DE-HH,Hamburg,yes
HAN,VVNB,large_airport,Noi Bai International Airport,21.221201,105.806999,VN,VN-RRD,Hanoi (Soc Son),yes
HAQ,VRMH,large_airport,Hanimaadhoo International Airport,6.743235,73.167072,MV,MV-23,Haa Dhaalu Atoll,yes
HAS,OEHL,large_airport,Hail International Airport,27.437901,41.686298,SA,SA-06,Hail,yes
HAU,ENHD,medium_airport,"Haugesund Airport, Karmøy",59.345299,5.20836,NO,NO-11,Karmøy,yes
HAV,MUHA,large_airport,José Martí International Airport,22.989200592041016,-82.40910339355469,CU,CU-03,Havana,yes
HAW,EGFE,medium_airport,Haverfordwest Airport,51.833099365234375,-4.9611101150512695,GB,GB-WLS,Haverfordwest,no
HBA,YMHB,large_airport,Hobart International Airport,-42.837032,147.513022,AU,AU-TAS,Hobart (Cambridge),yes
HBE,HEBA,large_airport,Alexandria International Airport,30.93249,29.696437,EG,EG-ALX,Alexandria,yes
HBG,KHBG,medium_airport,Hattiesburg Bobby L Chain Municipal Airport,31.26479912,-89.25279999,US,US-MS,Hattiesburg,no
HBR,KHBR,medium_airport,Hobart Regional Airport,34.991317,-99.051313,US,US-OK,Hobart,no
HBX,VAHB,medium_airport,Hubballi Airport,15.361084,75.082096,IN,IN-KA,Hubballi,yes
HCJ,ZGHC,medium_airport,Hechi Jinchengjiang Airport,24.804344,107.710819,CN,CN-45,Hechi (Jinchengjiang),yes
HCN,RCKW,medium_airport,Hengchun Airport,22.0411,120.730003,TW,TW-PIF,Hengchun,no
HCQ,YHLC,medium_airport,Halls Creek Airport,-18.2339,127.669998,AU,AU-WA,,no
HCR,PAHC,medium_airport,Holy Cross Airport,62.18830108642578,-159.77499389648438,US,US-AK,Holy Cross,yes
HCZ,ZGCZ,medium_airport,Chenzhou Beihu Airport,25.753419,112.845404,CN,CN-43,Chenzhou,yes
HDF,EDAH,medium_airport,Heringsdorf Airport,53.8787,14.1523,DE,DE-MV,Zirchow,yes
HDG,ZBHD,medium_airport,Handan Airport,36.524824,114.424126,CN,CN-13,Handan,yes
HDM,OIHH,medium_airport,Hamadan Airport,34.866416,48.56069,IR,IR-13,Hamadan,yes
HDN,KHDN,medium_airport,Yampa Valley Airport,40.481201,-107.218002,US,US-CO,Hayden,yes
HDS,FAHT,medium_airport,Eastgate Airport / Air Force Base Hoedspruit,-24.361864,31.052921,ZA,ZA-LP,Hoedspruit,yes
HDY,VTSS,large_airport,Hat Yai International Airport,6.93321,100.392998,TH,TH-90,Hat Yai,yes
HEA,OAHR,large_airport,Herat - Khwaja Abdullah Ansari International Airport,34.209999,62.228298,AF,AF-HER,Guzara,yes
HEH,VYHH,medium_airport,Heho Airport,20.74714,96.792029,MM,MM-17,Heho,yes
HEK,ZYHE,medium_airport,Heihe Aihui Airport,50.171621,127.308884,CN,CN-23,Heihe,yes
HEL,EFHK,large_airport,Helsinki Vantaa Airport,60.318363,24.963341,FI,FI-18,Helsinki (Vantaa),yes
HER,LGIR,large_airport,Heraklion International Nikos Kazantzakis Airport,35.339699,25.1803,GR,GR-M,Heraklion,yes
HET,ZBHH,large_airport,Hohhot Baita International Airport,40.849658,111.824598,CN,CN-15,Hohhot,yes
HFA,LLHA,medium_airport,Uri Michaeli Haifa International Airport,32.810219,35.043719,IL,IL-HA,Haifa,yes
HFD,KHFD,medium_airport,Hartford Brainard Airport,41.736698150635,-72.649398803711,US,US-CT,Hartford,no
HFE,ZSOF,large_airport,Hefei Xinqiao International Airport,31.98779,116.9769,CN,CN-34,Hefei,yes
HFN,BIHN,medium_airport,Hornafjörður Airport,64.295601,-15.2272,IS,IS-8,Höfn,yes
HFT,ENHF,medium_airport,Hammerfest Airport,70.679703,23.6686,NO,NO-56,Hammerfest,yes
HGA,HCMH,large_airport,Egal International Airport,9.514082,44.083469,SO,SO-WO,Hargeisa,yes
HGH,ZSHC,large_airport,Hangzhou Xiaoshan International Airport,30.23609,120.428865,CN,CN-33,Hangzhou,yes
HGI,IN-0308,medium_airport,Itanagar Donyi Polo Hollongi Airport,26.96683,93.638792,IN,IN-AR,Hollongi,yes
HGN,VTCH,medium_airport,Mae Hong Son Airport,19.3013,97.9758,TH,TH-58,Mae Hong Son,yes
HGO,DIKO,medium_airport,Korhogo Airport,9.38718,-5.55666,CI,CI-SV,Korhogo,yes
HGR,KHGR,medium_airport,Hagerstown Regional Richard A Henson Field,39.708771,-77.728014,US,US-MD,Hagerstown,yes
HGU,AYMH,medium_airport,Mount Hagen Kagamuga Airport,-5.828212,144.299412,PG,PG-WHM,Mount Hagen,yes
HHE,RJSH,medium_airport,JMSDF Hachinohe Air Base / Hachinohe Airport,40.551181,141.465428,JP,JP-02,Hachinohe,no
HHH,KHXD,medium_airport,Hilton Head Airport,32.2244,-80.697502,US,US-SC,Hilton Head Island,yes
HHN,EDFH,large_airport,Frankfurt-Hahn Airport,49.946353,7.261734,DE,DE-RP,Frankfurt am Main (Lautzenhausen),yes
HHQ,VTPH,medium_airport,Hua Hin Airport,12.6361999512,99.951499939,TH,TH-76,Hua Hin,yes
HHR,KHHR,medium_airport,Jack Northrop Field Hawthorne Municipal Airport,33.922798,-118.334999,US,US-CA,Hawthorne,yes
HIA,ZSSH,large_airport,Huai'an Lianshui Airport,33.792712,119.126657,CN,CN-32,Huai'an,yes
HIB,KHIB,medium_airport,Range Regional Airport,47.384831,-92.836905,US,US-MN,Hibbing,yes
HID,YHID,medium_airport,Horn Island Airport,-10.585636,142.29277,AU,AU-QLD,Horn,yes
HIF,KHIF,medium_airport,Hill Air Force Base,41.12403,-111.973086,US,US-UT,Ogden,no
HII,KHII,medium_airport,Lake Havasu City Airport,34.570506,-114.357745,US,US-AZ,Lake Havasu City,yes
HIJ,RJOA,large_airport,Hiroshima Airport,34.4361,132.919006,JP,JP-34,Hiroshima,yes
HIM,VCCH,medium_airport,Hingurakgoda Air Force Base,8.04981,80.9814,LK,LK-7,Polonnaruwa Town,no
HIN,RKPS,medium_airport,Sacheon Airport / Sacheon Air Base,35.088591,128.071747,KR,KR-48,Sacheon,yes
HIO,KHIO,medium_airport,Portland Hillsboro Airport,45.540401,-122.949997,US,US-OR,Portland,no
HIR,AGGH,large_airport,Honiara International Airport,-9.428,160.054993,SB,SB-GU,Honiara,yes
HJJ,ZGCJ,medium_airport,Huaihua Zhijiang Airport,27.443087,109.704666,CN,CN-43,Huaihua,yes
HJR,VAKJ,medium_airport,Khajuraho Airport,24.8172,79.918602,IN,IN-MP,Khajuraho,yes
HKD,RJCH,large_airport,Hakodate Airport,41.77,140.822006,JP,JP-01,Hakodate,yes
HKG,VHHH,large_airport,Hong Kong International Airport,22.31184,113.914862,HK,HK-NT,Hong Kong,yes
HKK,NZHK,medium_airport,Hokitika Airfield,-42.713600158691406,170.98500061035156,NZ,NZ-WTC,,yes
HKN,AYHK,medium_airport,Hoskins Airport,-5.463846,150.407327,PG,PG-WBK,Kimbe,yes
HKT,VTSP,large_airport,Phuket International Airport,8.113257,98.3174,TH,TH-83,Phuket,yes
HKY,KHKY,medium_airport,Hickory Regional Airport,35.74110031,-81.38950348,US,US-NC,Hickory,no
HLA,FALA,large_airport,Lanseria International Airport,-25.938964,27.926642,ZA,ZA-GT,Johannesburg,yes
HLD,ZBLA,large_airport,Hulunbuir Hailar Airport,49.208616,119.822301,CN,CN-15,Hailar,yes
HLE,FHSH,medium_airport,Saint Helena International Airport,-15.958898,-5.646066,SH,SH-SH,Jamestown,yes
HLG,KHLG,medium_airport,Wheeling Ohio County Airport,40.1749992371,-80.6463012695,US,US-WV,Wheeling,no
HLN,KHLN,medium_airport,Helena Regional Airport,46.6068,-111.983002,US,US-MT,Helena,yes
HLP,WIHH,large_airport,Halim Perdanakusuma International Airport,-6.266989,106.890318,ID,ID-JK,Jakarta,yes
HLT,YHML,medium_airport,Hamilton Airport,-37.64889907836914,142.06500244140625,AU,AU-VIC,,no
HLZ,NZHN,medium_airport,Hamilton International Airport,-37.866961,175.331952,NZ,NZ-WKO,Hamilton,yes
HMA,USHH,medium_airport,Khanty Mansiysk Airport,61.0285,69.086098,RU,RU-KHM,Khanty-Mansiysk,yes
HMB,HESG,large_airport,Suhaj International Airport,26.342515,31.743017,EG,EG-SHG,Suhaj,yes
HME,DAUH,medium_airport,Hassi Messaoud-Oued Irara Krim Belkacem Airport,31.673,6.14044,DZ,DZ-30,Hassi Messaoud,yes
HMI,ZWHM,medium_airport,Hami Airport,42.8414,93.669197,CN,CN-65,Hami,yes
HMJ,UKLH,medium_airport,Khmelnytskyi Airport,49.359699,26.933399,UA,UA-68,Khmelnytskyi,no
HMN,KHMN,medium_airport,Holloman Air Force Base,32.852501,-106.107002,US,US-NM,Alamogordo,no
HMO,MMHO,large_airport,General Ignacio L. Pesqueira International Airport,29.092811,-111.053015,MX,MX-SON,Hermosillo,yes
HNA,RJSI,medium_airport,Iwate Hanamaki Airport,39.4286,141.134995,JP,JP-03,Hanamaki,yes
HND,RJTT,large_airport,Tokyo Haneda International Airport,35.549678,139.786958,JP,JP-13,Tokyo,yes
HNG,CN-0117,medium_airport,Hainanzhou Gonghe Airport,36.3367,100.480003,CN,CN-63,Hainan (Gonghe),no
HNL,PHNL,large_airport,Daniel K. Inouye International Airport,21.318387,-157.92567,US,US-HI,"Honolulu, Oahu",yes
HNM,PHHN,medium_airport,Hana Airport,20.795601,-156.014008,US,US-HI,Hana,yes
HNS,PAHN,medium_airport,Haines Airport,59.243921,-135.523925,US,US-AK,Haines,yes
HOB,KHOB,medium_airport,Lea County Regional Airport,32.6875,-103.217003,US,US-NM,Hobbs,yes
HOF,OEAH,large_airport,Al-Ahsa International Airport,25.285299,49.485199,SA,SA-04,Hofuf,yes
HOG,MUHG,large_airport,Frank Pais International Airport,20.785148,-76.315526,CU,CU-11,Holguin,yes
HOI,NTTO,medium_airport,Hao Airport,-18.0748,-140.945999,PF,PF-U-A,Otepa,yes
HOM,PAHO,medium_airport,Homer Airport,59.644456,-151.479235,US,US-AK,Homer,yes
HON,KHON,medium_airport,Huron Regional Airport,44.385201,-98.2285,US,US-SD,Huron,no
HOP,KHOP,medium_airport,Campbell Army Airfield (Fort Campbell),36.674154,-87.48974,US,US-KY,Fort Campbell,no
HOQ,EDQM,medium_airport,Hof-Plauen Airport,50.288544,11.852876,DE,DE-BY,Hof,no
HOR,LPHR,medium_airport,Horta Airport,38.519901275634766,-28.715900421142578,PT,PT-20,Horta,yes
HOT,KHOT,medium_airport,Memorial Field Airport,34.4788,-93.096262,US,US-AR,Hot Springs,yes
HOU,KHOU,large_airport,William P. Hobby Airport,29.645336,-95.276812,US,US-TX,Houston,yes
HOV,ENOV,medium_airport,"Ørsta-Volda Airport, Hovden",62.180000305176,6.0741000175476,NO,NO-15,Ørsta,yes
HPA,NFTL,medium_airport,Lifuka Island Airport,-19.777000427246094,-174.34100341796875,TO,TO-02,Lifuka,yes
HPG,ZHSN,medium_airport,Shennongjia Hongping Airport,31.626,110.34,CN,CN-42,Shennongjia (Hongping),yes
HPH,VVCI,large_airport,Cat Bi International Airport,20.817428,106.724315,VN,VN-RRD,Haiphong (Hai An),yes
HPN,KHPN,medium_airport,Westchester County Airport,41.06700134277344,-73.70760345458984,US,US-NY,White Plains,yes
HQL,CN-0237,medium_airport,Tashikuergan Hongqilafu Airport,37.661333,75.288877,CN,CN-65,Tashikuergan,yes
HQM,KHQM,medium_airport,Bowerman Airport,46.971199035599994,-123.93699646,US,US-WA,Hoquiam,no
HRB,ZYHB,large_airport,Harbin Taiping International Airport,45.623402,126.25,CN,CN-23,Harbin,yes
HRE,FVHA,large_airport,Robert Gabriel Mugabe International Airport,-17.931801,31.0928,ZW,ZW-HA,Harare,yes
HRG,HEGN,large_airport,Hurghada International Airport,27.176776,33.796692,EG,EG-BA,Hurghada,yes
HRI,VCRI,medium_airport,Mattala Rajapaksa International Airport,6.283878,81.124163,LK,LK-3,Mattala,yes
HRK,UKHH,medium_airport,Kharkiv International Airport,49.926943,36.290814,UA,UA-U-A,Kharkiv,no
HRL,KHRL,medium_airport,Valley International Airport,26.228500366210938,-97.65440368652344,US,US-TX,Harlingen,yes
HRM,DAFH,medium_airport,Hassi R'Mel Airport,32.930401,3.31154,DZ,DZ-03,Hassi R'Mel,no
HRO,KHRO,medium_airport,Boone County Airport,36.26150131225586,-93.15470123291016,US,US-AR,Harrison,yes
HRS,FAHR,medium_airport,Harrismith Airport,-28.2351,29.106199,ZA,ZA-FS,Harrismith,no
HSA,UAIT,large_airport,Hazrat Sultan International Airport,43.311087,68.550352,KZ,KZ-YUZ,Turkıstan,yes
HSC,CN-0079,medium_airport,Shaoguan Danxia Airport,24.9786,113.420998,CN,CN-44,Shaoguan,yes
HSG,RJFS,large_airport,Kyushu Saga International Airport,33.1497,130.302002,JP,JP-41,Saga,yes
HSL,PAHL,medium_airport,Huslia Airport,65.697899,-156.350998,US,US-AK,Huslia,yes
HSM,YHSM,medium_airport,Horsham Airport,-36.669700622558594,142.17300415039062,AU,AU-VIC,,no
HSN,ZSZS,large_airport,Zhoushan Putuoshan International Airport,29.933874,122.362307,CN,CN-33,Zhoushan,yes
HSR,VAHS,large_airport,Rajkot International Airport,22.378824,71.039391,IN,IN-GJ,Rajkot,yes
HSS,VIHR,large_airport,Maharaja Agrasen International Airport,29.186065,75.74142,IN,IN-HR,Hisar,yes
HST,KHST,medium_airport,Homestead Air Reserve Base,25.4886,-80.383598,US,US-FL,Homestead,no
HSV,KHSV,medium_airport,Huntsville International Airport,34.636244,-86.774378,US,US-AL,Huntsville,yes
HSZ,RCPO,medium_airport,Hsinchu Air Base,24.8180007935,120.939002991,TW,TW-HSZ,Hsinchu City,no
HTA,UIAA,large_airport,Chita-Kadala International Airport,52.024841,113.305839,RU,RU-ZAB,Chita,yes
HTG,UOHH,medium_airport,Khatanga Airport,71.97810363769531,102.49099731445312,RU,RU-KYA,Khatanga,yes
HTI,YBHM,medium_airport,Hamilton Island Airport,-20.3581008911,148.95199585,AU,AU-QLD,Hamilton Island,yes
HTN,ZWTN,medium_airport,Hotan Airport,37.03850173950195,79.86489868164062,CN,CN-65,Hotan,yes
HTS,KHTS,medium_airport,Tri-State Airport / Milton J. Ferguson Field,38.366699,-82.557999,US,US-WV,Huntington,yes
HTT,ZLHX,medium_airport,Huatugou Airport,38.201645,90.837843,CN,CN-63,Mengnai,yes
HTU,YHPN,medium_airport,Hopetoun Airport,-35.715302,142.360001,AU,AU-VIC,,no
HTV,KUTS,medium_airport,Huntsville Regional Airport,30.7469005585,-95.5871963501,US,US-TX,Huntsville,no
HTY,LTDA,medium_airport,Hatay Airport,36.36079,36.285589,TR,TR-31,Antakya,yes
HUA,KHUA,medium_airport,Redstone Army Air Field,34.67869949,-86.68479919,US,US-AL,Redstone Arsnl Huntsville,no
HUF,KHUF,medium_airport,"Terre Haute Regional Airport, Hulman Field",39.4515,-87.307602,US,US-IN,Terre Haute,no
HUH,NTTH,medium_airport,Huahine-Fare Airport,-16.687084,-151.021593,PF,PF-U-A,Fare,yes
HUI,VVPB,large_airport,Phu Bai International Airport,16.400581,107.704094,VN,VN-NC,Huế,yes
HUL,KHUL,medium_airport,Houlton International Airport,46.1231002808,-67.792098999,US,US-ME,Houlton,no
HUN,RCYU,large_airport,Hualien Chiashan Airport,24.023163,121.617991,TW,TW-HUA,Hualien City,yes
HUO,ZBHZ,medium_airport,Holingol Huolinhe Airport,45.487222,119.407222,CN,CN-15,Holingol,yes
HUT,KHUT,medium_airport,Hutchinson Municipal Airport,38.0654983521,-97.86060333250002,US,US-KS,Hutchinson,no
HUU,SPNC,medium_airport,Alferez Fap David Figueroa Fernandini Airport,-9.878809928894043,-76.20480346679688,PE,PE-HUC,Huánuco,yes
HUX,MMBT,large_airport,Bahías de Huatulco International Airport,15.775437,-96.260456,MX,MX-OAX,Huatulco,yes
HUY,EGNJ,medium_airport,Humberside Airport,53.576152,-0.34954,GB,GB-ENG,"Grimsby, Lincolnshire",yes
HUZ,ZGHZ,medium_airport,Huizhou Pingtan Airport,23.049999,114.599998,CN,CN-44,Huizhou (Pingtan),yes
HVA,FMNL,medium_airport,Analalava Airport,-14.629514,47.763555,MG,MG-M,Analalava,no
HVB,YHBA,medium_airport,Hervey Bay Airport,-25.320127,152.880662,AU,AU-QLD,Hervey Bay,yes
HVD,ZMKD,medium_airport,Khovd Airport,47.954102,91.628197,MN,MN-043,Khovd,yes
HVG,ENHV,medium_airport,"Honningsvåg Airport, Valan",71.009697,25.983601,NO,NO-56,Honningsvåg,yes
HVN,KHVN,medium_airport,Tweed New Haven Airport,41.262869,-72.887694,US,US-CT,New Haven,yes
HVR,KHVR,medium_airport,Havre City County Airport,48.541387,-109.762859,US,US-MT,Havre,yes
HWN,FVWN,medium_airport,Hwange National Park Airport,-18.6299,27.021,ZW,ZW-MN,Gwayi River Farms,no
HWO,KHWO,medium_airport,North Perry Airport,26.0012,-80.2407,US,US-FL,Hollywood,no
HWR,VIHX,large_airport,Halwara International Airport,30.748501,75.629799,IN,IN-PB,Halwara,yes
HXD,ZLDL,medium_airport,Haixi Delingha Airport,37.125286,97.268658,CN,CN-63,Delingha,yes
HXX,YHAY,medium_airport,Hay Airport,-34.531399,144.830002,AU,AU-NSW,,no
HYA,KHYA,medium_airport,Cape Cod Gateway Airport,41.6693,-70.280403,US,US-MA,Hyannis,yes
HYD,VOHS,large_airport,Rajiv Gandhi International Airport,17.231318,78.429855,IN,IN-TG,Hyderabad,yes
HYN,ZSLQ,medium_airport,Taizhou Luqiao Airport,28.562201,121.429001,CN,CN-33,Taizhou (Luqiao),yes
HYR,KHYR,medium_airport,Sawyer County Airport,46.025199890100005,-91.44429779050002,US,US-WI,Hayward,no
HYS,KHYS,medium_airport,Hays Regional Airport,38.844521,-99.273148,US,US-KS,Hays,yes
HZA,ZSHZ,medium_airport,Heze Mudan Airport,35.212972,115.736748,CN,CN-37,Heze (Dingtao),yes
HZB,LFQT,medium_airport,Merville-Calonne Airport,50.618401,2.64224,FR,FR-HDF,"Merville, Nord",no
HZG,ZLHZ,medium_airport,Hanzhong Chenggu Airport,33.133527,107.203817,CN,CN-61,Hanzhong (Chenggu),yes
HZH,ZUNP,medium_airport,Liping Airport,26.32217,109.1499,CN,CN-52,Liping,yes
HZK,BIHU,medium_airport,Húsavík Airport,65.952301,-17.426001,IS,IS-6,Húsavík,no
HZU,HZU,medium_airport,Chengdu Huaizhou Airport,30.677339,104.529397,CN,CN-51,Chengdu (Jintang),no
IAA,UOII,medium_airport,Igarka Airport,67.437202,86.621902,RU,RU-KYA,Igarka,yes
IAB,KIAB,medium_airport,McConnell Air Force Base,37.621899,-97.268204,US,US-KS,Wichita,no
IAD,KIAD,large_airport,Washington Dulles International Airport,38.9445,-77.455803,US,US-VA,Dulles,yes
IAG,KIAG,medium_airport,Niagara Falls International Airport,43.1073,-78.946198,US,US-NY,Niagara Falls,yes
IAH,KIAH,large_airport,George Bush Intercontinental Airport,29.9844,-95.3414,US,US-TX,Houston,yes
IAM,DAUZ,medium_airport,Zarzaitine - In Aménas Airport,28.0515,9.64291,DZ,DZ-33,In Aménas,yes
IAN,PAIK,medium_airport,Bob Baker Memorial Airport,66.976128,-160.439014,US,US-AK,Kiana,yes
IAR,UUDL,large_airport,Golden Ring Yaroslavl International Airport,57.560699,40.157398,RU,RU-YAR,Tunoshna,yes
IAS,LRIA,large_airport,Iaşi International Airport,47.179633,27.621431,RO,RO-IS,Iaşi,yes
IBA,DNIB,medium_airport,Ibadan Airport,7.362460136413574,3.97832989692688,NG,NG-OY,Ibadan,yes
IBE,SKIB,medium_airport,Perales Airport,4.42161,-75.1333,CO,CO-TOL,Ibagué,yes
IBL,IBL,medium_airport,Indigo Bay Lodge Airport,-21.708,35.452801,MZ,MZ-I,Bazaruto Island,no
IBP,SPBR,medium_airport,Iberia Airport,-11.4116,-69.488701,PE,PE-MDD,Iberia,no
IBR,RJAH,large_airport,Ibaraki Airport,36.181456,140.414434,JP,JP-08,Omitama,yes
IBZ,LEIB,large_airport,Ibiza Airport,38.872898,1.37312,ES,ES-IB,Ibiza (Eivissa),yes
ICN,RKSI,large_airport,Incheon International Airport,37.469101,126.450996,KR,KR-28,Seoul,yes
ICT,KICT,medium_airport,Wichita Dwight D. Eisenhower National Airport,37.650314,-97.428583,US,US-KS,Wichita,yes
IDA,KIDA,medium_airport,Idaho Falls Regional Airport,43.514599,-112.070999,US,US-ID,Idaho Falls,yes
IDR,VAID,large_airport,Devi Ahilya Bai Holkar International Airport,22.721404,75.80051,IN,IN-MP,Indore,yes
IEG,EPZG,medium_airport,Zielona Góra-Babimost Airport,52.1385,15.7986,PL,PL-LB,Nowe Kramsko,yes
IEJ,RORE,medium_airport,Iejima Airport,26.722537,127.786801,JP,JP-47,Ie,no
IEV,UKKK,medium_airport,Igor Sikorsky Kyiv International Airport (Zhuliany),50.40194,30.45194,UA,UA-30,Kyiv,no
IFJ,BIIS,medium_airport,Ísafjörður Airport,66.058098,-23.1353,IS,IS-4,Ísafjörður,yes
IFN,OIFM,large_airport,Isfahan Shahid Beheshti International Airport,32.755142,51.883877,IR,IR-10,Isfahan,yes
IFO,UKLI,medium_airport,Ivano-Frankivsk International Airport,48.884201,24.6861,UA,UA-26,Ivano-Frankivsk,no
IFP,KIFP,medium_airport,Laughlin Bullhead International Airport,35.154726,-114.559322,US,US-AZ,Bullhead City,no
IGA,MYIG,medium_airport,Inagua Airport,20.975,-73.666901,BS,BS-IN,Matthew Town,yes
IGD,LTCT,medium_airport,Iğdır Airport,39.976627,43.876648,TR,TR-76,Iğdır,yes
IGL,LTBL,medium_airport,Çiğli Airbase,38.513,27.010099,TR,TR-35,Çiğli,no
IGM,KIGM,medium_airport,Kingman Airport,35.259499,-113.938004,US,US-AZ,Kingman,no
IGR,SARI,medium_airport,Cataratas Del Iguazú International Airport,-25.737301,-54.4734,AR,AR-N,Puerto Iguazu,yes
IGS,ETSI,medium_airport,Ingolstadt Manching Airport,48.7156982421875,11.534000396728516,DE,DE-BY,Manching,no
IGT,URMS,medium_airport,Magas Airport,43.323268,45.012568,RU,RU-IN,Sunzha,yes
IGU,SBFI,large_airport,Cataratas International Airport,-25.594167,-54.489444,BR,BR-PR,Foz do Iguaçu,yes
IHR,OIZI,medium_airport,Iranshahr Airport,27.236099,60.720001,IR,IR-11,Iranshahr,no
IIL,OICI,medium_airport,Ilam Airport,33.58660125732422,46.40480041503906,IR,IR-16,Ilam,no
IJK,USII,medium_airport,Izhevsk Airport,56.834524,53.462172,RU,RU-UD,Izhevsk,yes
IKA,OIIE,large_airport,Imam Khomeini International Airport,35.416099548339844,51.152198791503906,IR,IR-23,Tehran,yes
IKG,UAFP,medium_airport,Karakol International Airport,42.508099,78.407799,KG,KG-Y,Karakol,yes
IKI,RJDB,medium_airport,Iki Airport,33.7490005493,129.785003662,JP,JP-42,Iki,yes
IKK,KIKK,medium_airport,Greater Kankakee Airport,41.07139968869999,-87.8462982178,US,US-IL,Kankakee,no
IKS,UEST,medium_airport,Tiksi Airport,71.697701,128.903,RU,RU-SA,Tiksi,yes
IKT,UIII,large_airport,Irkutsk International Airport,52.266707,104.395563,RU,RU-IRK,Irkutsk,yes
IKU,UCFL,large_airport,Issyk-Kul International Airport,42.585584,76.701181,KG,KG-Y,Tamchy,yes
ILD,LEDA,medium_airport,Lleida-Alguaire Airport,41.728185,0.535023,ES,ES-CT,Lleida,yes
ILG,KILG,medium_airport,Wilmington Airport,39.678699,-75.606499,US,US-DE,Wilmington,yes
ILI,PAIL,medium_airport,Iliamna Airport,59.754398,-154.910996,US,US-AK,Iliamna,yes
ILM,KILM,medium_airport,Wilmington International Airport,34.272345,-77.905117,US,US-NC,Wilmington,yes
ILN,KILN,medium_airport,Wilmington Airpark,39.427898407,-83.792098999,US,US-OH,Wilmington,no
ILO,RPVI,large_airport,Iloilo International Airport,10.833017,122.493358,PH,PH-ILI,Cabatuan,yes
ILP,NWWE,medium_airport,Île des Pins Airport,-22.5889,167.455994,NC,NC-03,Île des Pins,yes
ILQ,SPLO,medium_airport,General Jorge Fernandez Maldon Airport,-17.695,-71.344002,PE,PE-MOQ,Ilo,yes
ILR,DNIL,large_airport,General Tunde Idiagbon International Airport,8.44021,4.49392,NG,NG-KW,Ilorin/Ogbomosho,yes
ILS,MSSS,medium_airport,Ilopango International Airport,13.6995,-89.119904,SV,SV-SS,San Salvador,yes
ILY,EGPI,medium_airport,Islay Airport,55.682708,-6.257525,GB,GB-SCT,"Isle of Islay, Argyll and Bute",yes
ILZ,LZZI,medium_airport,Žilina-Dolný Hričov Airport,49.233292,18.613386,SK,SK-ZI,Dolný Hričov,no
IMF,VEIM,large_airport,Bir Tikendrajit International Airport,24.76,93.896698,IN,IN-MN,Imphal,yes
IMP,SBIZ,medium_airport,Prefeito Renato Moreira Airport,-5.53129,-47.459999,BR,BR-MA,Imperatriz,yes
IMQ,OITU,medium_airport,Maku National Airport,39.191293,44.928505,IR,IR-04,Showt,no
IMT,KIMT,medium_airport,Ford Airport,45.81911,-88.114557,US,US-MI,Kingsford,yes
INA,UUYI,medium_airport,Inta Airport,66.055568,60.11088,RU,RU-KO,Inta,no
INC,ZLIC,large_airport,Yinchuan Hedong International Airport,38.322758,106.393214,CN,CN-64,Yinchuan,yes
IND,KIND,large_airport,Indianapolis International Airport,39.7173,-86.294403,US,US-IN,Indianapolis,yes
INH,FQIN,medium_airport,Inhambane Airport,-23.8764,35.408501,MZ,MZ-I,Inhambane,yes
INI,LYNI,large_airport,Niš Constantine the Great Airport,43.336538,21.856242,RS,RS-20,Niš,yes
INK,KINK,medium_airport,Winkler County Airport,31.7796,-103.200996,US,US-TX,Wink,no
INL,KINL,medium_airport,Falls International Airport,48.566200256347656,-93.4030990600586,US,US-MN,International Falls,yes
INN,LOWI,large_airport,Innsbruck Airport,47.260201,11.344,AT,AT-7,Innsbruck,yes
INT,KINT,medium_airport,Smith Reynolds Airport,36.13370132446289,-80.22200012207031,US,US-NC,Winston Salem,no
INU,ANYN,medium_airport,Nauru International Airport,-0.547893,166.919525,NR,NR-14,Yaren,yes
INV,EGPE,medium_airport,Inverness Airport,57.5425,-4.0475,GB,GB-SCT,"Inverness, Highland",yes
INW,KINW,medium_airport,Winslow Lindbergh Regional Airport,35.021900177,-110.722999573,US,US-AZ,Winslow,no
INZ,DAUI,medium_airport,In Salah Airport,27.250999,2.51202,DZ,DZ-57,In Salah,yes
IOA,LGIO,medium_airport,Ioannina King Pyrrhus National Airport,39.6964,20.8225,GR,GR-D,Ioannina,yes
IOM,EGNS,large_airport,Isle of Man Airport,54.083081,-4.623871,IM,IM-U-A,"Castletown, Rushen",yes
IOS,SBIL,medium_airport,Bahia - Jorge Amado Airport,-14.815929,-39.033458,BR,BR-BA,Ilhéus,yes
IPC,SCIP,large_airport,Mataveri International Airport,-27.165411,-109.421027,CL,CL-VS,Isla De Pascua,yes
IPH,WMKI,large_airport,Sultan Azlan Shah Airport,4.56733,101.091643,MY,MY-08,Ipoh,yes
IPI,SKIP,medium_airport,San Luis Airport,0.861946,-77.671783,CO,CO-NAR,Ipiales,yes
IPL,KIPL,medium_airport,Imperial County Airport,32.83539,-115.574026,US,US-CA,Imperial,yes
IPN,SBIP,medium_airport,Usiminas Airport,-19.470699,-42.487598,BR,BR-MG,Ipatinga,yes
IPT,KIPT,medium_airport,Williamsport Regional Airport,41.242126,-76.92245,US,US-PA,Williamsport,yes
IQA,ORAA,medium_airport,Al Asad Air Base,33.7855987549,42.4412002563,IQ,IQ-AN,Hīt,no
IQM,ZWCM,medium_airport,Qiemo Yudu Airport,38.234516,85.465462,CN,CN-65,Qiemo,yes
IQN,ZLQY,medium_airport,Qingyang Xifeng Airport,35.802638,107.598896,CN,CN-62,Qingyang (Xifeng),yes
IQQ,SCDA,large_airport,Diego Aracena International Airport,-20.536273,-70.181373,CL,CL-TA,Iquique,yes
IQT,SPQT,large_airport,Coronel FAP Francisco Secada Vignetta International Airport,-3.78474,-73.3088,PE,PE-LOR,Iquitos,yes
IRD,VGIS,medium_airport,Ishurdi Airport,24.1525,89.0494,BD,BD-E,Ishurdi,no
IRG,YLHR,medium_airport,Lockhart River Airport,-12.7869,143.304993,AU,AU-QLD,Lockhart River,yes
IRI,HTIR,medium_airport,Iringa Airport,-7.66863,35.752102,TZ,TZ-04,Nduli,no
IRJ,SANL,medium_airport,Capitan V A Almonacid Airport,-29.381599,-66.795799,AR,AR-F,La Rioja,yes
IRK,KIRK,medium_airport,Kirksville Regional Airport,40.09349822998047,-92.5448989868164,US,US-MO,Kirksville,yes
IRP,FZJH,medium_airport,Matari Airport,2.82761,27.588301,CD,CD-HU,Isiro,yes
ISA,YBMA,medium_airport,Mount Isa Airport,-20.66638,139.488468,AU,AU-QLD,Mount Isa,yes
ISB,OPIS,large_airport,Islamabad International Airport,33.549,72.82566,PK,PK-PB,Attock,yes
ISE,LTFC,medium_airport,Süleyman Demirel International Airport,37.8554,30.368401,TR,TR-32,Isparta,yes
ISG,ROIG,medium_airport,New Ishigaki Airport,24.396389,124.245,JP,JP-47,Ishigaki,yes
ISK,VAOZ,large_airport,Nashik International Airport,20.119101,73.912903,IN,IN-MM,Nashik,yes
ISL,LTBA,large_airport,İstanbul Atatürk Airport,40.971913,28.823714,TR,TR-34,Istanbul(Bakırköy),no
ISM,KISM,medium_airport,Kissimmee Gateway Airport,28.2898006439,-81.4371032715,US,US-FL,Orlando,no
ISO,KISO,medium_airport,Kinston Regional Jetport At Stallings Field,35.331401825,-77.60880279540001,US,US-NC,Kinston,no
ISP,KISP,medium_airport,Long Island MacArthur Airport,40.796324,-73.101703,US,US-NY,Islip,yes
IST,LTFM,large_airport,İstanbul Airport,41.274874,28.732136,TR,TR-34,Istanbul,yes
ISU,ORSU,medium_airport,Jalal Talabani International Airport,35.560487,45.315137,IQ,IQ-SW,Sulaymaniyah,yes
ITA,SBIC,medium_airport,Itacoatiara Airport,-3.126539,-58.481668,BR,BR-AM,Itacoatiara,no
ITB,SBIH,medium_airport,Itaituba Airport,-4.242131,-56.000651,BR,BR-PA,Itaituba,yes
ITH,KITH,medium_airport,Ithaca Tompkins Regional Airport,42.49100112915039,-76.4583969116211,US,US-NY,Ithaca,yes
ITM,RJOO,large_airport,Osaka Itami International Airport,34.780853,135.440829,JP,JP-27,Osaka,yes
ITO,PHTO,medium_airport,Hilo International Airport,19.72135,-155.045428,US,US-HI,Hilo,yes
IUE,NIUE,medium_airport,Niue International Airport,-19.080109,-169.923493,NU,NU-U-A,Alofi,yes
IVC,NZNV,medium_airport,Invercargill Airport,-46.41239929199219,168.31300354003906,NZ,NZ-STL,Invercargill,yes
IVL,EFIV,large_airport,Ivalo Airport,68.6073,27.4053,FI,FI-10,Ivalo,yes
IVR,YIVL,medium_airport,Inverell Airport,-29.888299942,151.143997192,AU,AU-NSW,Inverell,no
IWA,UUBI,medium_airport,Ivanovo South Airport,56.93939971923828,40.940799713134766,RU,RU-IVA,Ivanovo,yes
IWJ,RJOW,medium_airport,Iwami Airport,34.676399231,131.789993286,JP,JP-32,Masuda,yes
IWK,RJOI,medium_airport,Iwakuni Kintaikyo Airport,34.146333,132.247238,JP,JP-35,Iwakuni,yes
IWO,RJAW,medium_airport,Ioto (Iwo Jima) Airbase,24.784153,141.32261,JP,JP-13,Ogasawara,no
IXA,VEAT,medium_airport,Agartala - Maharaja Bir Bikram Airport,23.886999,91.240402,IN,IN-TR,Agartala,yes
IXB,VEBD,large_airport,Bagdogra Airport,26.6812,88.328598,IN,IN-WB,Siliguri,yes
IXC,VICG,large_airport,Shaheed Bhagat Singh International Airport,30.6735,76.788498,IN,IN-CH,Chandigarh,yes
IXD,VIAL,medium_airport,Prayagraj Airport,25.4401,81.733902,IN,IN-UP,Allahabad,yes
IXE,VOML,large_airport,Mangaluru International Airport,12.95471,74.886812,IN,IN-KA,Mangaluru,yes
IXG,VABM,medium_airport,Belagavi Airport,15.8593,74.618301,IN,IN-KA,Belgaum,yes
IXH,VEKR,medium_airport,Kailashahar Airport,24.308657,92.00768,IN,IN-TR,Kailashahar,no
IXI,VELR,medium_airport,Lilabari North Lakhimpur Airport,27.295682,94.097266,IN,IN-AS,Lilabari,yes
IXJ,VIJU,medium_airport,Jammu Airport,32.688849,74.838152,IN,IN-JK,Jammu,yes
IXK,VAKS,medium_airport,Keshod Airport,21.317101,70.270401,IN,IN-GJ,Keshod,yes
IXL,VILH,medium_airport,Leh Kushok Bakula Rimpochee Airport,34.135899,77.546501,IN,IN-LA,Leh,yes
IXM,VOMD,medium_airport,Madurai Airport,9.83450984955,78.09339904790001,IN,IN-TN,Madurai,yes
IXP,VIPK,medium_airport,Pathankot Airport,32.233611,75.634444,IN,IN-PB,Pathankot,yes
IXR,VERC,medium_airport,Birsa Munda Airport,23.314300537100003,85.3217010498,IN,IN-JH,Ranchi,yes
IXS,VEKU,medium_airport,Silchar Airport,24.9129009247,92.97869873050001,IN,IN-AS,Silchar,yes
IXU,VAAU,medium_airport,Aurangabad Airport,19.862875,75.396312,IN,IN-MM,Aurangabad,yes
IXV,VEAN,medium_airport,Along Airport,28.17530059814453,94.802001953125,IN,IN-AR,,no
IXW,VEJS,medium_airport,Sonari Airport,22.813706,86.168981,IN,IN-JH,Jamshedpur,no
IXX,VOBR,medium_airport,Bidar Airport / Bidar Air Force Station,17.9081,77.487099,IN,IN-KA,Bidar,no
IXY,VAKE,medium_airport,Kandla Airport,23.1127,70.100304,IN,IN-GJ,Kandla,yes
IXZ,VOPB,large_airport,Veer Savarkar International Airport / INS Utkrosh,11.640194,92.72902,IN,IN-AN,Port Blair,yes
IZA,SBZM,medium_airport,Presidente Itamar Franco Airport,-21.513086,-43.173069,BR,BR-MG,Juiz de Fora,yes
IZO,RJOC,medium_airport,Izumo Enmusubi Airport,35.413601,132.889999,JP,JP-32,Izumo,yes
IZT,MMIT,medium_airport,General Antonio Cárdenas Rodríguez National Airport / Ixtepec Air Base,16.445961,-95.093708,MX,MX-OAX,Ixtepec,yes
JAA,OAJL,medium_airport,Jalalabad Airport,34.399799,70.498596,AF,AF-NAN,Jalalabad,no
JAC,KJAC,medium_airport,Jackson Hole Airport,43.6073,-110.737999,US,US-WY,Jackson,yes
JAD,YPJT,medium_airport,Perth Jandakot Airport,-32.09749984741211,115.88099670410156,AU,AU-WA,Perth,no
JAE,SPJE,medium_airport,Shumba Airport,-5.59248,-78.774002,PE,PE-CAJ,Jaén,yes
JAF,VCCJ,large_airport,Jaffna International Airport,9.79233,80.070099,LK,LK-4,Jaffna,yes
JAG,OPJA,medium_airport,Shahbaz Air Base,28.28420066833496,68.44969940185547,PK,PK-SD,Jacobabad,no
JAI,VIJP,large_airport,Jaipur International Airport,26.8242,75.812202,IN,IN-RJ,Jaipur,yes
JAK,MTJA,medium_airport,Jacmel Airport,18.2411,-72.518501,HT,HT-SE,Jacmel,no
JAL,MMJA,medium_airport,El Lencero Airport,19.475107,-96.797008,MX,MX-VER,Emiliano Zapata,no
JAM,BG-JAM,medium_airport,Bezmer Air Base,42.454899,26.3522,BG,BG-28,Bezmer,no
JAN,KJAN,medium_airport,Jackson-Medgar Wiley Evers International Airport,32.311199,-90.075897,US,US-MS,Jackson,yes
JAU,SPJJ,medium_airport,Francisco Carle Airport,-11.7831001282,-75.47339630130001,PE,PE-JUN,Jauja,yes
JAV,BGJN,medium_airport,Ilulissat Airport,69.243202,-51.057098,GL,GL-AV,Ilulissat,yes
JAX,KJAX,large_airport,Jacksonville International Airport,30.492469,-81.687813,US,US-FL,Jacksonville,yes
JBQ,MDJB,medium_airport,La Isabela International Airport,18.572500228881836,-69.98560333251953,DO,DO-01,La Isabela,yes
JBR,KJBR,medium_airport,Jonesboro Municipal Airport,35.83169937133789,-90.64640045166016,US,US-AR,Jonesboro,yes
JCL,LKCS,large_airport,České Budějovice South Bohemian Airport,48.948171,14.42832,CZ,CZ-JC,České Budějovice,yes
JCR,SBEK,medium_airport,Jacareacanga Airport,-6.23316,-57.776901,BR,BR-PA,Jacareacanga,no
JCT,KJCT,medium_airport,Kimble County Airport,30.5112991333,-99.7634963989,US,US-TX,Junction,no
JDE,CN-0253,medium_airport,Jiande Qiandaohu General Airport,29.360905,119.180829,CN,CN-33,Hangzhou,no
JDF,SBJF,medium_airport,Francisco de Assis Airport,-21.791482,-43.386072,BR,BR-MG,Juiz de Fora,yes
JDG,RKPD,medium_airport,Jeongseok Airport,33.3996009827,126.711997986,KR,KR-49,Jeju Island,no
JDH,VIJO,medium_airport,Jodhpur Airport,26.251100540161133,73.04889678955078,IN,IN-RJ,Jodhpur,yes
JDZ,ZSJD,medium_airport,Jingdezhen Luojia Airport,29.3386,117.176003,CN,CN-36,Jingdezhen,yes
JED,OEJN,large_airport,King Abdulaziz International Airport,21.680241,39.157436,SA,SA-02,Jeddah,yes
JEE,MTJE,medium_airport,Jérémie Airport,18.663099,-74.170303,HT,HT-GA,Carrefour Sanon,yes
JEG,BGAA,medium_airport,Aasiaat Airport,68.721802,-52.784698,GL,GL-QK,Aasiaat,yes
JER,EGJJ,medium_airport,Jersey Airport,49.207901,-2.19551,JE,JE-U-A,St. Peter,yes
JFK,KJFK,large_airport,John F. Kennedy International Airport,40.639447,-73.779317,US,US-NY,New York,yes
JFN,KHZY,medium_airport,Northeast Ohio Regional Airport,41.778,-80.695503,US,US-OH,Ashtabula,no
JGA,VAJM,medium_airport,Jamnagar Airport,22.465499877929688,70.01260375976562,IN,IN-GJ,Jamnagar,yes
JGD,ZYJD,medium_airport,Daxing'anling Elunchun Airport,50.371389,124.1175,CN,CN-23,Jiagedaqi,yes
JGN,ZLJQ,large_airport,Jiayuguan International Airport,39.859052,98.339344,CN,CN-62,Jiayuguan,yes
JGS,CN-0081,medium_airport,Jinggangshan Airport,26.856899,114.737,CN,CN-36,Ji'an,yes
JHB,WMKJ,large_airport,Senai International Airport,1.64131,103.669998,MY,MY-01,Johor Bahru,yes
JHF,SBJH,medium_airport,São Paulo Catarina Executive Airport,-23.426886,-47.165658,BR,BR-SP,São Roque,no
JHG,ZPJH,large_airport,Xishuangbanna Gasa International Airport,21.974648,100.762224,CN,CN-53,Jinghong (Gasa),yes
JHM,PHJH,medium_airport,Kapalua Airport,20.9629,-156.673004,US,US-HI,Lahaina,yes
JHS,BGSS,medium_airport,Sisimiut Airport,66.951302,-53.729301,GL,GL-QA,Sisimiut,yes
JHW,KJHW,medium_airport,Chautauqua County-Jamestown Airport,42.15425,-79.254008,US,US-NY,Jamestown,no
JIB,HDAM,large_airport,Djibouti-Ambouli Airport,11.5473,43.1595,DJ,DJ-DJ,Djibouti City,yes
JIC,ZLJC,medium_airport,Jinchang Jinchuan Airport,38.542222,102.348333,CN,CN-62,Jinchang,yes
JIJ,HAJJ,large_airport,Gerad Wilwal International Airport,9.331907,42.911811,ET,ET-SO,Jijiga,yes
JIM,HAJM,medium_airport,Jimma Airport,7.66609001159668,36.81660079956055,ET,ET-OR,Jimma,yes
JIQ,ZUQJ,medium_airport,Qianjiang Wulingshan Airport,29.5133333333,108.831111111,CN,CN-50,Qianjiang,yes
JJD,SBJE,medium_airport,Comandante Ariston Pessoa Airport,-2.906425,-40.357338,BR,BR-CE,Cruz,yes
JJI,SPJI,medium_airport,Juanjui Airport,-7.1691,-76.7286,PE,PE-SAM,Juanjuí,no
JJN,ZSQZ,large_airport,Quanzhou Jinjiang International Airport,24.795855,118.588599,CN,CN-35,Quanzhou,yes
JJU,GL-0012,medium_airport,Qaqortoq Airport,60.76383,-46.065001,GL,GL-KU,Qaqortoq,yes
JKG,ESGJ,medium_airport,Jönköping Airport,57.757598876953125,14.068699836730957,SE,SE-F,Jönköping,yes
JKH,LGHI,medium_airport,Chios Island National Airport,38.34320068359375,26.140600204467773,GR,GR-K,Chios Island,yes
JKR,VNJP,medium_airport,Janakpur Airport,26.708799,85.922401,NP,NP-P2,Janakpur,yes
JLN,KJLN,medium_airport,Joplin Regional Airport,37.151798,-94.498299,US,US-MO,Joplin,yes
JLR,VAJB,medium_airport,Jabalpur Airport,23.177799,80.052002,IN,IN-MP,Jabalpur,yes
JMJ,ZPJM,medium_airport,Lancang Jingmai Airport,22.417733,99.784012,CN,CN-53,Pu'er (Lancang),yes
JMK,LGMK,medium_airport,Mykonos Island National Airport,37.435101,25.348101,GR,GR-L,Mykonos,yes
JMS,KJMS,medium_airport,Jamestown Regional Airport,46.92969894,-98.67819977,US,US-ND,Jamestown,yes
JMU,ZYJM,medium_airport,Jiamusi Songjiang International Airport,46.842793,130.46426,CN,CN-23,Jiamusi,yes
JNB,FAOR,large_airport,O.R. Tambo International Airport,-26.140081,28.246801,ZA,ZA-GT,Johannesburg,yes
JNG,ZSJG,medium_airport,Jining Da'an Airport,35.647358,116.743269,CN,CN-37,Jining,yes
JNH,CN-0154,medium_airport,Jiaxing Nanhu Airport,30.698056,120.663056,CN,CN-33,"Xiuzhou, Hangzhou",yes
JNU,PAJN,medium_airport,Juneau International Airport,58.354935,-134.574416,US,US-AK,Juneau,yes
JNZ,ZYJZ,medium_airport,Jinzhou Bay Airport,40.936032,121.277114,CN,CN-21,Jinzhou (Linghai),yes
JOE,EFJO,medium_airport,Joensuu Airport,62.658815,29.619398,FI,FI-13,Joensuu,yes
JOG,WARJ,medium_airport,Adisutjipto International Airport,-7.78818,110.431999,ID,ID-YO,Yogyakarta,yes
JOH,FAPJ,medium_airport,Port St Johns Airport,-31.60612,29.52175,ZA,ZA-EC,Port St Johns,no
JOI,SBJV,medium_airport,Lauro Carneiro de Loyola Airport,-26.224501,-48.797401,BR,BR-SC,Joinville,yes
JOK,UWKJ,medium_airport,Yoshkar-Ola Airport,56.7006,47.904701,RU,RU-ME,Yoshkar-Ola,no
JOL,RPMJ,medium_airport,Jolo Airport,6.05367,121.011002,PH,PH-SLU,Jolo,yes
JOS,DNJO,medium_airport,Yakubu Gowon Airport,9.639829635620117,8.869050025939941,NG,NG-PL,Jos,yes
JPA,SBJP,large_airport,Presidente Castro Pinto International Airport,-7.148691,-34.950554,BR,BR-PB,João Pessoa,yes
JRF,PHJR,medium_airport,Kalaeloa Airport,21.3074,-158.070009,US,US-HI,Kapolei,no
JRH,VEJT,medium_airport,Jorhat Airport,26.730456,94.175416,IN,IN-AS,Jorhat,yes
JRO,HTKJ,large_airport,Kilimanjaro International Airport,-3.427049,37.07353,TZ,TZ-01,Arusha,yes
JSA,VIJR,medium_airport,Jaisalmer Airport,26.8887,70.864998,IN,IN-RJ,,yes
JSH,LGST,medium_airport,Sitia Airport,35.21609878540039,26.101299285888672,GR,GR-M,Crete Island,yes
JSI,LGSK,medium_airport,Skiathos Island National Airport,39.177101,23.5037,GR,GR-E,Skiathos,yes
JSJ,ZYJS,medium_airport,Jiansanjiang Shidi Airport,47.108248,132.65792,CN,CN-23,Jiansanjiang,yes
JSO,SN6L,medium_airport,Dr. Luciano de Arruda Coelho Regional Airport,-3.614769,-40.232208,BR,BR-CE,Sobral,no
JSR,VGJR,medium_airport,Jessore Airport,23.1838,89.160797,BD,BD-D,Jashore (Jessore),yes
JST,KJST,medium_airport,John Murtha Johnstown Cambria County Airport,40.31610107421875,-78.83390045166016,US,US-PA,Johnstown,yes
JTC,SBAE,medium_airport,Bauru/Arealva–Moussa Nakhal Tobias State Airport,-22.160755,-49.070325,BR,BR-SP,Bauru,yes
JTR,LGSR,large_airport,Santorini International Airport,36.400045,25.478638,GR,GR-L,Santorini Island,yes
JUB,HJJJ,large_airport,Juba International Airport,4.87201,31.601101,SS,SS-EC,Juba,yes
JUJ,SASJ,large_airport,Gobernador Horacio Guzman International Airport,-24.392799,-65.097801,AR,AR-Y,San Salvador de Jujuy,yes
JUL,SPJL,large_airport,Inca Manco Capac International Airport,-15.467689,-70.15653,PE,PE-PUN,Juliaca,yes
JUZ,ZSJU,medium_airport,Quzhou Airport,28.96613,118.898793,CN,CN-33,Quzhou (Kezheng),yes
JWA,FBJW,medium_airport,Jwaneng Airport,-24.602301,24.691,BW,BW-JW,Jwaneng,no
JWN,OITZ,medium_airport,Zanjan Airport,36.7737007141,48.3594017029,IR,IR-19,Zanjan,no
JWO,RKTI,medium_airport,Jungwon Air Base/Chungju Airport,37.03024,127.886353,KR,KR-43,Gimseang-ro,no
JXA,ZYJX,medium_airport,Jixi Xingkaihu Airport,45.293,131.193,CN,CN-23,Jixi,yes
JXN,KJXN,medium_airport,Jackson County Airport/Reynolds Field,42.260509,-84.463019,US,US-MI,Jackson,no
JYR,OIKJ,medium_airport,Jiroft Airport,28.723519,57.675037,IR,IR-08,Jiroft,no
JYV,EFJY,medium_airport,Jyväskylä Airport,62.399502,25.678301,FI,FI-08,Jyväskylän Maalaiskunta,yes
JZH,ZUJZ,medium_airport,Jiuzhai Huanglong Airport,32.853333,103.682222,CN,CN-51,Ngawa (Songpan),yes
KAB,FVKB,medium_airport,Kariba Airport,-16.5198,28.885,ZW,ZW-MW,Kariba,yes
KAC,OSKL,medium_airport,Qamishli International Airport,37.020599,41.191399,SY,SY-HA,Qamishli,yes
KAD,DNKA,large_airport,Kaduna International Airport,10.696,7.32011,NG,NG-KD,Kaduna,yes
KAG,RKNN,medium_airport,Gangneung Airport (K-18),37.753601,128.943915,KR,KR-42,Gangneung,no
KAI,SYKA,medium_airport,Kaieteur Airport,5.177349,-59.48898,GY,GY-PT,Kaieteur Falls,yes
KAJ,EFKI,medium_airport,Kajaani Airport,64.2855,27.6924,FI,FI-05,Kajaani,yes
KAN,DNKN,large_airport,Mallam Aminu Kano International Airport,12.045613,8.523566,NG,NG-KN,Kano,yes
KAO,EFKS,medium_airport,Kuusamo Airport,65.987602,29.239401,FI,FI-14,Kuusamo,yes
KAT,NZKT,medium_airport,Kaitaia Airport,-35.069837,173.287053,NZ,NZ-NTL,Awanui,yes
KAU,EFKA,medium_airport,Kauhava Airfield,63.127102,23.051399,FI,FI-03,Kauhava,no
KAW,VYKT,medium_airport,Kawthoung Airport,10.049300193786621,98.53800201416016,MM,MM-05,Kawthoung,yes
KBK,VEKI,medium_airport,Kushinagar International Airport,26.776534,83.889214,IN,IN-UP,Kushinagar,no
KBL,OAKB,large_airport,Kabul International Airport,34.565899,69.212303,AF,AF-KAB,Kabul,yes
KBP,UKBB,large_airport,Boryspil International Airport,50.345001,30.894699,UA,UA-32,Boryspil,no
KBR,WMKC,medium_airport,Sultan Ismail Petra Airport,6.1668500900268555,102.29299926757812,MY,MY-03,Kota Baharu,yes
KBS,GFBO,medium_airport,Bo Airport,7.9444,-11.761,SL,SL-S,Bo,no
KBV,VTSG,large_airport,Krabi International Airport,8.095591,98.988955,TH,TH-81,Krabi,yes
KCH,WBGG,large_airport,Kuching International Airport,1.487364,110.352859,MY,MY-13,Kuching,yes
KCM,LTCN,medium_airport,Kahramanmaraş Airport,37.5388259888,36.9535217285,TR,TR-46,Kahramanmaraş,yes
KCO,LTBQ,medium_airport,Cengiz Topel Airport,40.735001,30.0833,TR,TR-41,Kartepe,no
KCT,VCCK,medium_airport,Koggala Airport,5.993680000305176,80.32029724121094,LK,LK-3,Galle,yes
KCY,UNKM,medium_airport,Krasnoyarsk Cheremshanka Airport,56.177584,92.545881,RU,RU-KYA,Krasnoyarsk,yes
KCZ,RJOK,large_airport,Kochi Ryoma Airport,33.545217,133.670166,JP,JP-39,Nankoku,yes
KDH,OAKN,large_airport,Ahmad Shah Baba International Airport,31.505769,65.847963,AF,AF-KAN,Kandahar,yes
KDL,EEKA,medium_airport,Kärdla Airport,58.99079895019531,22.830699920654297,EE,EE-39,Kärdla,yes
KDM,VRMT,medium_airport,Kaadedhdhoo Airport,0.488131,72.996902,MV,MV-28,Huvadhu Atoll,yes
KDO,VRMK,medium_airport,Kadhdhoo Airport,1.8591699600219727,73.52189636230469,MV,MV-05,Kadhdhoo,yes
KDT,VTBK,medium_airport,Kamphaeng Saen Airport,14.1020002365,99.9171981812,TH,TH-72,Nakhon Pathom,no
KDU,OPSD,large_airport,Skardu International Airport,35.33866,75.538648,PK,PK-GB,Skardu,yes
KEF,BIKF,large_airport,Keflavik International Airport,63.985001,-22.6056,IS,IS-2,Reykjavík,yes
KEJ,UNEE,large_airport,Alexei Leonov Kemerovo International Airport,55.2701,86.107201,RU,RU-KEM,Kemerovo,yes
KEL,EDHK,medium_airport,Kiel-Holtenau Airport,54.37957,10.145266,DE,DE-SH,Kiel,no
KEM,EFKE,medium_airport,Kemi-Tornio Airport,65.778701782227,24.582099914551,FI,FI-10,Kemi / Tornio,yes
KEN,GFKE,medium_airport,Kenema Airport,7.896364,-11.174126,SL,SL-E,Kenema,no
KEP,VNNG,medium_airport,Nepalgunj Airport,28.1036,81.667,NP,NP-P5,Nepalgunj,yes
KER,OIKK,large_airport,Ayatollah Hashemi Rafsanjani International Airport,30.271276,56.949692,IR,IR-08,Kerman,yes
KES,CZEE,medium_airport,Kelsey Airport,56.0374984741,-96.50969696039999,CA,CA-MB,Kelsey,no
KET,VYKG,medium_airport,Kengtung Airport,21.301599502563477,99.63600158691406,MM,MM-17,Kengtung,yes
KEV,EFHA,medium_airport,Halli Airport,61.856039,24.786686,FI,FI-08,Jämsä,no
KFS,LTAL,medium_airport,Kastamonu Airport,41.314201,33.795799,TR,TR-37,Kastamonu,yes
KFZ,LAKU,medium_airport,Kukës International Airport,42.035802,20.415955,AL,AL-07,Kukës,no
KGA,FZUA,medium_airport,Kananga Airport,-5.90005,22.4692,CD,CD-KC,Kananga,yes
KGC,YKSC,medium_airport,Kingscote Airport,-35.71390151977539,137.52099609375,AU,AU-SA,,yes
KGD,UMKK,large_airport,Khrabrovo Airport,54.89161,20.598559,RU,RU-KGD,Kaliningrad,yes
KGF,UAKK,large_airport,Sary-Arka Airport,49.670799,73.334396,KZ,KZ-KAR,Karaganda,yes
KGG,GOTK,medium_airport,Kédougou Airport,12.57229995727539,-12.22029972076416,SN,SN-TC,Kédougou,no
KGI,YPKG,medium_airport,Kalgoorlie Boulder Airport,-30.791543,121.464586,AU,AU-WA,Broadwood,yes
KGJ,FWKA,medium_airport,Karonga Airport,-9.953571,33.893264,MW,MW-KR,Karonga,no
KGL,HRYR,large_airport,Kigali International Airport,-1.96863,30.1395,RW,RW-01,Kigali,yes
KGP,USRK,medium_airport,Kogalym International Airport,62.190399169921875,74.53379821777344,RU,RU-KHM,Kogalym,yes
KGS,LGKO,large_airport,"Kos International Airport ""Ippokratis""",36.794523,27.09115,GR,GR-L,Kos Island,yes
KGT,ZUKD,medium_airport,Kangding Airport,30.142464,101.73872,CN,CN-51,Garzê (Kangding),yes
KGY,YKRY,medium_airport,Kingaroy Airport,-26.581077,151.839927,AU,AU-QLD,,no
KHD,OICK,medium_airport,Khoram Abad Airport,33.43539810180664,48.282901763916016,IR,IR-15,,yes
KHE,UKOH,medium_airport,Kherson International Airport,46.6758,32.506401,UA,UA-65,Kherson,no
KHG,ZWSH,large_airport,Kashgar Laining International Airport,39.542273,76.02023,CN,CN-65,Kashgar,yes
KHH,RCKH,large_airport,Kaohsiung International Airport,22.577101,120.349998,TW,TW-KHH,Kaohsiung (Xiaogang),yes
KHI,OPKC,large_airport,Jinnah International Airport,24.9065,67.160797,PK,PK-SD,Karachi,yes
KHJ,EFKJ,medium_airport,Kauhajoki Airfield,62.463212,22.390817,FI,FI-03,Kauhajoki,no
KHK,OIBQ,medium_airport,Khark Airport,29.260503,50.322193,IR,IR-18,Khark,yes
KHN,ZSCN,large_airport,Nanchang Changbei International Airport,28.864815,115.90271,CN,CN-36,Nanchang,yes
KHS,OOKB,medium_airport,Khasab Airport,26.171,56.240601,OM,OM-MU,Khasab,yes
KHT,OAKS,medium_airport,Khost International Airport,33.284605,69.80734,AF,AF-KHO,Khost,yes
KHV,UHHH,medium_airport,Khabarovsk Novy Airport,48.528338,135.188588,RU,RU-KHA,Khabarovsk,yes
KHX,UG-0002,medium_airport,Savannah Airstrip,-0.7165,29.6997,UG,UG-W,Kihihi,yes
KID,ESMK,medium_airport,Kristianstad Airport,55.9217,14.0855,SE,SE-M,Kristianstad,no
KIH,OIBK,large_airport,Kish International Airport,26.525427,53.980462,IR,IR-22,Kish Island,yes
KIJ,RJSN,large_airport,Niigata Airport,37.954166,139.112189,JP,JP-15,Niigata,yes
KIK,ORKK,large_airport,Kirkuk International Airport,35.469501,44.3489,IQ,IQ-TS,Kirkuk,yes
KIM,FAKM,large_airport,Kimberley Airport,-28.805401,24.764872,ZA,ZA-NC,Kimberley,yes
KIN,MKJP,large_airport,Norman Manley International Airport,17.935699462890625,-76.7874984741211,JM,JM-01,Kingston,yes
KIR,EIKY,medium_airport,Kerry Airport,52.180901,-9.52378,IE,IE-KY,Farranfore,yes
KIS,HKKI,large_airport,Kisumu International Airport,-0.086139,34.728901,KE,KE-42,Kisumu,yes
KIW,FLSO,medium_airport,Southdowns Airport,-12.9005,28.1499,ZM,ZM-08,Kitwe,no
KIX,RJBB,large_airport,Kansai International Airport,34.427299,135.244003,JP,JP-27,Osaka,yes
KJA,UNKL,large_airport,Krasnoyarsk International Airport,56.175743,92.485788,RU,RU-KYA,Krasnoyarsk,yes
KJB,VOKU,medium_airport,Kurnool Airport,15.716288,78.16923,IN,IN-AP,Orvakal,yes
KJH,ZUKJ,medium_airport,Kaili Huangping Airport,26.972,107.988,CN,CN-52,Kaili  (Huangping),yes
KJI,ZWKN,medium_airport,Burqin Kanas Airport,48.2223,86.9959,CN,CN-65,Burqin,yes
KJK,EBKT,medium_airport,Kortrijk-Wevelgem International Airport,50.818878,3.209551,BE,BE-VWV,Wevelgem,no
KJT,WICA,medium_airport,Kertajati International Airport,-6.647384,108.165561,ID,ID-JB,Kertajati,yes
KKC,VTUK,medium_airport,Khon Kaen Airport,16.466600418099997,102.783996582,TH,TH-40,Khon Kaen,yes
KKE,NZKK,medium_airport,Kerikeri Airport,-35.259148,173.913317,NZ,NZ-NTL,Kerikeri,yes
KKJ,RJFR,large_airport,Kitakyushu Airport,33.845901,131.035004,JP,JP-40,Kitakyushu,yes
KKM,VTBL,medium_airport,Khok Kathiam Airport,14.87462,100.663397,TH,TH-16,Lop Buri,no
KKN,ENKR,medium_airport,"Kirkenes Airport, Høybuktmoen",69.7258,29.8913,NO,NO-56,Kirkenes,yes
KKR,NTGK,medium_airport,Kaukura Airport,-15.6633,-146.884995,PF,PF-U-A,Raitahiti,yes
KKS,OIFK,medium_airport,Kashan Airport,33.895302,51.577,IR,IR-10,Kashan,yes
KKW,FZCA,medium_airport,Kikwit Airport,-5.03577,18.785601,CD,CD-KL,Kikwit,yes
KKX,RJKI,medium_airport,Kikai Airport,28.321300506599997,129.927993774,JP,JP-46,Kikai,yes
KLC,GOOK,medium_airport,Kaolack Airport,14.146900177001953,-16.051300048828125,SN,SN-FK,Kaolack,no
KLD,UUEM,medium_airport,Migalovo Air Base,56.82469940185547,35.7577018737793,RU,RU-TVE,Tver,no
KLF,UUBC,medium_airport,Grabtsevo Airport,54.5499992371,36.3666687012,RU,RU-KLU,Kaluga,no
KLH,VAKP,medium_airport,Kolhapur Airport,16.6647,74.289398,IN,IN-MM,Kolhapur,yes
KLO,RPVK,large_airport,Kalibo International Airport,11.6794,122.375999,PH,PH-AKL,Kalibo,yes
KLR,ESMQ,medium_airport,Kalmar Airport,56.685501,16.2876,SE,SE-H,Kalmar,yes
KLS,KKLS,medium_airport,Southwest Washington Regional Airport,46.11800003049999,-122.898002625,US,US-WA,Kelso,no
KLU,LOWK,large_airport,Klagenfurt Airport,46.642502,14.3377,AT,AT-2,Klagenfurt am Wörthersee,yes
KLV,LKKV,large_airport,Karlovy Vary Airport,50.202999,12.915,CZ,CZ-KA,Karlovy Vary,yes
KLW,PAKW,medium_airport,Klawock Airport,55.579201,-133.076004,US,US-AK,Klawock,yes
KLX,LGKL,medium_airport,Kalamata Airport,37.06829833984375,22.02549934387207,GR,GR-J,Kalamata,yes
KLZ,FAKZ,medium_airport,Kleinsee Airport,-29.6884002686,17.093999862700002,ZA,ZA-NC,Kleinsee,no
KMA,AYKM,medium_airport,Kerema Airport,-7.96361017227,145.770996094,PG,PG-GPK,Kerema,yes
KMC,OEKK,medium_airport,King Khaled Military City Airport,27.9009,45.528198,SA,SA-04,King Khaled Military City,yes
KME,HRZA,medium_airport,Kamembe Airport,-2.462239980697632,28.907899856567383,RW,RW-04,Kamembe,yes
KMG,ZPPP,large_airport,Kunming Changshui International Airport,25.110313,102.936743,CN,CN-53,Kunming,yes
KMH,FAKU,medium_airport,Johan Pienaar Airport,-27.456596,23.411946,ZA,ZA-NC,Kuruman,no
KMI,RJFM,large_airport,Miyazaki Airport,31.877199,131.449005,JP,JP-45,Miyazaki,yes
KMJ,RJFT,large_airport,Kumamoto Airport,32.837299,130.854996,JP,JP-43,Kumamoto,yes
KMP,FYKT,medium_airport,Keetmanshoop Airport,-26.539801,18.111401,NA,NA-KA,Keetmanshoop,no
KMQ,RJNK,large_airport,Komatsu Airport / JASDF Komatsu Air Base,36.393407,136.406895,JP,JP-17,Kanazawa,yes
KMS,DGSI,large_airport,Prempeh I International Airport,6.71456,-1.59082,GH,GH-AH,Kumasi,yes
KMU,HCMK,medium_airport,Kismayo Airport,-0.377353,42.459202,SO,SO-JH,Kismayo,no
KMW,UUBA,medium_airport,Kostroma Sokerkino Airport,57.796902,41.019402,RU,RU-KOS,Kostroma,yes
KMX,OEKM,medium_airport,King Khalid Air Base,18.2973,42.803501,SA,SA-14,Khamis Mushait,no
KNA,SCVM,medium_airport,Viña del Mar Airport,-32.9496,-71.4786,CL,CL-VS,Viña del Mar,no
KND,FZOA,medium_airport,Kindu Airport,-2.91917991638,25.915399551399997,CD,CD-MA,Kindu,yes
KNF,EGYM,medium_airport,RAF Marham,52.648395,0.550692,GB,GB-ENG,"King's Lynn, Norfolk",no
KNG,WASK,medium_airport,Utarom Airport,-3.6446,133.695116,ID,ID-PB,Kaimana,yes
KNH,RCBS,medium_airport,Kinmen Airport,24.4279,118.359001,TW,TW-X-KM,Shang-I,yes
KNO,WIMM,large_airport,Kualanamu International Airport,3.637847,98.870566,ID,ID-SU,Beringin,yes
KNQ,NWWD,medium_airport,Koné Airport,-21.053551,164.838768,NC,NC-02,Koné,yes
KNR,OIBJ,medium_airport,Jam Airport,27.820499,52.3522,IR,IR-18,Jam,no
KNS,YKII,medium_airport,King Island Airport,-39.877498626708984,143.8780059814453,AU,AU-TAS,,yes
KNU,VICX,medium_airport,Kanpur Airport,26.404301,80.410103,IN,IN-UP,Kanpur,yes
KNX,YPKU,medium_airport,East Kimberley Regional (Kununurra) Airport,-15.7781,128.707993,AU,AU-WA,Kununurra,yes
KOA,PHKO,large_airport,Ellison Onizuka Kona International Airport at Keāhole,19.738783,-156.045603,US,US-HI,Kailua-Kona,yes
KOE,WATT,medium_airport,El Tari Airport,-10.1716,123.670998,ID,ID-NT,Kupang,yes
KOI,EGPA,medium_airport,Kirkwall Airport,58.957903,-2.905077,GB,GB-SCT,"Kirkwall, Orkney Islands",yes
KOJ,RJFK,large_airport,Kagoshima Airport,31.8034,130.718994,JP,JP-46,Kagoshima,yes
KOK,EFKK,medium_airport,Kokkola-Pietarsaari Airport,63.721199,23.143101,FI,FI-07,Kokkola / Kruunupyy,yes
KOP,VTUW,medium_airport,Nakhon Phanom Airport,17.383801,104.642998,TH,TH-48,Nakhon Phanom,yes
KOS,VDSV,large_airport,Sihanouk International Airport,10.570557,103.632067,KH,KH-18,Preah Sihanouk,yes
KOU,FOGK,medium_airport,Koulamoutou Mabimbi Airport,-1.18461,12.4413,GA,GA-7,Koulamoutou,no
KOV,UACK,large_airport,Kokshetau International Airport,53.329102,69.594597,KZ,KZ-AKM,Kokshetau,yes
KPC,PAPC,medium_airport,Port Clarence Coast Guard Station,65.2537002563,-166.85899353,US,US-AK,Port Clarence,no
KPO,RKTH,medium_airport,Pohang Airport (G-815/K-3),35.987955,129.420383,KR,KR-47,Pohang,yes
KPS,YKMP,medium_airport,Kempsey Airport,-31.07232,152.765313,AU,AU-NSW,,no
KPW,UHMK,medium_airport,Keperveem Airport,67.845001,166.139999,RU,RU-CHU,Keperveem,yes
KQH,VIKG,medium_airport,Kishangarh Airport Ajmer,26.591007,74.812956,IN,IN-RJ,Ajmer (Kishangarh),yes
KQT,UTDT,large_airport,Bokhtar International Airport,37.866315,68.864475,TJ,TJ-KT,Bokhtar,yes
KRA,YKER,medium_airport,Kerang Airport,-35.751399993896484,143.93899536132812,AU,AU-VIC,,no
KRF,ESNK,medium_airport,Kramfors-Sollefteå Höga Kusten Airport,63.048599,17.7689,SE,SE-Y,Nyland,yes
KRK,EPKK,large_airport,Kraków John Paul II International Airport,50.077702,19.7848,PL,PL-MA,Balice,yes
KRL,ZWKL,medium_airport,Korla Licheng Airport,41.614979,86.140817,CN,CN-65,Korla,yes
KRN,ESNQ,large_airport,Kiruna Airport,67.821999,20.3368,SE,SE-BD,Kiruna,yes
KRO,USUU,medium_airport,Kurgan Airport,55.4753,65.415604,RU,RU-KGN,Kurgan,yes
KRP,EKKA,medium_airport,Midtjyllands Airport / Air Base Karup,56.297139,9.104311,DK,DK-82,Karup,yes
KRR,URKK,large_airport,Krasnodar Pashkovsky International Airport,45.034465,39.174215,RU,RU-KDA,Krasnodar,yes
KRS,ENCN,large_airport,Kristiansand Airport,58.204201,8.08537,NO,NO-42,Kristiansand(Kjevik),yes
KRT,HSSK,large_airport,Khartoum International Airport,15.5895,32.5532,SD,SD-03,Khartoum,yes
KRW,UTAK,medium_airport,Turkmenbaşy International Airport,40.062833,53.005085,TM,TM-B,Turkmenbaşy,yes
KSA,PTSA,large_airport,Kosrae International Airport,5.35698,162.957993,FM,FM-KSA,Okat,yes
KSC,LZKZ,medium_airport,Košice International Airport,48.663101,21.2411,SK,SK-KI,Košice,yes
KSD,ESOK,medium_airport,Karlstad Airport,59.444698,13.3374,SE,SE-S,Karlstad,yes
KSF,EDVK,large_airport,Kassel Airport,51.418395,9.391638,DE,DE-HE,Calden,yes
KSH,OICC,medium_airport,Shahid Ashrafi Esfahani Airport,34.3459014893,47.1581001282,IR,IR-05,Kermanshah,yes
KSK,ESKK,medium_airport,Karlskoga Airport,59.345901,14.4959,SE,SE-T,Karlskoga,no
KSL,HSKA,medium_airport,Kassala Airport,15.387499809265137,36.328800201416016,SD,SD-05,Kassala,yes
KSN,UAUU,large_airport,Kostanay International Airport,53.206902,63.550301,KZ,KZ-KUS,Kostanay,yes
KSU,ENKB,medium_airport,"Kristiansund Airport, Kvernberget",63.111801,7.82452,NO,NO-15,Kvernberget,yes
KSY,LTCF,medium_airport,Kars Airport,40.562198638916016,43.1150016784668,TR,TR-36,Kars,yes
KSZ,ULKK,medium_airport,Kotlas Airport,61.235801696777344,46.6974983215332,RU,RU-ARK,Kotlas,yes
KTA,YPKA,medium_airport,Karratha Airport,-20.712200164799995,116.773002625,AU,AU-WA,Karratha,yes
KTD,RORK,medium_airport,Kitadaito Airport,25.9447002411,131.32699585,JP,JP-47,Kitadaitōjima,yes
KTE,WMKE,medium_airport,Kerteh Airport,4.53722,103.427002,MY,MY-11,Kerteh,no
KTG,WIOK,medium_airport,Rahadi Osman Airport,-1.817165,109.963469,ID,ID-KB,Ketapang,yes
KTI,KH-0002,large_airport,Techo International Airport,11.359987,104.921272,KH,KH-8,Phnom Penh (Boeng Khyang),yes
KTL,HKKT,medium_airport,Kitale Airport,0.971989,34.958599,KE,KE-26,Kitale,no
KTM,VNKT,large_airport,Tribhuvan International Airport,27.6966,85.3591,NP,NP-P3,Kathmandu,yes
KTN,PAKT,medium_airport,Ketchikan International Airport,55.35559845,-131.7140045,US,US-AK,Ketchikan,yes
KTP,MKTP,medium_airport,Tinson Pen Airport,17.98859977722168,-76.82379913330078,JM,JM-02,Tinson Pen,yes
KTQ,EFIT,medium_airport,Kitee Airport,62.1661,30.073601,FI,FI-13,Kitee,no
KTR,YPTN,medium_airport,Tindal Airport,-14.521100044250488,132.3780059814453,AU,AU-NT,,no
KTT,EFKT,large_airport,Kittilä International Airport,67.700996,24.8468,FI,FI-10,Kittilä,yes
KTU,VIKO,medium_airport,Kota Airport,25.160200119,75.84559631350001,IN,IN-RJ,Kota,no
KTW,EPKT,large_airport,Katowice Wojciech Korfanty International Airport,50.476015,19.080705,PL,PL-SL,Katowice,yes
KUA,WMKD,medium_airport,Kuantan Airport,3.7753899097442627,103.20899963378906,MY,MY-06,Kuantan,yes
KUF,UWWW,large_airport,Kurumoch International Airport,53.504902,50.164299,RU,RU-SAM,Samara,yes
KUH,RJCK,medium_airport,Kushiro Airport,43.041,144.192993,JP,JP-01,Kushiro,yes
KUL,WMKK,large_airport,Kuala Lumpur International Airport,2.74558,101.709999,MY,MY-10,Sepang,yes
KUM,RJFC,medium_airport,Yakushima Airport,30.385599,130.658997,JP,JP-46,Yakushima,yes
KUN,EYKA,large_airport,Kaunas International Airport,54.963965,24.08582,LT,LT-KU,Kaunas,yes
KUO,EFKU,large_airport,Kuopio Airport,63.007099,27.7978,FI,FI-15,Kuopio / Siilinjärvi,yes
KUS,BGKK,medium_airport,Kulusuk Airport,65.573601,-37.1236,GL,GL-SE,Kulusuk,yes
KUT,UGKO,large_airport,David the Builder Kutaisi International Airport,42.177448,42.485353,GE,GE-IM,Kopitnari,yes
KUU,VIBR,medium_airport,Kullu Manali Airport,31.876699,77.154404,IN,IN-HP,Bhuntar,yes
KUV,RKJK,medium_airport,Gunsan Airport / Gunsan Air Base,35.903801,126.615997,KR,KR-45,Gunsan,yes
KVA,LGKV,large_airport,Kavala Alexander the Great International Airport,40.9133,24.6192,GR,GR-A,Kavala,yes
KVB,ESGR,medium_airport,Skövde Airport,58.456402,13.9727,SE,SE-Q,Skövde,no
KVG,AYKV,medium_airport,Kavieng Airport,-2.57940006256,150.807998657,PG,PG-NIK,Kavieng,yes
KVO,LYKV,medium_airport,Morava Airport,43.817519,20.586662,RS,RS-18,Kraljevo,yes
KVX,USKK,medium_airport,Pobedilovo Airport,58.503883,49.347831,RU,RU-KIR,Kirov,yes
KWA,PKWA,medium_airport,Bucholz Army Air Field,8.720120429992676,167.73199462890625,MH,MH-KWA,Kwajalein,yes
KWE,ZUGY,large_airport,Guiyang Longdongbao International Airport,26.541805,106.80402,CN,CN-52,Guiyang (Nanming),yes
KWG,UKDR,medium_airport,Kryvyi Rih International Airport,48.043301,33.209999,UA,UA-12,Kryvyi Rih,no
KWI,OKKK,large_airport,Kuwait International Airport,29.224487,47.969813,KW,KW-FA,Kuwait City,yes
KWJ,RKJJ,medium_airport,Gwangju Airport,35.123173,126.805444,KR,KR-29,Gwangju,yes
KWL,ZGKL,large_airport,Guilin Liangjiang International Airport,25.219828,110.039553,CN,CN-45,Guilin (Lingui),yes
KWM,YKOW,medium_airport,Kowanyama Airport,-15.485369,141.752572,AU,AU-QLD,Kowanyama,yes
KWY,KWY,medium_airport,Kiwayu Airport,-1.960644,41.297156,KE,KE-05,Kiwayu,no
KWZ,FZQM,medium_airport,Kolwezi Airport,-10.7659,25.505699,CD,CD-LU,Kolwezi,yes
KXB,WAWP,medium_airport,Sangia Nibandera Airport,-4.338158,121.524047,ID,ID-SG,Kolaka,yes
KXE,FAKD,medium_airport,P C Pelser Airport,-26.871099,26.718,ZA,ZA-NW,Klerksdorp,no
KXK,UHKK,medium_airport,Komsomolsk-on-Amur Airport,50.409,136.934006,RU,RU-KHA,Komsomolsk-on-Amur,yes
KYA,LTAN,large_airport,Konya Airport,37.979,32.561901,TR,TR-42,Konya,yes
KYD,RCLY,medium_airport,Lanyu Airport,22.027000427246094,121.53500366210938,TW,TW-TTT,Orchid Island,yes
KYE,OLKA,medium_airport,Rene Mouawad Air Base,34.589298,36.011299,LB,LB-AS,Tripoli,no
KYP,VYKP,medium_airport,Kyaukpyu Airport,19.42639923095703,93.53479766845703,MM,MM-16,Kyaukpyu,yes
KYS,GAKY,medium_airport,Kayes Dag Dag Airport,14.482521,-11.399335,ML,ML-1,Kayes,yes
KYZ,UNKY,medium_airport,Kyzyl Airport,51.669399,94.400597,RU,RU-TY,Kyzyl,yes
KZI,LGKZ,medium_airport,Kozani National Airport Filippos,40.286098,21.840799,GR,GR-C,Kozani,yes
KZN,UWKD,large_airport,Kazan International Airport,55.606201,49.278702,RU,RU-TA,Kazan,yes
KZO,UAOO,large_airport,Korkyt Ata International Airport,44.706902,65.592499,KZ,KZ-KZY,Kyzylorda,yes
KZR,LTBZ,medium_airport,Zafer Airport,39.111107,30.130405,TR,TR-43,Altıntaş,yes
LAA,KLAA,medium_airport,Southeast Colorado Regional Airport,38.066407,-102.691373,US,US-CO,Lamar,no
LAD,FNLU,large_airport,Quatro de Fevereiro International Airport,-8.85837,13.2312,AO,AO-LUA,Luanda,yes
LAE,AYNZ,large_airport,Nadzab Tomodachi International Airport,-6.567995,146.726544,PG,PG-MPL,Lae,yes
LAF,KLAF,medium_airport,Purdue University Airport,40.412875,-86.939363,US,US-IN,West Lafayette,yes
LAI,LFRO,medium_airport,Lannion Airport,48.754398,-3.47166,FR,FR-BRE,Lannion,no
LAJ,SBLJ,medium_airport,Lages Airport,-27.782101,-50.281502,BR,BR-SC,Lages,yes
LAL,KLAL,medium_airport,Lakeland Linder International Airport,27.989267,-82.020715,US,US-FL,Lakeland,yes
LAN,KLAN,medium_airport,Capital Region International Airport,42.777582,-84.585721,US,US-MI,Lansing,yes
LAO,RPLI,large_airport,Laoag International Airport,18.175089,120.531006,PH,PH-ILN,Laoag City,yes
LAP,MMLP,medium_airport,Manuel Márquez de León International Airport,24.072331,-110.362662,MX,MX-BCS,La Paz,yes
LAQ,HLLQ,large_airport,Al Abraq International Airport,32.789036,21.954864,LY,LY-JA,Al Albraq,yes
LAR,KLAR,medium_airport,Laramie Regional Airport,41.31209945678711,-105.67500305175781,US,US-WY,Laramie,yes
LAS,KLAS,large_airport,Harry Reid International Airport,36.083361,-115.151817,US,US-NV,Las Vegas,yes
LAU,HKLU,medium_airport,Manda Airport,-2.252431,40.912892,KE,KE-05,Lamu,yes
LAW,KLAW,medium_airport,Lawton Fort Sill Regional Airport,34.567699,-98.416603,US,US-OK,Lawton,yes
LAX,KLAX,large_airport,Los Angeles International Airport,33.942501,-118.407997,US,US-CA,Los Angeles,yes
LAY,FALY,medium_airport,Ladysmith Airport,-28.5816993713,29.749700546299998,ZA,ZA-NL,Ladysmith,no
LAZ,SBLP,medium_airport,Bom Jesus da Lapa Airport,-13.2621,-43.4081,BR,BR-BA,Bom Jesus da Lapa,no
LBA,EGNM,large_airport,Leeds Bradford Airport,53.865898,-1.66057,GB,GB-ENG,"Leeds, West Yorkshire",yes
LBB,KLBB,medium_airport,Lubbock Preston Smith International Airport,33.663601,-101.822998,US,US-TX,Lubbock,yes
LBC,EDHL,medium_airport,Lübeck Blankensee Airport,53.805401,10.7192,DE,DE-SH,Lübeck,yes
LBD,UTDL,large_airport,Khujand International Airport,40.215401,69.694702,TJ,TJ-SU,Khujand,yes
LBE,KLBE,medium_airport,Arnold Palmer Regional Airport,40.275902,-79.4048,US,US-PA,Latrobe,yes
LBF,KLBF,medium_airport,North Platte Regional Airport Lee Bird Field,41.12620163,-100.6839981,US,US-NE,North Platte,yes
LBG,LFPB,large_airport,Paris-Le Bourget International Airport,48.962276,2.436539,FR,FR-IDF,Paris,no
LBI,LFCI,medium_airport,Albi Le Sequestre airport,43.913898,2.11306,FR,FR-OCC,Albi,no
LBL,KLBL,medium_airport,Liberal Mid-America Regional Airport,37.0442009,-100.9599991,US,US-KS,Liberal,yes
LBQ,FOGR,medium_airport,Lambarene Airport,-0.704389,10.2457,GA,GA-3,Lambarene,no
LBS,NFNL,medium_airport,Labasa Airport,-16.4667,179.339996,FJ,FJ-N,Labasa,yes
LBT,KLBT,medium_airport,Lumberton Regional Airport,34.610773,-79.05943,US,US-NC,Lumberton,no
LBU,WBKL,medium_airport,Labuan Airport,5.301667,115.248333,MY,MY-15,Labuan,yes
LBV,FOOL,large_airport,Libreville Leon M'ba International Airport,0.458951,9.41214,GA,GA-1,Libreville,yes
LBX,RPLU,medium_airport,Lubang Airport,13.8554,120.105003,PH,PH-MDC,Lubang,no
LBY,LFRE,medium_airport,La Baule-Escoublac Airport,47.289398,-2.34639,FR,FR-PDL,La Baule-Escoublac,no
LCA,LCLK,large_airport,Larnaca International Airport,34.875099,33.624901,CY,CY-04,Larnaca,yes
LCC,LIBN,medium_airport,Lecce Galatina Air Base / Galatina Fortunato Cesari Airport,40.239201,18.133301,IT,IT-75,Galatina (LE),no
LCE,MHLC,medium_airport,Golosón International Airport,15.7425,-86.852997,HN,HN-AT,La Ceiba,yes
LCG,LECO,medium_airport,A Coruña Airport,43.302101,-8.37726,ES,ES-GA,Culleredo,yes
LCH,KLCH,medium_airport,Lake Charles Regional Airport,30.126100540161133,-93.22329711914062,US,US-LA,Lake Charles,yes
LCJ,EPLL,large_airport,Łódź Władysław Reymont Airport,51.721901,19.3981,PL,PL-LD,Łódź,yes
LCK,KLCK,medium_airport,Rickenbacker International Airport,39.813801,-82.927803,US,US-OH,Columbus,yes
LCX,ZSLO,medium_airport,Liancheng Guanzhishan Airport,25.67592,116.745907,CN,CN-35,Longyan (Liancheng),yes
LCY,EGLC,medium_airport,London City Airport,51.505299,0.055278,GB,GB-ENG,London,yes
LDB,SBLO,medium_airport,Governor José Richa Airport,-23.334375,-51.128365,BR,BR-PR,Londrina,yes
LDE,LFBT,medium_airport,Tarbes-Lourdes-Pyrénées Airport,43.178699,-0.006439,FR,FR-OCC,Tarbes/Lourdes/Pyrénées,yes
LDS,ZYLD,medium_airport,Yichun Lindu Airport,47.752056,129.019125,CN,CN-23,Yichun,yes
LDU,WBKD,medium_airport,Lahad Datu Airport,5.03241,118.32376,MY,MY-12,Lahad Datu,yes
LDV,LFRJ,medium_airport,Landivisiau Air Base,48.5303,-4.15164,FR,FR-BRE,Landivisiau,no
LDX,SOOM,medium_airport,Saint-Laurent-du-Maroni Airport,5.481891,-54.034964,GF,GF-SL,Saint-Laurent-du-Maroni,yes
LDY,EGAE,medium_airport,City of Derry Airport,55.042801,-7.16111,GB,GB-NIR,"Derry, Derry and Strabane",yes
LEA,YPLM,medium_airport,Learmonth Airport,-22.235201,114.090024,AU,AU-WA,Exmouth,yes
LEB,KLEB,medium_airport,Lebanon Municipal Airport,43.626098632799994,-72.30419921880001,US,US-NH,Lebanon,yes
LED,ULLI,large_airport,Pulkovo Airport,59.800301,30.262501,RU,RU-SPE,St. Petersburg,yes
LEE,KLEE,medium_airport,Leesburg International Airport,28.82309914,-81.80870056,US,US-FL,Leesburg,no
LEH,LFOH,medium_airport,Le Havre-Octeville Airport,49.534038,0.088406,FR,FR-NOR,Le Havre,no
LEI,LEAM,medium_airport,Almería Airport,36.843899,-2.3701,ES,ES-AN,Almería,yes
LEJ,EDDP,large_airport,Leipzig/Halle Airport,51.420657,12.232705,DE,DE-SN,Schkeuditz,yes
LEN,LELN,medium_airport,León Airport,42.590709,-5.653406,ES,ES-CL,La Virgen del Camino,yes
LER,YLST,medium_airport,Leinster Airport,-27.843299865722656,120.7030029296875,AU,AU-WA,,yes
LET,SKLT,medium_airport,Alfredo Vásquez Cobo International Airport,-4.191147,-69.942003,CO,CO-AMA,Leticia,yes
LEU,LESU,medium_airport,Pirineus - la Seu d'Urgel Airport,42.3386,1.40917,ES,ES-CT,La Seu d'Urgell Pyrenees and Andorra,yes
LEX,KLEX,medium_airport,Blue Grass Airport,38.035066,-84.606738,US,US-KY,Lexington,yes
LEY,EHLE,medium_airport,Lelystad Airport,52.453188,5.514622,NL,NL-FL,Lelystad,no
LFI,KLFI,medium_airport,Langley Air Force Base,37.082901,-76.360497,US,US-VA,Hampton,no
LFK,KLFK,medium_airport,Angelina County Airport,31.2339992523,-94.75,US,US-TX,Lufkin,no
LFM,OISR,medium_airport,Lamerd Airport,27.3727,53.188801,IR,IR-07,Lamerd,yes
LFQ,ZBLF,medium_airport,Linfen Yaodu Airport,36.132629,111.641236,CN,CN-14,Linfen (Yaodu),yes
LFR,SVLF,medium_airport,La Fria Airport,8.239167,-72.271027,VE,VE-S,,no
LFT,KLFT,medium_airport,Lafayette Regional Airport,30.205299,-91.987602,US,US-LA,Lafayette,yes
LFW,DXXX,large_airport,Lomé–Tokoin International Airport,6.16561,1.25451,TG,TG-M,Lomé,yes
LGA,KLGA,large_airport,LaGuardia Airport,40.777199,-73.872597,US,US-NY,New York,yes
LGB,KLGB,large_airport,Long Beach International Airport,33.816523,-118.149891,US,US-CA,Long Beach,yes
LGG,EBLG,medium_airport,Liège Airport,50.638574,5.443897,BE,BE-WLG,Grâce-Hollogne,yes
LGH,YLEC,medium_airport,Leigh Creek Airport,-30.598301,138.425995,AU,AU-SA,,no
LGI,MYLD,medium_airport,Deadman's Cay Airport,23.1790008545,-75.09359741210001,BS,BS-LI,Deadman's Cay,yes
LGK,WMKL,large_airport,Langkawi International Airport,6.32973,99.728699,MY,MY-02,Langkawi,yes
LGR,SCHR,medium_airport,Cochrane Airport,-47.243591,-72.58815,CL,CL-AI,Cochrane,no
LGS,SAMM,medium_airport,Comodoro D.R. Salomón Airport,-35.493599,-69.574303,AR,AR-M,Malargue,no
LGU,KLGU,medium_airport,Logan-Cache Airport,41.7911987305,-111.851997375,US,US-UT,Logan,no
LGW,EGKK,large_airport,London Gatwick Airport,51.148744,-0.185739,GB,GB-ENG,London,yes
LHA,EDTL,medium_airport,Lahr Airport,48.369301,7.82772,DE,DE-BW,Lahr/Schwarzwald,no
LHE,OPLA,large_airport,Allama Iqbal International Airport,31.521601,74.403603,PK,PK-PB,Lahore,yes
LHG,YLRD,medium_airport,Lightning Ridge Airport,-29.452857,147.977146,AU,AU-NSW,,yes
LHK,ZHGH,medium_airport,Guangzhou MR Air Base / Guanghua Airport,32.38866,111.69425,CN,CN-42,Xiangyang (Laohekou),no
LHL,UBLC,medium_airport,Lachin International Airport,39.883787,46.363137,AZ,AZ-LAC,Lachin,yes
LHN,SNLN,medium_airport,Linhares Municipal Airport,-19.355202,-40.07128,BR,BR-ES,Linhares,no
LHR,EGLL,large_airport,London Heathrow Airport,51.470748,-0.459909,GB,GB-ENG,London,yes
LHS,SAVH,medium_airport,Las Heras Airport,-46.538517,-68.965323,AR,AR-Z,Las Heras,yes
LHW,ZLLL,large_airport,Lanzhou Zhongchuan International Airport,36.515202,103.620003,CN,CN-62,Lanzhou (Yongdeng),yes
LIF,NWWL,medium_airport,Lifou Airport,-20.774563,167.239328,NC,NC-01,Lifou,yes
LIG,LFBL,medium_airport,Limoges Airport,45.862801,1.17944,FR,FR-NAQ,Limoges/Bellegarde,yes
LIH,PHLI,large_airport,Lihue Airport,21.974393,-159.337146,US,US-HI,"Lihue, Kauai",yes
LIL,LFQQ,large_airport,Lille Airport,50.566564,3.102429,FR,FR-HDF,Lesquin,yes
LIM,SPIM,large_airport,Jorge Chávez International Airport,-12.0219,-77.114305,PE,PE-LIM,Lima,yes
LIN,LIML,large_airport,Milano Linate Airport,45.445099,9.27674,IT,IT-25,Segrate (MI),yes
LIO,MRLM,medium_airport,Limón International Airport,9.95796,-83.022003,CR,CR-L,Limón,yes
LIP,SBLN,medium_airport,Lins Airport,-21.663491,-49.729954,BR,BR-SP,Lins,no
LIQ,FZGA,medium_airport,Lisala Airport,2.17066,21.496901,CD,CD-MO,Lisala,no
LIR,MRLB,large_airport,Daniel Oduber Quirós International Airport,10.5933,-85.544403,CR,CR-G,Liberia,yes
LIS,LPPT,large_airport,Lisbon Humberto Delgado Airport,38.7813,-9.13592,PT,PT-11,Lisbon,yes
LIT,KLIT,medium_airport,Bill & Hillary Clinton National Airport/Adams Field,34.729222,-92.223591,US,US-AR,Little Rock,yes
LIW,VYLK,medium_airport,Loikaw Airport,19.691499710083008,97.21479797363281,MM,MM-12,Loikaw,yes
LJG,ZPLJ,large_airport,Lijiang Sanyi International Airport,26.677483,100.244944,CN,CN-53,Lijiang,yes
LJN,KLBX,medium_airport,Texas Gulf Coast Regional Airport,29.108601,-95.462097,US,US-TX,Angleton,no
LJU,LJLJ,large_airport,Ljubljana Jože Pučnik Airport,46.223701,14.4576,SI,SI-012,Zgornji Brnik,yes
LKG,HKLK,medium_airport,Lokichogio Airport,4.20412,34.348202,KE,KE-23,Lokichogio,no
LKL,ENNA,medium_airport,"Lakselv Airport, Banak",70.068802,24.973499,NO,NO-56,Lakselv,yes
LKN,ENLK,medium_airport,Leknes Airport,68.152496337891,13.609399795532,NO,NO-18,Leknes,yes
LKO,VILK,large_airport,Chaudhary Charan Singh International Airport,26.760599,80.889297,IN,IN-UP,Lucknow,yes
LKY,HTLM,medium_airport,Lake Manyara Airport,-3.37631,35.818298,TZ,TZ-26,Lake Manyara National Park,no
LKZ,EGUL,medium_airport,RAF Lakenheath,52.40954,0.561161,GB,GB-ENG,"Brandon, Suffolk",no
LLA,ESPA,large_airport,Luleå Airport,65.5438,22.122,SE,SE-BD,Luleå,yes
LLC,RPLH,medium_airport,Cagayan North International Airport,18.182388,121.746223,PH,PH-CAG,Lal-lo,no
LLF,ZGLG,medium_airport,Yongzhou Lingling Airport,26.338661,111.610043,CN,CN-43,Yongzhou,yes
LLV,ZBLL,medium_airport,Lüliang Dawu Airport,37.683333,111.142778,CN,CN-61,Lüliang,yes
LLW,FWKI,large_airport,Kamuzu International Airport,-13.7894,33.780998,MW,MW-LI,Lumbadzi,yes
LME,LFRM,medium_airport,Le Mans-Arnage Airport,47.948604,0.201702,FR,FR-PDL,"Le Mans, Sarthe",no
LMM,MMLM,medium_airport,Valle del Fuerte International Airport,25.685503,-109.081159,MX,MX-SIN,Los Mochis,yes
LMN,WBGJ,medium_airport,Limbang Airport,4.808300018310547,115.01000213623047,MY,MY-13,Limbang,yes
LMO,EGQS,medium_airport,RAF Lossiemouth,57.7052,-3.33917,GB,GB-SCT,"Lossiemouth, Moray",no
LMP,LICD,medium_airport,Lampedusa Airport,35.497898,12.6181,IT,IT-82,Lampedusa,yes
LMQ,HLMB,medium_airport,Marsa al Brega Airport,30.378099,19.576401,LY,LY-WA,Marsa al Brega,no
LMR,FALC,medium_airport,Lime Acres Finsch Mine Airport,-28.36009979248047,23.43910026550293,ZA,ZA-NC,Lime Acres,no
LMT,KLMT,medium_airport,Crater Lake-Klamath Regional Airport,42.156101,-121.733002,US,US-OR,Klamath Falls,no
LND,KLND,medium_airport,Hunt Field,42.815201,-108.730003,US,US-WY,Lander,no
LNJ,ZPLC,medium_airport,Lincang Boshang Airport,23.7381,100.025002,CN,CN-53,Lincang,yes
LNK,KLNK,medium_airport,Lincoln Airport,40.844882,-96.76178,US,US-NE,Lincoln,yes
LNL,ZLLN,medium_airport,Longnan Chengzhou Airport,33.789918,105.790014,CN,CN-62,Longnan (Cheng),yes
LNO,YLEO,medium_airport,Leonora Airport,-28.87809944152832,121.31500244140625,AU,AU-WA,Leonora,yes
LNS,KLNS,medium_airport,Lancaster Airport,40.121700286865234,-76.29609680175781,US,US-PA,Lancaster,yes
LNX,RU-10076,medium_airport,Smolensk North Airport,54.824,32.025,RU,RU-SMO,Smolensk,no
LNY,PHNY,medium_airport,Lanai Airport,20.785675,-156.951324,US,US-HI,Lanai City,yes
LNZ,LOWL,large_airport,Linz-Hörsching Airport,48.235362,14.188128,AT,AT-4,Linz,yes
LOE,VTUL,medium_airport,Loei Airport,17.43910026550293,101.72200012207031,TH,TH-42,,yes
LOK,HKLO,medium_airport,Lodwar Airport,3.12197,35.6087,KE,KE-23,Lodwar,no
LOL,KLOL,medium_airport,Derby Field,40.0663986206,-118.565002441,US,US-NV,Lovelock,no
LOO,DAUL,medium_airport,Laghouat - Molay Ahmed Medeghri Airport,33.7644,2.92834,DZ,DZ-03,Laghouat,yes
LOP,WADL,large_airport,Lombok International Airport,-8.759962,116.278169,ID,ID-NB,"Mataram (Pujut, Lombok Tengah)",yes
LOS,DNMM,large_airport,Murtala Muhammed International Airport,6.57737,3.32116,NG,NG-LA,Lagos,yes
LOU,KLOU,medium_airport,Bowman Field,38.2280006409,-85.6636962891,US,US-KY,Louisville,no
LOV,MMMV,medium_airport,Monclova International Airport,26.9557,-101.470001,MX,MX-COA,Monclova,no
LOZ,KLOZ,medium_airport,London-Corbin Airport/Magee Field,37.0821990967,-84.08489990230001,US,US-KY,London,no
LPA,GCLP,large_airport,Gran Canaria Airport,27.9319,-15.3866,ES,ES-CN,Gran Canaria Island,yes
LPB,SLLP,large_airport,El Alto International Airport,-16.510272,-68.189416,BO,BO-L,La Paz / El Alto,yes
LPF,ZUPS,medium_airport,Liupanshui Yuezhao Airport,26.609417,104.979,CN,CN-52,Liupanshui (Zhongshan),yes
LPG,SADL,medium_airport,La Plata Airport,-34.9722,-57.8947,AR,AR-B,La Plata,no
LPI,ESSL,large_airport,Linköping City Airport,58.404909,15.684499,SE,SE-E,Linköping,yes
LPK,UUOL,medium_airport,Lipetsk Airport,52.702801,39.5378,RU,RU-LIP,Lipetsk,no
LPL,EGGP,large_airport,Liverpool John Lennon Airport,53.334863,-2.849637,GB,GB-ENG,Liverpool,yes
LPP,EFLP,large_airport,Lappeenranta Airport,61.044601,28.144743,FI,FI-02,Lappeenranta,yes
LPQ,VLLB,large_airport,Luang Phabang International Airport,19.904273,102.167191,LA,LA-LP,Luang Phabang,yes
LPT,VTCL,medium_airport,Lampang Airport,18.27090072631836,99.50420379638672,TH,TH-52,,yes
LPX,EVLA,large_airport,Liepāja International Airport,56.517502,21.096901,LV,LV-112,Liepāja,no
LRD,KLRD,medium_airport,Laredo International Airport,27.5438,-99.461601,US,US-TX,Laredo,yes
LRE,YLRE,medium_airport,Longreach Airport,-23.43202,144.277492,AU,AU-QLD,Longreach,yes
LRF,KLRF,medium_airport,Little Rock Air Force Base,34.916900634799994,-92.14969635010002,US,US-AR,Jacksonville,no
LRH,LFBH,medium_airport,La Rochelle Île de Ré Airport,46.179199,-1.19528,FR,FR-NAQ,La Rochelle,yes
LRL,DXNG,large_airport,Niamtougou International Airport,9.766675,1.090944,TG,TG-K,Niamtougou,no
LRM,MDLR,large_airport,Casa De Campo International Airport,18.452222,-68.911111,DO,DO-12,La Romana,yes
LRR,OISL,medium_airport,Lar Airport,27.6747,54.383301,IR,IR-07,Lar,yes
LRT,LFRH,medium_airport,Lorient South Brittany (Bretagne Sud) Airport,47.760601,-3.44,FR,FR-BRE,Lorient/Lann/Bihoué,no
LRU,KLRU,medium_airport,Las Cruces International Airport,32.289398,-106.921997,US,US-NM,Las Cruces,yes
LSC,SCSE,medium_airport,La Florida Airport,-29.916201,-71.199501,CL,CL-CO,La Serena-Coquimbo,yes
LSE,KLSE,medium_airport,La Crosse Regional Airport,43.879002,-91.256699,US,US-WI,La Crosse,yes
LSF,KLSF,medium_airport,Lawson Army Air Field,32.332546,-84.988003,US,US-GA,Fort Benning,no
LSG,CN-0249,medium_airport,Leshan Airport,29.438627,103.749218,CN,CN-51,Leshan (Wutongqiao),yes
LSH,VYLS,medium_airport,Lashio Airport,22.9778995513916,97.752197265625,MM,MM-17,Lashio,yes
LSI,EGPB,medium_airport,Sumburgh Airport,59.878899,-1.29556,GB,GB-SCT,"Lerwick, Shetland",yes
LSL,MRLC,medium_airport,Los Chiles Airport,11.0353,-84.7061,CR,CR-A,Los Chiles,no
LSP,SVJC,medium_airport,Josefa Camejo International Airport,11.780775,-70.151497,VE,VE-I,Paraguaná,yes
LSR,WIMU,medium_airport,Alas Leuser Airport,3.391456,97.863726,ID,ID-AC,Kutacane,yes
LST,YMLT,medium_airport,Launceston Airport,-41.544935,147.210785,AU,AU-TAS,Launceston (Western Junction),yes
LSV,KLSV,medium_airport,Nellis Air Force Base,36.2361984253,-115.033996582,US,US-NV,Las Vegas,no
LSX,WITL,medium_airport,Lhok Sukon Airport,5.06951,97.259201,ID,ID-AC,Lhok Sukon-Sumatra Island,no
LSY,YLIS,medium_airport,Lismore Airport,-28.830689,153.258419,AU,AU-NSW,Lismore,yes
LTA,FATZ,medium_airport,Tzaneen Airport,-23.8244,30.3293,ZA,ZA-LP,Tzaneen,no
LTD,HLTD,medium_airport,Ghadames Airport,30.145484,9.702095,LY,LY-NL,Ghadames,yes
LTH,VN-0018,large_airport,Long Thanh International Airport (Under Construction),10.772842,107.040596,VN,VN-SE,Ho Chi Minh City (Long Thanh),no
LTI,ZMAT,medium_airport,Altai Airport,46.376399993896484,96.22109985351562,MN,MN-065,Altai,yes
LTK,OSLK,medium_airport,Latakia International Airport,35.4011,35.9487,SY,SY-LA,Latakia,yes
LTM,SYLT,medium_airport,Lethem Airport,3.37276,-59.789398,GY,GY-UT,Lethem,yes
LTN,EGGW,large_airport,London Luton Airport,51.874699,-0.368333,GB,GB-ENG,"Luton, Luton",yes
LTO,MMLT,large_airport,Loreto International Airport,25.989549,-111.348408,MX,MX-BCS,Loreto,yes
LTQ,LFAT,medium_airport,Le Touquet-Côte d'Opale Airport,50.518284,1.621656,FR,FR-HDF,Le Touquet-Paris-Plage,no
LTS,KLTS,medium_airport,Altus Air Force Base,34.667099,-99.266701,US,US-OK,Altus,no
LTU,VALT,medium_airport,Murod Kond Airport,18.411501,76.464699,IN,IN-MM,Latur,yes
LTX,SELT,medium_airport,Cotopaxi International Airport,-0.906833,-78.615799,EC,EC-X,Latacunga,yes
LUA,VNLK,medium_airport,Tenzing-Hillary Airport,27.686768,86.729479,NP,NP-P1,Lukla,yes
LUD,FYLZ,medium_airport,Luderitz Airport,-26.687400817871094,15.242899894714355,NA,NA-KA,Luderitz,yes
LUF,KLUF,medium_airport,Luke Air Force Base,33.535,-112.383003,US,US-AZ,Glendale,no
LUG,LSZA,medium_airport,Lugano Airport,46.004299,8.91058,CH,CH-TI,Agno,yes
LUH,VILD,medium_airport,Ludhiana Airport,30.854700088500977,75.95259857177734,IN,IN-PB,,no
LUK,KLUK,medium_airport,Cincinnati Municipal Airport Lunken Field,39.102357,-84.418945,US,US-OH,Cincinnati,yes
LUM,ZPMS,medium_airport,Dehong Mangshi International Airport,24.4011,98.5317,CN,CN-53,Dehong (Mangshi),yes
LUN,FLLS,large_airport,Kenneth Kaunda International Airport,-15.330833,28.452722,ZM,ZM-09,Lusaka,yes
LUO,FNUE,medium_airport,Luena Airport,-11.7681,19.897699,AO,AO-MOX,Luena,no
LUQ,SAOU,medium_airport,Brigadier Mayor D Cesar Raul Ojeda Airport,-33.273201,-66.3564,AR,AR-D,San Luis,yes
LUR,PALU,medium_airport,Cape Lisburne LRRS Airport,68.875099,-166.110001,US,US-AK,Cape Lisburne,yes
LUV,WAPF,medium_airport,Karel Sadsuitubun Airport,-5.760278,132.759444,ID,ID-MA,Langgur,yes
LUW,WAFW,medium_airport,Syukuran Aminuddin Amir Airport,-1.035893,122.773934,ID,ID-ST,Luwok,no
LUX,ELLX,large_airport,Luxembourg-Findel International Airport,49.626845,6.212134,LU,LU-L,Luxembourg,yes
LUZ,EPLB,large_airport,Lublin Airport,51.240157,22.713461,PL,PL-LU,Lublin,yes
LVA,LFOV,medium_airport,Laval-Entrammes Airport,48.032208,-0.743999,FR,FR-PDL,"Laval, Mayenne",no
LVI,FLLI,large_airport,Harry Mwanga Nkumbula International Airport,-17.821524,25.819642,ZM,ZM-07,Livingstone,yes
LVM,KLVM,medium_airport,Mission Field,45.6994018555,-110.447998047,US,US-MT,Livingston,no
LVP,OIBV,medium_airport,Lavan Airport,26.810742,53.354302,IR,IR-22,Lavan Airport,no
LVS,KLVS,medium_airport,Las Vegas Municipal Airport,35.654202,-105.141998,US,US-NM,Las Vegas,no
LWB,KLWB,medium_airport,Greenbrier Valley Airport,37.857914,-80.400438,US,US-WV,Lewisburg,yes
LWM,KLWM,medium_airport,Lawrence Municipal Airport,42.717201232899995,-71.1233978271,US,US-MA,Lawrence,no
LWN,UDSG,large_airport,Shirak International Airport,40.750401,43.859299,AM,AM-SH,Gyumri,yes
LWO,UKLL,large_airport,Lviv International Airport,49.8125,23.9561,UA,UA-46,Lviv,no
LWR,EHLW,medium_airport,Leeuwarden Air Base,53.228599548339844,5.760560035705566,NL,NL-FR,Leeuwarden,no
LWS,KLWS,medium_airport,Lewiston Nez Perce County Airport,46.3745002746582,-117.01499938964844,US,US-ID,Lewiston,yes
LWT,KLWT,medium_airport,Lewistown Municipal Airport,47.048429,-109.466143,US,US-MT,Lewistown,no
LXA,ZULS,large_airport,Lhasa Gonggar International Airport,29.298001,90.911951,CN,CN-54,Shannan (Gonggar),yes
LXR,HELX,large_airport,Luxor International Airport,25.671018,32.706446,EG,EG-LX,Luxor,yes
LYA,ZHLY,large_airport,Luoyang Beijiao Airport,34.7411,112.388,CN,CN-41,Luoyang (Laocheng),yes
LYB,MWCL,medium_airport,Edward Bodden Little Cayman Airfield,19.660161,-80.088826,KY,KY-LC,Blossom Village,no
LYC,ESNL,medium_airport,Lycksele Airport,64.548302,18.7162,SE,SE-AC,Lycksele,yes
LYG,ZSLG,large_airport,Lianyungang Huaguoshan International Airport,34.41406,119.17899,CN,CN-32,Lianyungang,yes
LYH,KLYH,medium_airport,Lynchburg Regional Airport - Preston Glenn Field,37.326698,-79.200401,US,US-VA,Lynchburg,yes
LYI,ZSLY,medium_airport,Linyi Qiyang Airport,35.052918,118.411828,CN,CN-37,Linyi (Hedong),yes
LYN,LFLY,medium_airport,Lyon Bron Airport,45.727947,4.943991,FR,FR-ARA,"Chassieu, Lyon",no
LYP,OPFA,large_airport,Faisalabad International Airport,31.364923,72.995319,PK,PK-PB,Faisalabad,yes
LYR,ENSB,medium_airport,"Svalbard Airport, Longyear",78.246101,15.4656,NO,NO-21,Longyearbyen,yes
LYS,LFLL,large_airport,Lyon Saint-Exupéry Airport,45.725996,5.090139,FR,FR-ARA,"Colombier-Saugnieu, Rhône",yes
LYU,KELO,medium_airport,Ely Municipal Airport,47.82450104,-91.83070374,US,US-MN,Ely,no
LYX,EGMD,medium_airport,Lydd London Ashford Airport,50.956246,0.939074,GB,GB-ENG,"Romney Marsh, Kent",no
LZC,MMLC,medium_airport,Lázaro Cárdenas Airport,18.001672,-102.220316,MX,MX-MIC,Lázaro Cárdenas,no
LZG,LZG,medium_airport,Langzhong Gucheng Airport,31.50191,106.034417,CN,CN-51,Nanchong (Langzhong),yes
LZH,ZGZH,medium_airport,Liuzhou Bailian Airport / Bailian Air Base,24.2075,109.390999,CN,CN-45,Liuzhou (Liujiang),yes
LZN,RCFG,medium_airport,Matsu Nangan Airport,26.159656,119.958376,TW,TW-LIE,Matsu (Nangan),yes
LZO,ZULZ,medium_airport,Luzhou Yunlong Airport,29.030357,105.468407,CN,CN-51,Luzhou (Yunlong),yes
LZY,ZUNZ,medium_airport,Nyingchi Mainling Airport,29.303301,94.335297,CN,CN-54,Nyingchi (Mainling),yes
MAA,VOMM,large_airport,Chennai International Airport,12.990005,80.169296,IN,IN-TN,Chennai,yes
MAB,SBMA,medium_airport,João Correa da Rocha Airport,-5.36859,-49.138,BR,BR-PA,Marabá,yes
MAD,LEMD,large_airport,Adolfo Suárez Madrid–Barajas Airport,40.493407,-3.572249,ES,ES-MD,Madrid,yes
MAF,KMAF,medium_airport,Midland International Air and Space Port,31.942499,-102.202003,US,US-TX,Midland,yes
MAG,AYMD,medium_airport,Madang Airport,-5.20707988739,145.789001465,PG,PG-MPM,Madang,yes
MAH,LEMH,large_airport,Menorca Airport,39.862598,4.21865,ES,ES-IB,Mahón (Maó),yes
MAJ,PKMJ,large_airport,Marshall Islands International Airport,7.06511,171.271656,MH,MH-MAJ,Majuro Atoll,yes
MAK,HSSM,medium_airport,Malakal International Airport,9.558739,31.651937,SS,SS-NU,Malakal,yes
MAM,MMMA,medium_airport,General Servando Canales International Airport,25.7698993683,-97.5252990723,MX,MX-TAM,Matamoros,yes
MAN,EGCC,large_airport,Manchester Airport,53.349375,-2.279521,GB,GB-ENG,"Manchester, Greater Manchester",yes
MAO,SBEG,large_airport,Eduardo Gomes International Airport,-3.03861,-60.049702,BR,BR-AM,Manaus,yes
MAQ,VTPM,medium_airport,Mae Sot Airport,16.699899673461914,98.54509735107422,TH,TH-63,,yes
MAR,SVMC,large_airport,La Chinita International Airport,10.557542,-71.729307,VE,VE-V,Maracaibo,yes
MAS,AYMO,medium_airport,Momote Airport,-2.06189,147.423996,PG,PG-MRL,Manus Island,yes
MAU,NTTP,medium_airport,Maupiti Airport,-16.42650032043457,-152.24400329589844,PF,PF-U-A,,yes
MAX,GOSM,medium_airport,Ouro Sogui Airport,15.5936,-13.3228,SN,SN-MT,Ouro Sogui,no
MAY,MYAB,medium_airport,Clarence A. Bain Airport,24.287701,-77.684601,BS,BS-SA,Mangrove Cay,no
MAZ,TJMZ,medium_airport,Eugenio Maria De Hostos Airport,18.255699,-67.148499,PR,PR-U-A,Mayaguez,yes
MBA,HKMO,large_airport,Moi International Airport,-4.03483,39.5942,KE,KE-01,Mombasa,yes
MBD,FAMM,medium_airport,Mmabatho International Airport,-25.798400878900004,25.548000335699996,ZA,ZA-NW,Mafeking,yes
MBE,RJEB,medium_airport,Monbetsu Airport,44.303901672399995,143.404006958,JP,JP-01,Monbetsu,yes
MBG,KMBG,medium_airport,Mobridge Municipal Airport,45.54650116,-100.4079971,US,US-SD,Mobridge,no
MBI,HTGW,medium_airport,Songwe Airport,-8.919942,33.273981,TZ,TZ-14,Mbeya,yes
MBJ,MKJS,large_airport,Sangster International Airport,18.50342,-77.91323,JM,JM-08,Montego Bay,yes
MBO,RPUM,medium_airport,Mamburao Airport,13.208048,120.605457,PH,PH-MDC,Mamburao,no
MBS,KMBS,medium_airport,MBS International Airport,43.533181,-84.083104,US,US-MI,Freeland,yes
MBT,RPVJ,medium_airport,Moises R. Espinosa Airport,12.369682,123.630095,PH,PH-MAS,Masbate,yes
MBW,YMMB,medium_airport,Melbourne Moorabbin Airport,-37.977765,145.099799,AU,AU-VIC,Melbourne,yes
MBX,LJMB,medium_airport,Maribor Edvard Rusjan Airport,46.4799,15.6861,SI,SI-160,Maribor,yes
MCB,KMCB,medium_airport,McComb-Pike County Airport / John E Lewis Field,31.178499,-90.471901,US,US-MS,McComb,no
MCC,KMCC,medium_airport,McClellan Airfield,38.667599,-121.401001,US,US-CA,Sacramento,no
MCE,KMCE,medium_airport,Merced Regional Macready Field,37.284698,-120.514,US,US-CA,Merced,yes
MCF,KMCF,medium_airport,MacDill Air Force Base,27.8493,-82.521202,US,US-FL,Tampa,no
MCG,PAMC,medium_airport,McGrath Airport,62.95289993,-155.6060028,US,US-AK,McGrath,yes
MCI,KMCI,large_airport,Kansas City International Airport,39.301699,-94.713893,US,US-MO,Kansas City,yes
MCJ,SKLM,medium_airport,Jorge Isaac Airport,11.2325,-72.4901,CO,CO-LAG,La Mina-Maicao,no
MCK,KMCK,medium_airport,McCook Ben Nelson Regional Airport,40.207787,-100.592794,US,US-NE,McCook,yes
MCN,KMCN,medium_airport,Middle Georgia Regional Airport,32.69279861450195,-83.64920043945312,US,US-GA,Macon,yes
MCO,KMCO,large_airport,Orlando International Airport,28.429399490356445,-81.30899810791016,US,US-FL,Orlando,yes
MCP,SBMQ,medium_airport,Macapá - Alberto Alcolumbre International Airport,0.050664,-51.072201,BR,BR-AP,Macapá,yes
MCS,SARM,medium_airport,Monte Caseros Airport,-30.2719,-57.6402,AR,AR-W,Monte Caseros,no
MCT,OOMS,large_airport,Muscat International Airport,23.600218,58.285268,OM,OM-MA,Muscat/Seeb,yes
MCU,LFBK,medium_airport,Montluçon-Guéret Airport,46.222599,2.36396,FR,FR-NAQ,"Lépaud, Creuse",no
MCW,KMCW,medium_airport,Mason City Municipal Airport,43.159801,-93.329716,US,US-IA,Mason City,yes
MCX,URML,large_airport,Makhachkala Uytash International Airport,42.816799,47.652302,RU,RU-DA,Makhachkala,yes
MCY,YBSU,large_airport,Sunshine Coast Airport,-26.593324,153.08319,AU,AU-QLD,Maroochydore,yes
MCZ,SBMO,large_airport,Zumbi dos Palmares International Airport,-9.512559,-35.791839,BR,BR-AL,Maceió,yes
MDC,WAMM,large_airport,Sam Ratulangi International Airport,1.548591,124.92625,ID,ID-SA,Manado,yes
MDE,SKRG,large_airport,Jose Maria Córdova International Airport,6.16454,-75.4231,CO,CO-ANT,Medellín,yes
MDG,ZYMD,medium_airport,Mudanjiang Hailang International Airport,44.525172,129.568634,CN,CN-23,Mudanjiang,yes
MDH,KMDH,medium_airport,Southern Illinois Airport,37.778099,-89.251999,US,US-IL,Murphysboro,no
MDI,DNMK,medium_airport,Makurdi Airport,7.70388,8.61394,NG,NG-BE,Makurdi,yes
MDK,FZEA,medium_airport,Mbandaka Airport,0.0226000007242,18.2887001038,CD,CD-EQ,Mbandaka,yes
MDL,VYMD,large_airport,Mandalay International Airport,21.702199935913086,95.97789764404297,MM,MM-04,Mandalay,yes
MDQ,SAZM,medium_airport,Ástor Piazzola International Airport,-37.9342,-57.5733,AR,AR-B,Mar del Plata,yes
MDT,KMDT,medium_airport,Harrisburg International Airport,40.192838,-76.762333,US,US-PA,Harrisburg,yes
MDU,AYMN,medium_airport,Mendi Airport,-6.14774,143.656998,PG,PG-SHM,Mendi,yes
MDW,KMDW,large_airport,Chicago Midway International Airport,41.785999,-87.752403,US,US-IL,Chicago,yes
MDY,PMDY,medium_airport,Henderson Field,28.2017,-177.380997,UM,UM-71,Sand Island,no
MDZ,SAME,large_airport,Governor Francisco Gabrielli International Airport,-32.831699,-68.7929,AR,AR-M,Mendoza,yes
MEA,SBME,medium_airport,Macaé Benedito Lacerda Airport,-22.343,-41.765999,BR,BR-RJ,Macaé,no
MEB,YMEN,medium_airport,Melbourne Essendon Airport,-37.7281,144.901993,AU,AU-VIC,Essendon Fields,yes
MEC,SEMT,medium_airport,Eloy Alfaro International Airport,-0.9460780024528503,-80.67880249023438,EC,EC-M,Manta,yes
MED,OEMA,large_airport,Prince Mohammad Bin Abdulaziz Airport,24.5534,39.705101,SA,SA-03,Medina,yes
MEE,NWWR,medium_airport,Maré Airport,-21.482438,168.038465,NC,NC-01,Maré,yes
MEG,FNMA,medium_airport,Malanje Airport,-9.525090217590332,16.312400817871094,AO,AO-MAL,Malanje,yes
MEH,ENMH,medium_airport,Mehamn Airport,71.029701,27.8267,NO,NO-56,Mehamn,yes
MEI,KMEI,medium_airport,Key Field / Meridian Regional Airport,32.3326,-88.7519,US,US-MS,Meridian,yes
MEK,GMFM,medium_airport,Bassatine Airport,33.879101,-5.51512,MA,MA-03,Meknes,no
MEL,YMML,large_airport,Melbourne Airport,-37.670732,144.837898,AU,AU-VIC,Melbourne,yes
MEM,KMEM,large_airport,Frederick W. Smith International Airport,35.043845,-89.97634,US,US-TN,Memphis,yes
MEN,LFNB,medium_airport,Mende-Brenoux Airfield,44.502102,3.53282,FR,FR-OCC,Mende/Brénoux,no
MEQ,WITC,medium_airport,Cut Nyak Dhien Airport,4.040998,96.253312,ID,ID-AC,Kuala Pesisir,yes
MER,KMER,medium_airport,Castle Airport,37.38050079,-120.5680008,US,US-CA,Merced,no
MES,WIMK,medium_airport,Soewondo Air Force Base,3.558425,98.672275,ID,ID-SU,Medan,no
MEU,SBMD,medium_airport,Monte Dourado - Serra do Areão Airport,-0.889839,-52.6022,BR,BR-PA,Almeirim,no
MEX,MMMX,large_airport,Mexico City Benito Juárez International Airport,19.435822,-99.07033,MX,MX-DIF,Mexico City,yes
MFD,KMFD,medium_airport,Mansfield Lahm Regional Airport,40.82139968869999,-82.5166015625,US,US-OH,Mansfield,no
MFE,KMFE,medium_airport,McAllen Miller International Airport,26.176141,-98.237965,US,US-TX,McAllen,yes
MFH,K67L,medium_airport,Mesquite Airport,36.833105,-114.055928,US,US-NV,Mesquite,no
MFK,RCMT,medium_airport,Matsu Beigan Airport,26.22414,120.002679,TW,TW-LIE,Matsu (Beigan),yes
MFM,VMMC,large_airport,Macau International Airport,22.149599,113.592003,MO,MO-CAR,Nossa Senhora do Carmo,yes
MFQ,DRRM,medium_airport,Maradi Airport,13.5025,7.12675,NE,NE-4,Maradi,no
MFR,KMFR,medium_airport,Rogue Valley International-Medford Airport,42.374199,-122.873001,US,US-OR,Medford,yes
MFU,FLMF,large_airport,Mfuwe International Airport,-13.2589,31.9366,ZM,ZM-03,Mfuwe,yes
MGA,MNMG,large_airport,Augusto C. Sandino (Managua) International Airport,12.1415,-86.168198,NI,NI-MN,Managua,yes
MGB,YMTG,medium_airport,Mount Gambier Airport,-37.744382,140.780561,AU,AU-SA,Mount Gambier,yes
MGC,KMGC,medium_airport,Michigan City Municipal Airport,41.7033,-86.821198,US,US-IN,Michigan City,yes
MGE,KMGE,medium_airport,Dobbins Air Reserve Base,33.915401,-84.516296,US,US-GA,Marietta,no
MGF,SBMG,medium_airport,Regional de Maringá - Sílvio Name Júnior Airport,-23.47606,-52.016187,BR,BR-PR,Maringá,yes
MGH,FAMG,medium_airport,Margate Airport,-30.8574008942,30.343000412,ZA,ZA-NL,Margate,yes
MGL,EDLN,medium_airport,Mönchengladbach Airport,51.230278,6.504444,DE,DE-NW,Mönchengladbach,no
MGM,KMGM,medium_airport,Montgomery Regional (Dannelly Field) Airport,32.300598,-86.393997,US,US-AL,Montgomery,yes
MGN,SKMG,medium_airport,Baracoa Airport,9.28474,-74.8461,CO,CO-BOL,Magangué,no
MGQ,HCMM,large_airport,Aden Adde International Airport,2.01444,45.304699,SO,SO-BN,Mogadishu,yes
MGW,KMGW,medium_airport,Morgantown Municipal Airport Walter L. (Bill) Hart Field,39.643305,-79.917598,US,US-WV,Morgantown,yes
MGZ,VYME,medium_airport,Myeik Airport,12.439800262451172,98.62149810791016,MM,MM-05,Mkeik,yes
MHD,OIMM,large_airport,Mashhad International Airport,36.234821,59.642949,IR,IR-09,Mashhad,yes
MHG,EDFM,medium_airport,Mannheim-City Airport,49.473057,8.514167,DE,DE-BW,Mannheim,yes
MHH,MYAM,medium_airport,Leonard M. Thompson International Airport,26.510711,-77.084262,BS,BS-CO,Marsh Harbour,yes
MHK,KMHK,medium_airport,Manhattan Regional Airport,39.14099884033203,-96.6707992553711,US,US-KS,Manhattan,yes
MHQ,EFMA,medium_airport,Mariehamn Airport,60.1222,19.898199,FI,FI-01,Mariehamn,yes
MHR,KMHR,medium_airport,Sacramento Mather Airport,38.554744,-121.297989,US,US-CA,Sacramento,no
MHT,KMHT,medium_airport,Manchester-Boston Regional Airport,42.932598,-71.435699,US,US-NH,Manchester,yes
MHU,YHOT,medium_airport,Mount Hotham Airport,-37.0475006104,147.333999634,AU,AU-VIC,Mount Hotham,yes
MHV,KMHV,medium_airport,Mojave Air &  Space Port,35.056391,-118.145342,US,US-CA,Mojave,no
MHZ,EGUN,medium_airport,RAF Mildenhall,52.3619,0.486406,GB,GB-ENG,"Bury Saint Edmunds, Suffolk",no
MIA,KMIA,large_airport,Miami International Airport,25.796011,-80.289751,US,US-FL,Miami,yes
MIB,KMIB,medium_airport,Minot Air Force Base,48.4156,-101.358002,US,US-ND,Minot,no
MID,MMMD,large_airport,Manuel Crescencio Rejón International Airport,20.930485,-89.645462,MX,MX-YUC,Mérida,yes
MIE,KMIE,medium_airport,Delaware County Johnson Field,40.242298,-85.395897,US,US-IN,Muncie,no
MIG,ZUMY,medium_airport,Mianyang Nanjiao Airport,31.428101,104.740997,CN,CN-51,Mianyang (Fucheng),yes
MII,SBML,medium_airport,Frank Miloye Milenkowichi–Marília State Airport,-22.196899,-49.926485,BR,BR-SP,Marília,yes
MIK,EFMI,medium_airport,Mikkeli Airport,61.6866,27.201799,FI,FI-04,Mikkeli,no
MIM,YMER,medium_airport,Merimbula Airport,-36.9085998535,149.901000977,AU,AU-NSW,Merimbula,yes
MIR,DTMB,medium_airport,Monastir Habib Bourguiba International Airport,35.75809860229492,10.75469970703125,TN,TN-52,Monastir,yes
MIU,DNMA,large_airport,Maiduguri International Airport,11.854163,13.080702,NG,NG-BO,Maiduguri,yes
MIV,KMIV,medium_airport,Millville Municipal Airport,39.367802,-75.072197,US,US-NJ,Millville,no
MJC,DIMN,medium_airport,Man Airport,7.27207,-7.58736,CI,CI-MG,,no
MJD,OPMJ,medium_airport,Moenjodaro Airport,27.335199,68.143097,PK,PK-SD,Moenjodaro,no
MJF,ENMS,medium_airport,"Mosjøen Airport, Kjærstad",65.783997,13.2149,NO,NO-18,Mosjøen,yes
MJI,HLLM,large_airport,Mitiga International Airport,32.89177,13.287878,LY,LY-TB,Tripoli,yes
MJK,YSHK,medium_airport,Shark Bay Airport,-25.897294,113.575802,AU,AU-WA,Denham,yes
MJL,FOGM,medium_airport,Mouilla Ville Airport,-1.84514,11.0567,GA,GA-4,Mouila,no
MJM,FZWA,medium_airport,Mbuji Mayi Airport,-6.121240139010001,23.569000244099996,CD,CD-KE,Mbuji Mayi,yes
MJN,FMNM,large_airport,Amborovy Airport,-15.666842,46.351233,MG,MG-M,Mahajanga,yes
MJT,LGMT,medium_airport,Mytilene International Airport,39.057406,26.598629,GR,GR-K,Mytilene,yes
MJZ,UERR,medium_airport,Mirny Airport,62.534698486328125,114.03900146484375,RU,RU-SA,Mirny,yes
MKC,KMKC,medium_airport,Charles B. Wheeler Downtown Airport,39.123199,-94.592796,US,US-MO,Kansas City,no
MKE,KMKE,large_airport,General Mitchell International Airport,42.947201,-87.896599,US,US-WI,Milwaukee,yes
MKG,KMKG,medium_airport,Muskegon County Airport,43.169498,-86.238197,US,US-MI,Muskegon,yes
MKK,PHMK,medium_airport,Molokai Airport,21.152901,-157.095993,US,US-HI,Kaunakakai,yes
MKL,KMKL,medium_airport,McKellar-Sipes Regional Airport,35.599899,-88.915604,US,US-TN,Jackson,yes
MKM,WBGK,medium_airport,Mukah Airport,2.881944,112.043333,MY,MY-13,Mukah,yes
MKP,NTGM,medium_airport,Makemo Airport,-16.5839,-143.658005,PF,PF-U-A,Makemo,yes
MKQ,WAKK,medium_airport,Mopah International Airport,-8.523898,140.419693,ID,ID-PS,Merauke,yes
MKR,YMEK,medium_airport,Meekatharra Airport,-26.6117000579834,118.5479965209961,AU,AU-WA,,yes
MKU,FOOK,medium_airport,Makokou Airport,0.5792109966278076,12.890899658203125,GA,GA-6,Makokou,yes
MKW,WASR,medium_airport,Rendani Airport,-0.891833,134.048996,ID,ID-PB,Manokwari,yes
MKY,YBMK,medium_airport,Mackay Airport,-21.170816,149.182588,AU,AU-QLD,Mackay,yes
MKZ,WMKM,medium_airport,Malacca International Airport,2.265613,102.252778,MY,MY-04,Malacca,yes
MLA,LMML,large_airport,Malta International Airport,35.845932,14.491546,MT,MT-25,Valletta,yes
MLB,KMLB,medium_airport,Melbourne Orlando International Airport,28.102009,-80.641088,US,US-FL,Melbourne,yes
MLC,KMLC,medium_airport,Mc Alester Regional Airport,34.882401,-95.783501,US,US-OK,Mc Alester,no
MLE,VRMM,large_airport,Velana International Airport,4.19183,73.529099,MV,MV-MLE,Malé,yes
MLG,WARA,medium_airport,Abdul Rachman Saleh Airport,-7.929099,112.714233,ID,ID-JI,Malang,yes
MLI,KMLI,medium_airport,Quad City International Airport,41.448502,-90.5075,US,US-IL,Moline,yes
MLM,MMMM,large_airport,General Francisco J. Mujica International Airport,19.849899,-101.025002,MX,MX-MIC,Morelia,yes
MLN,GEML,medium_airport,Melilla Airport,35.2798,-2.95626,ES,ES-ML,Melilla,yes
MLS,KMLS,medium_airport,Miles City Airport - Frank Wiley Field,46.427268,-105.885372,US,US-MT,Miles City,no
MLU,KMLU,medium_airport,Monroe Regional Airport,32.510899,-92.037697,US,US-LA,Monroe,yes
MLW,GLMR,medium_airport,Spriggs Payne Airport,6.28906,-10.7587,LR,LR-MO,Monrovia,yes
MLX,LTAT,medium_airport,Malatya Erhaç Airport,38.435298919699996,38.0909996033,TR,TR-44,Malatya,yes
MMB,RJCM,medium_airport,Memanbetsu Airport,43.8805999756,144.164001465,JP,JP-01,Ōzora,yes
MMD,ROMD,medium_airport,Minamidaito Airport,25.8465,131.263,JP,JP-47,Minamidaito,yes
MME,EGNV,medium_airport,Teesside International Airport,54.509201,-1.42941,GB,GB-ENG,"Darlington, Durham",yes
MMG,YMOG,medium_airport,Mount Magnet Airport,-28.116100311279297,117.84200286865234,AU,AU-WA,,yes
MMH,KMMH,medium_airport,Mammoth Yosemite Airport,37.625381,-118.84306,US,US-CA,Mammoth Lakes,yes
MMJ,RJAF,medium_airport,Shinshu-Matsumoto Airport,36.166801,137.923004,JP,JP-20,Matsumoto,yes
MMK,ULMM,large_airport,Emperor Nicholas II Murmansk Airport,68.7817,32.750801,RU,RU-MUR,Murmansk,yes
MMO,GVMA,medium_airport,Maio Airport,15.155900001525879,-23.213699340820312,CV,CV-S,Vila do Maio,yes
MMT,KMMT,medium_airport,Mc Entire Joint National Guard Base,33.92079926,-80.80130005,US,US-SC,Eastover,no
MMU,KMMU,medium_airport,Morristown Municipal Airport,40.799062,-74.414949,US,US-NJ,Morristown,no
MMX,ESMS,large_airport,Malmö Sturup Airport,55.535564,13.376327,SE,SE-M,Malmö,yes
MMY,ROMY,medium_airport,Miyako Airport,24.782801,125.294998,JP,JP-47,Miyakojima,yes
MMZ,OAMN,medium_airport,Maymana Zahiraddin Faryabi Airport,35.930801,64.760902,AF,AF-FYB,Maymana,no
MNC,FQNC,medium_airport,Nacala International Airport,-14.4882,40.7122,MZ,MZ-N,Nacala,yes
MNG,YMGD,medium_airport,Maningrida Airport,-12.0560998917,134.23399353,AU,AU-NT,Maningrida,yes
MNH,OM-0004,medium_airport,Mussanah Airport,23.640556,57.4875,OM,OM-BA,Al Masna'ah,no
MNI,TRPG,large_airport,John A. Osborne Airport,16.791835,-62.193204,MS,MS-SP,Gerald's Park,yes
MNJ,FMSM,medium_airport,Mananjary Airport,-21.201799,48.358299,MG,MG-F,Mananjary,yes
MNL,RPLL,large_airport,Ninoy Aquino International Airport,14.5086,121.019997,PH,PH-00,Manila (Pasay),yes
MNR,FLMG,medium_airport,Mongu Airport,-15.2545,23.1623,ZM,ZM-01,Mongu,no
MNX,SBMY,medium_airport,Manicoré Airport,-5.81138,-61.278301,BR,BR-AM,Manicoré,yes
MNZ,KHEF,medium_airport,Washington Manassas Harry P. Davis Field,38.723021,-77.515422,US,US-VA,Manassas,no
MOA,MUMO,medium_airport,Orestes Acosta Airport,20.653900146484375,-74.92220306396484,CU,CU-11,Moa,no
MOB,KMOB,medium_airport,Mobile Regional Airport,30.6912,-88.242798,US,US-AL,Mobile,yes
MOC,SBMK,medium_airport,Mário Ribeiro Airport,-16.706919,-43.818901,BR,BR-MG,Montes Claros,yes
MOD,KMOD,medium_airport,Modesto City Co-Harry Sham Field,37.625801,-120.954002,US,US-CA,Modesto,no
MOE,VYMO,medium_airport,Momeik Airport,23.092500686645508,96.64530181884766,MM,MM-17,,no
MOG,VYMS,medium_airport,Mong Hsat Airport,20.516799926757812,99.25679779052734,MM,MM-17,Mong Hsat,yes
MOL,ENML,medium_airport,"Molde Airport, Årø",62.744701,7.2625,NO,NO-15,Årø,yes
MON,NZMC,medium_airport,Mount Cook Airport,-43.764999,170.132996,NZ,NZ-CAN,,no
MOQ,FMMV,medium_airport,Morondava Airport,-20.2847,44.3176,MG,MG-U,Morondava,yes
MOT,KMOT,medium_airport,Minot International Airport,48.25801,-101.279123,US,US-ND,Minot,yes
MOV,YMRB,medium_airport,Moranbah Airport,-22.057800293,148.07699585,AU,AU-QLD,Moranbah,yes
MOZ,NTTM,medium_airport,Moorea Temae Airport,-17.48979,-149.761777,PF,PF-U-A,Moorea-Maiao,yes
MPA,FYKM,medium_airport,Katima Mulilo Airport,-17.634258,24.176688,NA,NA-CA,Mpacha,yes
MPH,RPVE,medium_airport,Godofredo P. Ramos Airport,11.9245,121.954002,PH,PH-AKL,Caticlan,yes
MPL,LFMT,large_airport,Montpellier-Méditerranée Airport,43.576199,3.96301,FR,FR-OCC,Montpellier/Méditerranée,yes
MPM,FQMA,large_airport,Maputo Airport,-25.920799,32.572601,MZ,MZ-MPM,Maputo,yes
MPN,EGYP,medium_airport,Mount Pleasant Airport / RAF Mount Pleasant,-51.822642,-58.445777,FK,FK-U-A,Mount Pleasant,yes
MPV,KMPV,medium_airport,Edward F Knapp State Airport,44.20349884,-72.56230164,US,US-VT,Barre/Montpelier,no
MPW,UKCM,medium_airport,Mariupol International Airport,47.076099,37.4496,UA,UA-14,Mariupol,no
MPY,SOOA,medium_airport,Maripasoula Airport,3.655907,-54.039431,GF,GF-SL,Maripasoula,yes
MQF,USCM,large_airport,Magnitogorsk International Airport,53.391991,58.755235,RU,RU-BA,Magnitogorsk,yes
MQH,SBMC,medium_airport,Minaçu Airport,-13.5491,-48.195301,BR,BR-GO,Minaçu,no
MQJ,UEMA,medium_airport,Moma Airport,66.450861,143.261551,RU,RU-SA,Khonuu,yes
MQL,YMIA,medium_airport,Mildura Airport,-34.229198455799995,142.085998535,AU,AU-VIC,Mildura,yes
MQM,LTCR,medium_airport,Mardin Airport,37.223300933800004,40.6316986084,TR,TR-47,Mardin,yes
MQN,ENRA,medium_airport,"Mo i Rana Airport, Røssvoll",66.363899230957,14.301400184631,NO,NO-18,Mo i Rana,yes
MQP,FAKN,large_airport,Kruger Mpumalanga International Airport,-25.383327,31.105325,ZA,ZA-MP,Mbombela,yes
MQQ,FTTD,medium_airport,Moundou Airport,8.628503,16.074241,TD,TD-LO,Moundou,no
MQS,TVSM,medium_airport,Mustique Airport,12.8879,-61.180199,VC,VC-06,Lovell,yes
MQT,KSAW,medium_airport,Marquette Sawyer Regional Airport,46.351498,-87.395884,US,US-MI,Gwinn,yes
MQU,SKQU,medium_airport,Mariquita Airport,5.21256,-74.8836,CO,CO-TOL,Mariquita,no
MQX,HAMK,medium_airport,Mekele Alula Aba Nega Airport,13.4674,39.533501,ET,ET-TI,Mekele,yes
MQY,KMQY,medium_airport,Smyrna Airport,36.0089988708,-86.5201034546,US,US-TN,Smyrna,no
MRB,KMRB,medium_airport,Eastern WV Regional Airport/Shepherd Field,39.40190125,-77.98459625,US,US-WV,Martinsburg,no
MRD,SVMD,medium_airport,Alberto Carnevalli Airport,8.582078,-71.161041,VE,VE-L,Mérida,no
MRE,HKMS,medium_airport,Mara Serena Lodge Airstrip,-1.404588,35.008349,KE,KE-33,Serena,yes
MRG,YMBA,medium_airport,Mareeba Airport,-17.070277,145.424228,AU,AU-QLD,Mareeba,no
MRI,PAMR,medium_airport,Merrill Field,61.212792,-149.843988,US,US-AK,Anchorage,yes
MRO,NZMS,medium_airport,Hood Airport,-40.974634,175.63454,NZ,NZ-WGN,Masterton,no
MRQ,RPUW,medium_airport,Marinduque Airport,13.361000061035156,121.82599639892578,PH,PH-MAD,Gasan,no
MRR,SEMA,medium_airport,Jose Maria Velasco Ibarra Airport,-4.37823009491,-79.94100189210002,EC,EC-L,Macará,no
MRS,LFML,large_airport,Marseille Provence Airport,43.438088,5.2125,FR,FR-PAC,"Marignane, Bouches-du-Rhône",yes
MRU,FIMP,large_airport,Sir Seewoosagur Ramgoolam International Airport,-20.430201,57.683601,MU,MU-GP,Plaine Magnien,yes
MRV,URMM,large_airport,Mineralnye Vody Airport,44.225101,43.081902,RU,RU-STA,Mineralnyye Vody,yes
MRW,EKMB,medium_airport,Lolland Falster Maribo Airport,54.699447,11.438163,DK,DK-85,Rødby,no
MRX,OIAM,medium_airport,Mahshahr Airport,30.5562,49.151901,IR,IR-06,Mahshahr,yes
MRY,KMRY,medium_airport,Monterey Regional Airport,36.586777,-121.844183,US,US-CA,Monterey,yes
MRZ,YMOR,medium_airport,Moree Airport,-29.498899459799997,149.845001221,AU,AU-NSW,Moree,yes
MSH,OOMA,medium_airport,RAFO Masirah,20.6754,58.890499,OM,OM-SH,Masirah,no
MSJ,RJSM,medium_airport,Misawa Airport / Misawa Air Base,40.703201,141.367996,JP,JP-02,Misawa,yes
MSL,KMSL,medium_airport,Northwest Alabama Regional Airport,34.745123,-87.612981,US,US-AL,Muscle Shoals,yes
MSN,KMSN,medium_airport,Dane County Regional Truax Field,43.1399,-89.337502,US,US-WI,Madison,yes
MSO,KMSO,medium_airport,Missoula Montana Airport,46.915816,-114.091107,US,US-MT,Missoula,yes
MSP,KMSP,large_airport,Minneapolis–Saint Paul International Airport / Wold–Chamberlain Field,44.880081,-93.221741,US,US-MN,Minneapolis,yes
MSQ,UMMS,large_airport,Minsk National Airport,53.888071,28.039964,BY,BY-MI,Minsk,yes
MSR,LTCK,medium_airport,Muş Airport,38.747798919677734,41.66120147705078,TR,TR-49,Muş,yes
MSS,KMSS,medium_airport,Massena International Airport Richards Field,44.936157,-74.844304,US,US-NY,Massena,yes
MST,EHBK,large_airport,Maastricht Aachen Airport,50.911087,5.769401,NL,NL-LI,Maastricht,yes
MSU,FXMM,large_airport,Moshoeshoe I International Airport,-29.456277,27.554456,LS,LS-A,Maseru(Mazenod),yes
MSW,HHMS,medium_airport,Massawa International Airport,15.67,39.370098,ER,ER-SK,Massawa,no
MSY,KMSY,large_airport,Louis Armstrong New Orleans International Airport,29.993401,-90.264673,US,US-LA,New Orleans,yes
MSZ,FNMO,medium_airport,Welwitschia Mirabilis International Airport,-15.2612,12.1468,AO,AO-NAM,Moçâmedes,yes
MTC,KMTC,medium_airport,Selfridge Air National Guard Base Airport,42.613463,-82.836919,US,US-MI,Mount Clemens,no
MTH,KMTH,medium_airport,Florida Keys Marathon International Airport,24.726006,-81.05138,US,US-FL,Marathon,no
MTJ,KMTJ,medium_airport,Montrose Regional Airport,38.5098,-107.893997,US,US-CO,Montrose,yes
MTN,KMTN,medium_airport,Martin State Airport,39.325699,-76.413803,US,US-MD,Baltimore,no
MTR,SKMR,medium_airport,Los Garzones Airport,8.82374,-75.8258,CO,CO-COR,Montería,yes
MTS,FDMS,medium_airport,Matsapha International Airport,-26.528919,31.307577,SZ,SZ-MA,Manzini,no
MTT,MMMT,medium_airport,Minatitlán/Coatzacoalcos International Airport,18.103399,-94.580704,MX,MX-VER,Cosoleacaque,yes
MTY,MMMY,large_airport,Monterrey International Airport,25.778521,-100.106989,MX,MX-NLE,Monterrey,yes
MTZ,LLMZ,medium_airport,Bar Yehuda Airfield,31.328199,35.388599,IL,IL-D,Masada,no
MUA,AGGM,medium_airport,Munda Airport,-8.32797,157.263,SB,SB-WE,Munda,yes
MUB,FBMN,large_airport,Maun International Airport,-19.970491,23.431409,BW,BW-NW,Maun,yes
MUC,EDDM,large_airport,Munich Airport,48.353802,11.7861,DE,DE-BY,Munich,yes
MUD,FQMD,medium_airport,Mueda Airport,-11.6729,39.563099,MZ,MZ-P,Mueda,no
MUE,PHMU,medium_airport,Waimea Kohala Airport,20.001301,-155.667999,US,US-HI,Waimea (Kamuela),yes
MUH,HEMM,large_airport,Mersa Matruh International Airport,31.324313,27.22227,EG,EG-MT,Marsa Matruh,yes
MUI,KMUI,medium_airport,Muir Army Air Field (Fort Indiantown Gap) Airport,40.435214,-76.568661,US,US-PA,Fort Indiantown Gap(Annville),no
MUN,SVMT,medium_airport,José Tadeo Monagas International Airport,9.749023,-63.153348,VE,VE-N,Maturín,yes
MUO,KMUO,medium_airport,Mountain Home Air Force Base,43.043598,-115.872002,US,US-ID,Mountain Home,no
MUR,WBGM,medium_airport,Marudi Airport,4.178734,114.330318,MY,MY-13,Marudi,yes
MUW,DAOV,medium_airport,Ghriss Airport,35.207699,0.147142,DZ,DZ-29,Ghriss,no
MUX,OPMT,large_airport,Multan International Airport,30.203199,71.419098,PK,PK-PB,Multan,yes
MVA,BIRL,medium_airport,Mývatn Airport,65.6558,-16.9181,IS,IS-6,Myvatn,no
MVB,FOON,medium_airport,M'Vengue El Hadj Omar Bongo Ondimba International Airport,-1.65616,13.438,GA,GA-2,Franceville,yes
MVD,SUMU,large_airport,Carrasco General Cesáreo L. Berisso International Airport,-34.835647,-56.026497,UY,UY-CA,Ciudad de la Costa,yes
MVF,SBMS,medium_airport,Dix-Sept Rosado Airport,-5.20192,-37.3643,BR,BR-RN,Mossoró,yes
MVP,SKMU,medium_airport,Fabio Alberto Leon Bentley Airport,1.25366,-70.2339,CO,CO-VAU,Mitú,yes
MVQ,UMOO,medium_airport,Mogilev Airport,53.954898834228516,30.09510040283203,BY,BY-MA,Mogilev,yes
MVR,FKKL,medium_airport,Salak Airport,10.451399803161621,14.257399559020996,CM,CM-EN,Maroua,yes
MVT,NTGV,medium_airport,Mataiva Airport,-14.8681001663208,-148.7169952392578,PF,PF-U-A,,yes
MVZ,FVMV,medium_airport,Masvingo International Airport,-20.0553,30.8591,ZW,ZW-MV,Masvingo,no
MWA,KMWA,medium_airport,Veterans Airport of Southern Illinois,37.751208,-89.016568,US,US-IL,Marion,yes
MWD,OPMI,medium_airport,Mianwali Air Base,32.5630989074707,71.5707015991211,PK,PK-PB,Mianwali,no
MWE,HSMN,medium_airport,Merowe Airport,18.443333,31.843333,SD,SD-01,Merowe,no
MWH,KMWH,medium_airport,Grant County International Airport,47.20769882,-119.3199997,US,US-WA,Moses Lake,no
MWL,KMWL,medium_airport,Mineral Wells Regional Airport,32.781601,-98.060204,US,US-TX,Mineral Wells,yes
MWX,RKJB,large_airport,Muan International Airport,34.991406,126.382814,KR,KR-46,Muan (Piseo-ri),yes
MWZ,HTMW,large_airport,Mwanza International Airport,-2.446563,32.936049,TZ,TZ-18,Mwanza,yes
MXF,KMXF,medium_airport,Maxwell Air Force Base,32.3829,-86.365799,US,US-AL,Montgomery,no
MXI,RPMQ,medium_airport,Mati National Airport,6.949091,126.27368,PH,PH-DAO,Mati,no
MXJ,DNMN,medium_airport,Minna Airport,9.652170181274414,6.462259769439697,NG,NG-NI,Minna,no
MXL,MMML,medium_airport,General Rodolfo Sánchez Taboada International Airport,32.630629,-115.242805,MX,MX-BCN,Mexicali,yes
MXM,FMSR,medium_airport,Morombe Airport,-21.753837,43.374753,MG,MG-U,Morombe,no
MXN,LFRU,medium_airport,Morlaix-Ploujean Airport,48.6031990051,-3.81577992439,FR,FR-BRE,Morlaix/Ploujean,no
MXP,LIMC,large_airport,Milan Malpensa International Airport,45.6306,8.72811,IT,IT-25,Ferno (VA),yes
MXV,ZMMN,medium_airport,Mörön Airport,49.663677,100.100028,MN,MN-041,Mörön,yes
MXX,ESKM,medium_airport,Mora Airport,60.957901,14.5114,SE,SE-W,Mora,yes
MYA,YMRY,medium_airport,Moruya Airport,-35.8978004456,150.143997192,AU,AU-NSW,Moruya,yes
MYC,SVBS,medium_airport,Escuela Mariscal Sucre Airport,10.249978,-67.649422,VE,VE-D,Maracay,no
MYD,HKML,medium_airport,Malindi International Airport,-3.22931,40.1017,KE,KE-03,Malindi,yes
MYE,RJTQ,medium_airport,Miyakejima Airport,34.073600769,139.559997559,JP,JP-13,Miyakejima,yes
MYG,MYMM,medium_airport,Mayaguana Airport,22.379499,-73.013494,BS,BS-MG,Abraham Bay Settlement,yes
MYJ,RJOM,large_airport,Matsuyama Airport,33.826893,132.700114,JP,JP-38,Matsuyama,yes
MYL,KMYL,medium_airport,McCall Municipal Airport,44.888837,-116.101112,US,US-ID,McCall,yes
MYP,UTAM,medium_airport,Mary International Airport,37.62353,61.895668,TM,TM-M,Mary,yes
MYQ,VOMY,medium_airport,Mysore Airport,12.229751,76.653683,IN,IN-KA,Mysore,yes
MYR,KMYR,large_airport,Myrtle Beach International Airport,33.679699,-78.928299,US,US-SC,Myrtle Beach,yes
MYT,VYMK,medium_airport,Myitkyina Airport,25.3836,97.351898,MM,MM-11,Myitkyina,yes
MYU,PAMY,medium_airport,Mekoryuk Airport,60.372338,-166.269751,US,US-AK,Mekoryuk,yes
MYV,KMYV,medium_airport,Yuba County Airport,39.09780121,-121.5699997,US,US-CA,Marysville,no
MYW,HTMT,medium_airport,Mtwara Airport,-10.336204,40.181997,TZ,TZ-17,Mtwara,yes
MYY,WBGR,medium_airport,Miri Airport,4.32201,113.987,MY,MY-13,Miri,yes
MZB,FQMP,medium_airport,Mocímboa da Praia Airport,-11.3618,40.3549,MZ,MZ-P,Mocímboa da Praia,no
MZG,RCQC,large_airport,Penghu Magong Airport,23.568701,119.627998,TW,TW-PEN,Huxi,yes
MZH,LTAP,medium_airport,Amasya Merzifon Airport,40.829399,35.521999,TR,TR-05,Amasya,yes
MZI,GAMB,medium_airport,Mopti Airport,14.5128,-4.07956,ML,ML-5,Sévaré,yes
MZL,SKMZ,medium_airport,La Nubia Airport,5.0296,-75.4647,CO,CO-CAL,Manizales,yes
MZO,MUMZ,medium_airport,Sierra Maestra International Airport,20.288605,-77.087545,CU,CU-12,Manzanillo,yes
MZQ,FAMU,medium_airport,Mkuze Airport,-27.626101,32.0443,ZA,ZA-NL,Mkuze,yes
MZR,OAMS,large_airport,Mazar-i-Sharif International Airport,36.70412,67.210459,AF,AF-BAL,Mazar-i-Sharif,yes
MZS,VIMB,medium_airport,Moradabad Airport,28.81746,78.92187,IN,IN-UP,Moradabad,yes
MZT,MMMZ,large_airport,General Rafael Buelna International Airport,23.162823,-106.264517,MX,MX-SIN,Mazatlàn,yes
MZU,VEMZ,medium_airport,Muzaffarpur Airport,26.119101,85.313698,IN,IN-BR,Muzaffarpur,no
MZV,WBMU,medium_airport,Mulu Airport,4.048329830169678,114.80500030517578,MY,MY-13,Mulu,yes
MZW,DAAY,medium_airport,Mecheria Airport,33.5359,-0.242353,DZ,DZ-45,Mecheria,yes
NAA,YNBR,medium_airport,Narrabri Airport,-30.3192005157,149.82699585,AU,AU-NSW,Narrabri,yes
NAG,VANP,large_airport,Dr. Babasaheb Ambedkar International Airport,21.092199,79.047203,IN,IN-MM,Nagpur,yes
NAH,WAMH,medium_airport,Naha Airport,3.68478,125.527162,ID,ID-SA,"Tabukan Utara, Sangihe Islands",yes
NAJ,UBBN,large_airport,Nakhchivan International Airport,39.188801,45.458401,AZ,AZ-NX,Nakhchivan,yes
NAK,VTUQ,medium_airport,Nakhon Ratchasima Airport,14.9495,102.313004,TH,TH-30,Chaloem Phra Kiat,no
NAL,URMN,medium_airport,Nalchik Airport,43.512901,43.6366,RU,RU-KB,Nalchik,yes
NAM,WAPN,medium_airport,Namniwel Airport,-3.143159,126.976469,ID,ID-MA,Namniwel,yes
NAN,NFFN,large_airport,Nadi International Airport,-17.761822,177.437843,FJ,FJ-W,Nadi,yes
NAP,LIRN,large_airport,Naples International Airport,40.886002,14.2908,IT,IT-72,Napoli,yes
NAQ,BGQQ,medium_airport,Qaanaaq Airport,77.488602,-69.388702,GL,GL-AV,Qaanaaq,yes
NAS,MYNN,large_airport,Lynden Pindling International Airport,25.039,-77.466202,BS,BS-NP,Nassau,yes
NAT,SBSG,large_airport,Rio Grande do Norte/São Gonçalo do Amarante–Governador Aluízio Alves International Airport,-5.769822,-35.36661,BR,BR-RN,Natal,yes
NAV,LTAZ,large_airport,Nevşehir Kapadokya Airport,38.7719,34.5345,TR,TR-50,Nevşehir,yes
NAW,VTSC,medium_airport,Narathiwat Airport,6.5199198722839355,101.74299621582031,TH,TH-96,,yes
NBC,UWKE,medium_airport,Begishevo Airport,55.564701,52.092499,RU,RU-TA,Nizhnekamsk,yes
NBE,DTNH,medium_airport,Enfidha - Hammamet International Airport,36.075833,10.438611,TN,TN-51,Enfidha,yes
NBG,KNBG,medium_airport,New Orleans NAS JRB/Alvin Callender Field,29.82530022,-90.03500366,US,US-LA,New Orleans,no
NBJ,FNBJ,large_airport,Dr. Antonio Agostinho Neto International Airport,-9.050734,13.499078,AO,AO-LUA,Luanda (Ícolo e Bengo),yes
NBO,HKJK,large_airport,Jomo Kenyatta International Airport,-1.318886,36.928233,KE,KE-47,Nairobi,yes
NBS,ZYBS,medium_airport,Changbaishan Airport,42.066944,127.602222,CN,CN-22,Baishan,yes
NBW,MUGM,medium_airport,Leeward Point Field,19.9065,-75.2071,CU,CU-14,Guantanamo Bay Naval Station,no
NBX,WABI,medium_airport,Douw Aturure Airport,-3.397973,135.393071,ID,ID-PT,Nabire,no
NCA,MBNC,medium_airport,North Caicos Airport,21.916094,-71.942954,TC,TC-NC,North Caicos,yes
NCE,LFMN,large_airport,Nice-Côte d'Azur Airport,43.658401,7.21587,FR,FR-PAC,"Nice, Alpes-Maritimes",yes
NCL,EGNT,large_airport,Newcastle International Airport,55.037958,-1.689577,GB,GB-ENG,"Newcastle upon Tyne, Tyne and Wear",yes
NCO,KOQU,medium_airport,Quonset State Airport,41.597099304199,-71.412101745605,US,US-RI,North Kingstown,no
NCS,FANC,medium_airport,Newcastle Airport,-27.7705993652,29.976900100699996,ZA,ZA-NL,Newcastle,no
NCU,UTNN,large_airport,Nukus International Airport,42.4884,59.623299,UZ,UZ-QR,Nukus,yes
NCY,LFLP,medium_airport,Annecy Meythet airport,45.928947,6.0987,FR,FR-ARA,Annecy,yes
NDB,GQPP,large_airport,Nouadhibou International Airport,20.932404,-17.030199,MR,MR-08,Nouadhibou,yes
NDC,VAND,medium_airport,Nanded Airport,19.1833,77.316704,IN,IN-MM,Nanded,yes
NDD,FNSU,medium_airport,Sumbe Airport,-11.1679,13.8475,AO,AO-CUS,Sumbe,no
NDG,ZYQQ,large_airport,Qiqihar Sanjiazi Airport,47.229969,123.914179,CN,CN-23,Qiqihar,yes
NDJ,FTTJ,large_airport,N'Djamena International Airport,12.1337,15.034,TD,TD-ND,N'Djamena,yes
NDR,GMMW,large_airport,Nador Al Aaroui International Airport,34.9888,-3.02821,MA,MA-02,Al Aaroui,yes
NDU,FYRU,medium_airport,Rundu Airport,-17.956499,19.7194,NA,NA-KE,Rundu,yes
NEC,SAZO,medium_airport,Necochea Airport,-38.490746,-58.816337,AR,AR-B,Necochea,yes
NEL,KNEL,medium_airport,Lakehurst Maxfield Field Airport,40.03329849,-74.353302,US,US-NJ,Lakehurst,no
NER,UELL,medium_airport,Chulman Airport,56.913898468018,124.91400146484,RU,RU-SA,Neryungri,yes
NEU,VLSN,medium_airport,Sam Neua Airport,20.4184,104.067001,LA,LA-HO,,no
NEV,TKPN,medium_airport,Vance W. Amory International Airport,17.2057,-62.589901,KN,KN-U-A,Charlestown,yes
NEW,KNEW,medium_airport,Lakefront Airport,30.042400360107,-90.028297424316,US,US-LA,New Orleans,no
NFG,USRN,medium_airport,Nefteyugansk Airport,61.108299,72.650002,RU,RU-KHM,Nefteyugansk,no
NFL,KNFL,medium_airport,Fallon Naval Air Station,39.41659927,-118.7009964,US,US-NV,Fallon,no
NGA,YYNG,medium_airport,Young Airport,-34.255576,148.247118,AU,AU-NSW,,no
NGB,ZSNB,large_airport,Ningbo Lishe International Airport,29.82670021057129,121.46199798583984,CN,CN-33,Ningbo,yes
NGE,FKKN,medium_airport,N'Gaoundéré Airport,7.3570098876953125,13.559200286865234,CM,CM-AD,N'Gaoundéré,yes
NGF,PHNG,medium_airport,Kaneohe Bay MCAS (Marion E. Carl Field) Airport,21.4505,-157.768005,US,US-HI,Kaneohe,no
NGO,RJGG,large_airport,Chubu Centrair International Airport,34.858398,136.804993,JP,JP-23,Tokoname,yes
NGP,KNGP,medium_airport,Naval Air Station Corpus Christi Truax Field,27.6926,-97.2911,US,US-TX,Corpus Christi,no
NGQ,ZUAL,medium_airport,Ngari Gunsa Airport,32.09794,80.053971,CN,CN-54,Shiquanhe,yes
NGS,RJFU,large_airport,Nagasaki Airport,32.916901,129.914001,JP,JP-42,Nagasaki,yes
NGU,KNGU,medium_airport,Norfolk Naval Station (Chambers Field),36.937599,-76.289299,US,US-VA,Norfolk,no
NHD,OMDM,medium_airport,Al Minhad Air Base,25.0268001556,55.3661994934,AE,AE-DU,Dubai,no
NHK,KNHK,medium_airport,Patuxent River Naval Air Station (Trapnell Field),38.285999,-76.411797,US,US-MD,Patuxent River,no
NHT,EGWU,medium_airport,RAF Northolt,51.553001,-0.418167,GB,GB-ENG,"Northolt, Greater London",no
NHV,NTMD,medium_airport,Nuku Hiva Airport,-8.7956,-140.229004,PF,PF-U-A,Nuku Hiva,yes
NHZ,KBXM,medium_airport,Brunswick Executive Airport,43.89220047,-69.93859863,US,US-ME,Brunswick,no
NIM,DRRN,large_airport,Diori Hamani International Airport,13.4815,2.18361,NE,NE-8,Niamey,yes
NIP,KNIP,medium_airport,Jacksonville Naval Air Station (Towers Field),30.2358,-81.680603,US,US-FL,Jacksonville,no
NIT,LFBN,medium_airport,Niort - Marais Poitevin Airport,46.313477,-0.394529,FR,FR-NAQ,Niort/Souché,no
NJA,RJTA,medium_airport,JMSDF Atsugi Air Base / Naval Air Facility Atsugi,35.454601,139.449997,JP,JP-14,Ayase / Yamato,no
NJC,USNN,large_airport,Nizhnevartovsk Airport,60.949299,76.483597,RU,RU-KHM,Nizhnevartovsk,yes
NJF,ORNI,large_airport,Al Najaf International Airport,31.991116,44.405019,IQ,IQ-NA,Najaf,yes
NJK,KNJK,medium_airport,El Centro NAF Airport (Vraciu Field),32.829201,-115.671996,US,US-CA,El Centro,no
NKC,GQNO,large_airport,Nouakchott–Oumtounsy International Airport,18.31,-15.969722,MR,MR-NKC,Nouakchott,yes
NKG,ZSNJ,large_airport,Nanjing Lukou International Airport,31.735032,118.865949,CN,CN-32,Nanjing,yes
NKM,RJNA,medium_airport,Nagoya Airport / JASDF Komaki Air Base,35.255759,136.924095,JP,JP-23,Nagoya,yes
NKT,LTCV,medium_airport,Şırnak Şerafettin Elçi Airport,37.3647,42.0582,TR,TR-73,Şırnak,yes
NKW,FJDG,medium_airport,Naval Support Facility Diego Garcia,-7.31327,72.411102,IO,IO-U-A,Diego Garcia,no
NKX,KNKX,medium_airport,Miramar Marine Corps Air Station - Mitscher Field,32.86840057,-117.1429977,US,US-CA,San Diego,no
NLA,FLSK,large_airport,Simon Mwansa Kapwepwe International Airport,-12.96513,28.515624,ZM,ZM-08,Ndola,yes
NLC,KNLC,medium_airport,Lemoore Naval Air Station (Reeves Field) Airport,36.33300018,-119.9520035,US,US-CA,Lemoore,no
NLD,MMNL,medium_airport,Quetzalcóatl International Airport,27.443899,-99.570503,MX,MX-TAM,Nuevo Laredo,yes
NLH,NLH,medium_airport,Ninglang Luguhu Airport,27.5403,100.7593,CN,CN-53,Ninglang,yes
NLI,UHNN,medium_airport,Nikolayevsk-na-Amure Airport,53.154999,140.649994,RU,RU-KHA,Nikolayevsk-na-Amure Airport,yes
NLK,YSNF,medium_airport,Norfolk Island International Airport,-29.041759,167.939474,NF,NF-U-A,Burnt Pine,yes
NLO,FZAB,medium_airport,Ndolo Airport,-4.32666015625,15.327500343323,CD,CD-KN,N'dolo,no
NLT,ZWNL,medium_airport,Xinyuan Nalati Airport,43.4318,83.3786,CN,CN-65,Xinyuan,yes
NLU,MMSM,large_airport,Felipe Ángeles International Airport,19.743824,-99.01507,MX,MX-MEX,Mexico City,yes
NLV,UKON,medium_airport,Mykolaiv International Airport [CLOSED],47.057899,31.9198,UA,UA-48,Mykolaiv,no
NMA,UTFN,large_airport,Namangan International Airport,40.984622,71.5578,UZ,UZ-NG,Namangan,yes
NMB,VADN,medium_airport,Daman Airport,20.434401,72.843201,IN,IN-DH,Daman,no
NMC,MYEN,medium_airport,Normans Cay Airport,24.594299,-76.820198,BS,BS-EX,Normans Cay,no
NMF,VRDA,medium_airport,Maafaru International Airport,5.817407,73.468404,MV,MV-25,Noonu Atoll,yes
NMI,IN-0276,large_airport,Navi Mumbai International Airport,18.984597,73.065253,IN,IN-MM,Navi Mumbai,yes
NMS,VYNS,medium_airport,Namsang Airport,20.890499114990234,97.73590087890625,MM,MM-17,Namsang,no
NNA,GMMY,medium_airport,Kenitra Air Base,34.298901,-6.59588,MA,MA-04,Kenitra,no
NNG,ZGNN,large_airport,Nanning Wuxu International Airport,22.598071,108.181922,CN,CN-45,Nanning (Jiangnan),yes
NNM,ULAM,medium_airport,Naryan Mar Airport,67.639999,53.121899,RU,RU-NEN,Naryan Mar,yes
NNT,VTCN,medium_airport,Nan Airport,18.807899475097656,100.78299713134766,TH,TH-55,,yes
NOA,YSNW,medium_airport,Naval Air Station Nowra - HMAS Albatross,-34.9466,150.542451,AU,AU-NSW,Nowra Hill,no
NOB,MRNS,medium_airport,Nosara Airport,9.976490020750001,-85.65299987790002,CR,CR-G,Nicoya,yes
NOC,EIKN,large_airport,Ireland West Airport Knock,53.910439,-8.817002,IE,IE-MO,Charlestown,yes
NOG,MMNG,medium_airport,Nogales International Airport,31.225756,-110.976934,MX,MX-SON,Nogales,no
NOI,RU-0089,medium_airport,Krymsk Air Base,44.962905,37.999071,RU,RU-KDA,Krymsk,no
NOJ,USRO,medium_airport,Noyabrsk Airport,63.18330001831055,75.2699966430664,RU,RU-YAN,Noyabrsk,yes
NOP,LTCM,medium_airport,Sinop Airport,42.018313,35.071774,TR,TR-57,Sinop,yes
NOS,FMNN,large_airport,Nosy Be International Airport,-13.3121,48.3148,MG,MG-D,Nosy Be,yes
NOU,NWWW,large_airport,La Tontouta International Airport,-22.014601,166.212997,NC,NC-03,Nouméa (La Tontouta),yes
NOV,FNHU,medium_airport,Albano Machado Airport,-12.8089,15.7605,AO,AO-HUA,Huambo,yes
NOZ,UNWW,medium_airport,Spichenkovo Airport,53.811401,86.877197,RU,RU-KEM,Novokuznetsk,yes
NPA,KNPA,medium_airport,Naval Air Station Pensacola Forrest Sherman Field,30.352699,-87.318604,US,US-FL,Pensacola,no
NPE,NZNR,medium_airport,Hawke's Bay Airport,-39.465801,176.869995,NZ,NZ-HKB,Napier,yes
NPL,NZNP,medium_airport,New Plymouth Airport,-39.00859832763672,174.1790008544922,NZ,NZ-TKI,New Plymouth,yes
NPO,WIOG,medium_airport,Nanga Pinoh Airport,-0.34864,111.746155,ID,ID-KB,Nanga Pinoh-Borneo Island,yes
NPT,KUUU,medium_airport,Newport State Airport,41.532207,-71.281039,US,US-RI,Newport,yes
NQA,KNQA,medium_airport,Millington-Memphis Airport,35.356701,-89.8703,US,US-TN,Millington,no
NQI,KNQI,medium_airport,Kingsville Naval Air Station,27.5072002411,-97.8097000122,US,US-TX,Kingsville,no
NQN,SAZN,large_airport,Presidente Perón International Airport,-38.949001,-68.155701,AR,AR-Q,Neuquén,yes
NQT,EGBN,medium_airport,Nottingham City Airport,52.919998,-1.07917,GB,GB-ENG,"Nottingham, Nottinghamshire",no
NQX,KNQX,medium_airport,Naval Air Station Key West/Boca Chica Field,24.57579994,-81.68890381,US,US-FL,Key West,no
NQY,EGHQ,medium_airport,Cornwall Airport Newquay,50.440601,-4.99541,GB,GB-ENG,Newquay,yes
NQZ,UACC,large_airport,Nursultan Nazarbayev International Airport,51.027035,71.467094,KZ,KZ-AST,Astana,yes
NRA,YNAR,medium_airport,Narrandera Airport,-34.7022018433,146.511993408,AU,AU-NSW,Narrandera,yes
NRB,KNRB,medium_airport,Naval Station Mayport / Admiral David L McDonald Field,30.3911,-81.424698,US,US-FL,Jacksonville,no
NRK,ESSP,medium_airport,Norrköping Airport,58.586299896240234,16.250600814819336,SE,SE-E,Norrköping,yes
NRN,EDLV,large_airport,Weeze (Niederrhein) Airport,51.601362,6.141228,DE,DE-NW,Weeze,yes
NRR,TJRV,medium_airport,José Aponte de la Torre Airport,18.247262,-65.63979,PR,PR-U-A,Ceiba,yes
NRT,RJAA,large_airport,Narita International Airport,35.76858,140.388714,JP,JP-12,Narita,yes
NSE,KNSE,medium_airport,Whiting Field Naval Air Station - North,30.7241993,-87.02189636,US,US-FL,Milton,no
NSH,OINN,medium_airport,Nowshahr Airport,36.664286,51.46273,IR,IR-02,Nowshahr,yes
NSI,FKYS,large_airport,Yaoundé Nsimalen International Airport,3.72256,11.5533,CM,CM-CE,Yaoundé,yes
NSK,UOOO,large_airport,Alykel International Airport,69.307951,87.325906,RU,RU-KYA,Norilsk,yes
NSN,NZNS,medium_airport,Nelson Airport,-41.296709,173.224323,NZ,NZ-NSN,Nelson,yes
NST,VTSF,medium_airport,Nakhon Si Thammarat Airport,8.539620399475098,99.9447021484375,TH,TH-80,Nakhon Si Thammarat,yes
NTB,ENNO,medium_airport,Notodden Airport,59.565071,9.213152,NO,NO-40,Notodden,no
NTD,KNTD,medium_airport,Point Mugu Naval Air Station (Naval Base Ventura Co),34.120300293,-119.121002197,US,US-CA,Point Mugu,no
NTE,LFRS,large_airport,Nantes Atlantique Airport,47.153198,-1.61073,FR,FR-PDL,Nantes,yes
NTG,ZSNT,medium_airport,Nantong Xingdong International Airport,32.073566,120.980076,CN,CN-32,Nantong (Tongzhou),yes
NTL,YWLM,large_airport,Newcastle Airport,-32.796114,151.835025,AU,AU-NSW,Williamtown,yes
NTN,YNTN,medium_airport,Normanton Airport,-17.68409,141.069664,AU,AU-QLD,Normanton,yes
NTQ,RJNW,medium_airport,Noto Satoyama Airport,37.293098,136.962006,JP,JP-17,Wajima,yes
NTR,MMAN,medium_airport,Del Norte International Airport,25.865601,-100.237,MX,MX-NLE,Monterrey,no
NTU,KNTU,medium_airport,Oceana Naval Air Station,36.820702,-76.033501,US,US-VA,Virginia Beach,no
NTX,WION,medium_airport,Ranai Airport,3.90871,108.388,ID,ID-KR,Ranai-Natuna Besar Island,yes
NTY,FAPN,medium_airport,Pilanesberg International Airport,-25.333799,27.173401,ZA,ZA-NW,Pilanesberg,no
NUE,EDDN,large_airport,Nuremberg Airport,49.498699,11.078056,DE,DE-BY,Nuremberg,yes
NUI,PAQT,medium_airport,Nuiqsut Airport,70.209999,-151.005998,US,US-AK,Nuiqsut,yes
NUJ,OIHS,medium_airport,Nojeh Air Base,35.211601,48.6534,IR,IR-13,Amirabad,no
NUM,OENN,large_airport,Neom Bay Airport,27.924261,35.29358,SA,SA-07,Sharma,yes
NUQ,KNUQ,medium_airport,Moffett Federal Airfield,37.4161,-122.049004,US,US-CA,Mountain View,no
NUU,HKNK,medium_airport,Nakuru Lanet Airport,-0.298419,36.159193,KE,KE-32,Nakuru,no
NUW,KNUW,medium_airport,Whidbey Island Naval Air Station (Ault Field),48.351799,-122.655998,US,US-WA,Oak Harbor,no
NUX,USMU,medium_airport,Novy Urengoy Airport,66.06939697265625,76.52030181884766,RU,RU-YAN,Novy Urengoy,yes
NVA,SKNV,medium_airport,Benito Salas Airport,2.95015,-75.294,CO,CO-HUI,Neiva,yes
NVI,UTSA,medium_airport,Navoi International Airport,40.117599,65.172658,UZ,UZ-NW,Navoi,yes
NVS,LFQG,medium_airport,Nevers-Fourchambault Airport,47.002913,3.113114,FR,FR-BFC,"Marzy, Nièvre",no
NVT,SBNF,large_airport,Ministro Victor Konder International Airport,-26.879431,-48.650979,BR,BR-SC,Navegantes,yes
NWA,FMCI,medium_airport,Mohéli Bandar Es Eslam Airport,-12.298096,43.766496,KM,KM-M,Fomboni,no
NWI,EGSH,medium_airport,Norwich Airport,52.6758,1.28278,GB,GB-ENG,"Norwich, Norfolk",yes
NYA,USHN,medium_airport,Nyagan Airport,62.110001,65.614998,RU,RU-KHM,Nyagan,yes
NYG,KNYG,medium_airport,Quantico Marine Corps Airfield / Turner Field,38.501701,-77.305298,US,US-VA,Quantico,no
NYI,DGSN,medium_airport,Sunyani Airport,7.36183,-2.32876,GH,GH-BO,Sunyani,yes
NYK,HKNL,medium_airport,Nanyuki Civil Airport,-0.062352,37.041296,KE,KE-19,Gathiuru,yes
NYM,USMM,medium_airport,Nadym Airport,65.48090362548828,72.69889831542969,RU,RU-YAN,Nadym,yes
NYO,ESKN,large_airport,Stockholm Skavsta Airport,58.789656,16.911479,SE,SE-D,Nyköping,yes
NYT,VYNT,large_airport,Nay Pyi Taw International Airport,19.623501,96.200996,MM,MM-04,Naypyitaw,yes
NZC,SPZA,medium_airport,Maria Reiche Neuman Airport,-14.854,-74.961502,PE,PE-ICA,Nazca,yes
NZH,ZBMZ,medium_airport,Manzhouli Xijiao Airport,49.566667,117.33,CN,CN-15,Manzhouli,yes
NZL,ZBZL,medium_airport,Zhalantun Genghis Khan Airport,47.865942,122.768662,CN,CN-15,Zhalantun,yes
NZY,KNZY,medium_airport,North Island Naval Air Station-Halsey Field,32.69919968,-117.2149963,US,US-CA,San Diego,no
OAG,YORG,medium_airport,Orange Airport,-33.382014,149.131262,AU,AU-NSW,Orange,no
OAI,OAIX,medium_airport,Bagram Airfield,34.946098,69.264999,AF,AF-PAR,Bagram,no
OAJ,KOAJ,medium_airport,Albert J Ellis Airport,34.829201,-77.612099,US,US-NC,Richlands,yes
OAK,KOAK,large_airport,Oakland San Francisco Bay Airport,37.720085,-122.221184,US,US-CA,Oakland,yes
OAM,NZOU,medium_airport,Oamaru Airport,-44.970001,171.082001,NZ,NZ-OTA,,no
OAX,MMOX,large_airport,Xoxocotlán International Airport,16.998773,-96.726092,MX,MX-OAX,Oaxaca,yes
OBF,EDMO,medium_airport,Oberpfaffenhofen Airport,48.081402,11.2831,DE,DE-BY,Weßling,no
OBO,RJCB,medium_airport,Tokachi-Obihiro Airport,42.7332992554,143.216995239,JP,JP-01,Obihiro,yes
OBS,LFHO,medium_airport,Aubenas-South Ardèche Airport,44.544367,4.372194,FR,FR-ARA,"Lanas, Ardèche",no
OCA,07FA,medium_airport,Ocean Reef Club Airport,25.325399,-80.274803,US,US-FL,Key Largo,no
OCC,SECO,medium_airport,Francisco De Orellana Airport,-0.462886,-76.986801,EC,EC-D,Coca,yes
OCE,KOXB,medium_airport,Ocean City Municipal Airport,38.310398,-75.124001,US,US-MD,Ocean City,yes
OCJ,MKBS,medium_airport,Ian Fleming International Airport,18.404079,-76.969754,JM,JM-05,Boscobel,yes
OCN,KOKB,medium_airport,Oceanside Municipal Airport,33.217947,-117.351683,US,US-CA,Oceanside,no
OCS,OCS,large_airport,Corisco International Airport,0.910937,9.33027,GQ,GQ-LI,Corisco Island,yes
OCV,SKOC,medium_airport,Aguas Claras Airport,8.31506,-73.3583,CO,CO-NSA,Ocaña,no
ODB,LEBA,medium_airport,Córdoba Airport,37.841999,-4.84888,ES,ES-AN,Córdoba,yes
ODE,EKOD,large_airport,Odense Hans Christian Andersen Airport,55.475307,10.327206,DK,DK-83,Odense,yes
ODH,EGVO,medium_airport,RAF Odiham,51.2341,-0.942825,GB,GB-ENG,"Hook, Hampshire",no
ODS,UKOO,large_airport,Odesa International Airport,46.427196,30.672649,UA,UA-51,Odesa,no
OEC,WPOC,large_airport,Oecusse Route of the Sandalwood International Airport,-9.198419,124.337873,TL,TL-OE,Oecussi-Ambeno,yes
OER,ESNO,medium_airport,Örnsköldsvik Airport,63.40829849243164,18.989999771118164,SE,SE-Y,Örnsköldsvik,yes
OFF,KOFF,medium_airport,Offutt Air Force Base,41.119307,-95.90851,US,US-NE,Omaha,no
OFK,KOFK,medium_airport,Karl Stefan Memorial Airport,41.985500335693,-97.435096740723,US,US-NE,Norfolk,no
OGB,KOGB,medium_airport,Orangeburg Municipal Airport,33.456798553467,-80.859497070312,US,US-SC,Orangeburg,no
OGD,KOGD,medium_airport,Ogden Hinckley Airport,41.195899963379,-112.0120010376,US,US-UT,Ogden,yes
OGG,PHOG,large_airport,Kahului International Airport,20.896263,-156.431837,US,US-HI,Kahului,yes
OGL,SYGO,medium_airport,Eugene F. Correia International Airport,6.805881,-58.107657,GY,GY-DE,Ogle,yes
OGN,ROYN,medium_airport,Yonaguni Airport,24.467298,122.979827,JP,JP-47,Yonaguni,yes
OGS,KOGS,medium_airport,Ogdensburg International Airport,44.6819,-75.4655,US,US-NY,Ogdensburg,yes
OGU,LTCB,medium_airport,Ordu–Giresun Airport,40.966872,38.085995,TR,TR-52,Ordu,yes
OGX,DAUU,medium_airport,Ain Beida Airport,31.9172,5.41278,DZ,DZ-30,Ouargla,yes
OGZ,URMO,medium_airport,Vladikavkaz Beslan International Airport,43.205101,44.606602,RU,RU-SE,Beslan,yes
OHA,NZOH,medium_airport,RNZAF Base Ohakea,-40.20600128173828,175.38800048828125,NZ,NZ-MWT,,no
OHD,LWOH,large_airport,Ohrid St. Paul the Apostle Airport,41.18,20.7423,MK,MK-003,Ohrid,yes
OHE,ZYMH,medium_airport,Mohe Gulian Airport,52.916871,122.422759,CN,CN-23,Mohe,yes
OHO,UHOO,medium_airport,Okhotsk Airport,59.410065,143.056503,RU,RU-KHA,Okhotsk,yes
OHS,OOSH,large_airport,Suhar International Airport,24.38604,56.62541,OM,OM-BA,Suhar,yes
OIM,RJTO,medium_airport,Oshima Airport,34.782001495399996,139.36000061,JP,JP-13,Izu Oshima,yes
OIR,RJEO,medium_airport,Okushiri Airport,42.0717010498,139.432998657,JP,JP-01,Okushiri Island,yes
OIT,RJFO,medium_airport,Oita Airport,33.479400634799994,131.736999512,JP,JP-44,Oita,yes
OKA,ROAH,large_airport,Naha International Airport,26.192437,127.639804,JP,JP-47,Naha,yes
OKC,KOKC,large_airport,OKC Will Rogers World Airport,35.393388,-97.598248,US,US-OK,Oklahoma City,yes
OKD,RJCO,medium_airport,Sapporo Okadama Airport,43.117447,141.38134,JP,JP-01,Sapporo,yes
OKE,RJKB,medium_airport,Okinoerabu Airport,27.431604,128.705564,JP,JP-46,Wadomari,yes
OKI,RJNO,medium_airport,Oki Global Geopark Airport,36.178388,133.323566,JP,JP-32,Okinoshima,yes
OKJ,RJOB,large_airport,Okayama Momotaro Airport,34.756901,133.854996,JP,JP-33,Okayama,yes
OKL,WAJO,medium_airport,Oksibil Airport,-4.9071,140.6277,ID,ID-PP,Oksibil,yes
OKN,FOGQ,medium_airport,Okondja Airport,-0.665214,13.6731,GA,GA-2,Okondja,no
OKO,RJTY,medium_airport,Yokota Air Base,35.748501,139.348007,JP,JP-13,Fussa,no
OKY,YBOK,medium_airport,Oakey Army Aviation Centre,-27.409262,151.736727,AU,AU-QLD,,yes
OLA,ENOL,medium_airport,Ørland Airport,63.69889831542969,9.604000091552734,NO,NO-50,Ørland,yes
OLB,LIEO,large_airport,Olbia Costa Smeralda Airport,40.898953,9.518457,IT,IT-88,Olbia (SS),yes
OLF,KOLF,medium_airport,L M Clayton Airport,48.094501,-105.574997,US,US-MT,Wolf Point,yes
OLL,FCOD,medium_airport,Oyo Ollombo Airport,-1.226666,15.91,CG,CG-14,Oyo,no
OLM,KOLM,medium_airport,Olympia Regional Airport,46.969399,-122.903,US,US-WA,Olympia,yes
OLS,KOLS,medium_airport,Nogales International Airport,31.4177,-110.848,US,US-AZ,Nogales,no
OLU,KOLU,medium_airport,Columbus Municipal Airport,41.448145,-97.340174,US,US-NE,Columbus,no
OLZ,UEMO,medium_airport,Olyokminsk Airport,60.401833,120.476094,RU,RU-SA,Olyokminsk,yes
OMA,KOMA,large_airport,Eppley Airfield,41.3032,-95.894096,US,US-NE,Omaha,yes
OMB,FOOH,medium_airport,Omboue Hospital Airport,-1.57473,9.26269,GA,GA-8,Omboue,no
OMC,RPVO,medium_airport,Ormoc Airport,11.057715,124.565622,PH,PH-LEY,Ormoc City,no
OMD,FYOG,medium_airport,Oranjemund Airport,-28.585318,16.44638,NA,NA-KA,Oranjemund,yes
OME,PAOM,medium_airport,Nome Airport,64.51219940185547,-165.44500732421875,US,US-AK,Nome,yes
OMH,OITR,medium_airport,Urmia Airport,37.6680984497,45.0686988831,IR,IR-04,Urmia,yes
OMN,UTTZ,medium_airport,Zomin Airport,40.01402,68.41103,UZ,UZ-JI,Zomin,yes
OMO,LQMO,large_airport,Mostar International Airport,43.282489,17.846101,BA,BA-BIH,Mostar,yes
OMR,LROD,large_airport,Oradea International Airport,47.025299,21.9025,RO,RO-BH,Oradea,yes
OMS,UNOO,large_airport,Omsk Central Airport,54.963124,73.312418,RU,RU-OMS,Omsk,yes
OND,FYOA,medium_airport,Ondangwa Airport,-17.878201,15.9526,NA,NA-ON,Ondangwa,yes
ONJ,RJSR,medium_airport,Odate Noshiro Airport,40.191898,140.371002,JP,JP-05,Kitaakita,yes
ONO,KONO,medium_airport,Ontario Municipal Airport,44.0198,-117.013289,US,US-OR,Ontario,no
ONP,KONP,medium_airport,Newport Municipal Airport,44.580399,-124.057999,US,US-OR,Newport,no
ONQ,LTAS,medium_airport,Zonguldak Çaycuma Airport,41.506401,32.0886,TR,TR-67,Zonguldak,yes
ONT,KONT,large_airport,Ontario International Airport,34.056,-117.600998,US,US-CA,Ontario,yes
ONX,MPEJ,medium_airport,Enrique Adolfo Jimenez Airport,9.35664,-79.867401,PA,PA-3,Colón,yes
OOL,YBCG,large_airport,Gold Coast Airport,-28.165962,153.506641,AU,AU-QLD,Gold Coast,yes
OOM,YCOM,medium_airport,Cooma Snowy Mountains Airport,-36.300445,148.972408,AU,AU-NSW,Cooma,yes
OPF,KOPF,medium_airport,Miami-Opa Locka Executive Airport,25.907,-80.278397,US,US-FL,Miami,yes
OPO,LPPR,large_airport,Francisco de Sá Carneiro Airport,41.2481002808,-8.68138980865,PT,PT-13,Porto,yes
OPU,AYBM,medium_airport,Balimo Airport,-8.05000019073,142.932998657,PG,PG-WPD,Balimo,yes
ORA,SASO,medium_airport,Orán Airport,-23.1528,-64.329201,AR,AR-A,Orán,no
ORB,ESOE,medium_airport,Örebro Airport,59.22370147705078,15.038000106811523,SE,SE-T,Örebro,yes
ORD,KORD,large_airport,Chicago O'Hare International Airport,41.9786,-87.9048,US,US-IL,Chicago,yes
ORF,KORF,large_airport,Norfolk International Airport,36.895341,-76.201,US,US-VA,Norfolk,yes
ORH,KORH,medium_airport,Worcester Regional Airport,42.2673,-71.875702,US,US-MA,Worcester,yes
ORK,EICK,large_airport,Cork International Airport,51.841301,-8.49111,IE,IE-CO,Cork,yes
ORL,KORL,medium_airport,Orlando Executive Airport,28.5455,-81.332901,US,US-FL,Orlando,no
ORN,DAOO,large_airport,Oran Es-Sénia (Ahmed Ben Bella) International Airport,35.620648,-0.622486,DZ,DZ-31,Es-Sénia,yes
ORT,PAOR,medium_airport,Northway Airport,62.9613,-141.929001,US,US-AK,Northway,yes
ORU,SLOR,large_airport,Juan Mendoza International Airport,-17.956151,-67.075829,BO,BO-O,Oruro,yes
ORY,LFPO,large_airport,Paris-Orly Airport,48.729499,2.358963,FR,FR-IDF,"Paris (Orly, Val-de-Marne)",yes
OSD,ESNZ,medium_airport,Åre Östersund Airport,63.193546,14.504168,SE,SE-Z,Östersund,yes
OSH,KOSH,medium_airport,Wittman Regional Airport,43.98440170288086,-88.55699920654297,US,US-WI,Oshkosh,no
OSI,LDOS,medium_airport,Osijek Airport,45.462355,18.811278,HR,HR-14,Osijek(Klisa),yes
OSL,ENGM,large_airport,Oslo-Gardermoen International Airport,60.193901,11.1004,NO,NO-32,Oslo (Gardermoen),yes
OSM,ORBM,large_airport,Mosul International Airport,36.305801,43.1474,IQ,IQ-NI,Mosul,no
OSN,RKSO,medium_airport,Osan Air Base,37.091457,127.029448,KR,KR-41,Pyeongtaek,no
OSR,LKMT,large_airport,Leoš Janáček Airport Ostrava,49.696301,18.111099,CZ,CZ-MO,Mošnov,yes
OSS,UAFO,large_airport,Osh International Airport,40.609001,72.793297,KG,KG-O,Osh,yes
OST,EBOS,large_airport,Ostend-Bruges International Airport,51.1998,2.874673,BE,BE-VWV,Oostende,yes
OSU,KOSU,medium_airport,The Ohio State University Airport - Don Scott Field,40.0798,-83.072998,US,US-OH,Columbus,no
OSW,UWOR,medium_airport,Orsk Airport,51.072498,58.5956,RU,RU-ORE,Orsk,yes
OTH,KOTH,medium_airport,Southwest Oregon Regional Airport,43.41709899902344,-124.24600219726562,US,US-OR,North Bend,yes
OTI,WAEW,medium_airport,Pitu Airport,2.04599,128.324997,ID,ID-MU,Gotalalamo-Morotai Island,no
OTM,KOTM,medium_airport,Ottumwa Regional Airport,41.106368,-92.449837,US,US-IA,Ottumwa,no
OTP,LROP,large_airport,Bucharest Henri Coandă International Airport,44.571792,26.103285,RO,RO-IF,Otopeni,yes
OTR,MRCC,medium_airport,Coto 47 Airport,8.60156,-82.968754,CR,CR-P,Corredores,no
OTZ,PAOT,medium_airport,Ralph Wien Memorial Airport,66.88469696,-162.598999,US,US-AK,Kotzebue,yes
OUA,DFFD,large_airport,Ouagadougou Thomas Sankara International Airport,12.3532,-1.51242,BF,BF-KAD,Ouagadougou,yes
OUD,GMFO,large_airport,Oujda Angads Airport,34.789558,-1.926041,MA,MA-02,Ahl Angad,yes
OUE,FCOU,medium_airport,Ouesso Airport,1.61599,16.037901,CG,CG-13,,no
OUH,FAOH,medium_airport,Oudtshoorn Airport,-33.6069984436,22.188999176,ZA,ZA-WC,Oudtshoorn,no
OUL,EFOU,large_airport,Oulu Airport,64.930099,25.354601,FI,FI-14,Oulu / Oulunsalo,yes
OUZ,GQPZ,medium_airport,Tazadit Airport,22.757345,-12.482228,MR,MR-11,Zouérate,yes
OVB,UNNT,large_airport,Novosibirsk Tolmachevo Airport,55.019756,82.618675,RU,RU-NVS,Novosibirsk,yes
OVD,LEAS,large_airport,Asturias Airport,43.563599,-6.03462,ES,ES-AS,Ranón,yes
OVS,USHS,medium_airport,Sovetskiy Airport,61.326622009277344,63.60191345214844,RU,RU-KHM,Sovetskiy,yes
OWB,KOWB,medium_airport,Owensboro Daviess County Airport,37.74010086,-87.16680145,US,US-KY,Owensboro,yes
OWD,KOWD,medium_airport,Norwood Memorial Airport,42.1904983521,-71.1728973389,US,US-MA,Norwood,no
OXB,GGOV,large_airport,Osvaldo Vieira International Airport,11.894262,-15.653596,GW,GW-BS,Bissau,yes
OXF,EGTK,medium_airport,London Oxford Airport,51.836899,-1.32,GB,GB-ENG,"Kidlington, Oxfordshire",no
OXR,KOXR,medium_airport,Oxnard Airport,34.200801849365,-119.20700073242,US,US-CA,Oxnard,no
OYA,SATG,medium_airport,Goya Airport,-29.1058,-59.2189,AR,AR-W,Goya,no
OYE,FOGO,medium_airport,Oyem Airport,1.5431100130081177,11.581399917602539,GA,GA-9,Oyem,yes
OYK,SBOI,medium_airport,Oiapoque Airport,3.85412,-51.797056,BR,BR-AP,Oiapoque,no
OYO,SAZH,medium_airport,Tres Arroyos Airport,-38.3869,-60.3297,AR,AR-B,Tres Arroyos,no
OYP,SOOG,medium_airport,Saint-Georges-de-l'Oyapock Airport,3.8976,-51.8041,GF,GF-CY,Saint-Georges-de-l'Oyapock,no
OZC,RPMO,medium_airport,Labo Airport,8.17851,123.842003,PH,PH-MSC,Ozamiz,yes
OZG,GMAZ,large_airport,Zagora Airport,30.265788,-5.860808,MA,MA-08,Zagora,yes
OZH,UKDE,medium_airport,Zaporizhzhia International Airport,47.866962,35.314723,UA,UA-23,Zaporizhia,no
OZP,LEMO,medium_airport,Moron Air Base,37.17490005493164,-5.615940093994141,ES,ES-AN,Morón,no
OZR,KOZR,medium_airport,Cairns AAF (Fort Rucker) Air Field,31.27569962,-85.71340179,US,US-AL,Fort Rucker/Ozark,no
OZZ,GMMZ,large_airport,Ouarzazate International Airport,30.9391,-6.90943,MA,MA-08,Ouarzazate,yes
PAB,VEBU,medium_airport,Bilaspur Airport,21.9884,82.111,IN,IN-CT,Bilaspur,yes
PAC,MPMG,medium_airport,Marcos A. Gelabert International Airport,8.97334,-79.555603,PA,PA-8,Albrook,yes
PAD,EDLP,large_airport,Paderborn Lippstadt Airport,51.612527,8.617459,DE,DE-NW,Büren,yes
PAE,KPAE,medium_airport,Seattle Paine Field International Airport,47.9063,-122.281998,US,US-WA,Everett,yes
PAG,RPMP,medium_airport,Pagadian Airport,7.825632,123.459635,PH,PH-ZAS,Pagadian,yes
PAH,KPAH,medium_airport,Barkley Regional Airport,37.06079864501953,-88.7738037109375,US,US-KY,Paducah,yes
PAL,SKPQ,medium_airport,German Olano Air Base,5.48361,-74.6574,CO,CO-CUN,La Dorada,no
PAM,KPAM,medium_airport,Tyndall Air Force Base,30.069599,-85.575401,US,US-FL,Panama City,no
PAN,VTSK,medium_airport,Pattani Airport,6.78546,101.153999,TH,TH-94,,no
PAO,KPAO,medium_airport,Palo Alto Airport,37.461102,-122.114998,US,US-CA,Palo Alto,no
PAP,MTPP,large_airport,Toussaint Louverture International Airport,18.580023,-72.292596,HT,HT-OU,Port-au-Prince,yes
PAQ,PAAQ,medium_airport,"Warren ""Bud"" Woods Palmer Municipal Airport",61.594898,-149.08901,US,US-AK,Palmer,no
PAT,VEPT,medium_airport,Jay Prakash Narayan Airport,25.591299,85.087997,IN,IN-BR,Patna,yes
PAV,SBUF,medium_airport,Paulo Afonso Airport,-9.40088,-38.250599,BR,BR-BA,Paulo Afonso,yes
PAX,MTPX,medium_airport,Port-de-Paix Airport,19.934045,-72.84801,HT,HT-NO,Port-de-Paix,no
PAZ,MMPA,medium_airport,El Tajín National Airport,20.6026992798,-97.46080017090001,MX,MX-VER,Poza Rica,yes
PBC,MMPB,large_airport,Hermanos Serdán International Airport,19.158465,-98.371582,MX,MX-PUE,Puebla,yes
PBD,VAPR,medium_airport,Porbandar Airport,21.649524,69.656405,IN,IN-GJ,Porbandar,yes
PBF,KPBF,medium_airport,"Pine Bluff Regional Airport, Grider Field",34.174121,-91.935643,US,US-AR,Pine Bluff,no
PBG,KPBG,medium_airport,Plattsburgh International Airport,44.650902,-73.468102,US,US-NY,Plattsburgh,yes
PBH,VQPR,large_airport,Paro International Airport,27.4032,89.424599,BT,BT-11,Paro,yes
PBL,SVPC,medium_airport,General Bartolome Salom International Airport,10.4805,-68.072998,VE,VE-G,Puerto Cabello,no
PBM,SMJP,large_airport,Johan Adolf Pengel International Airport,5.45283,-55.187801,SR,SR-PR,Paramaribo,yes
PBN,FNPA,medium_airport,Porto Amboim Airport,-10.722,13.7655,AO,AO-CUS,Port Amboim,no
PBO,YPBO,medium_airport,Paraburdoo Airport,-23.1711006165,117.745002747,AU,AU-WA,Paraburdoo,yes
PBR,MGPB,medium_airport,Puerto Barrios Airport,15.7309,-88.583801,GT,GT-IZ,Puerto Barrios,yes
PBU,VYPT,medium_airport,Putao Airport,27.32990074157715,97.42630004882812,MM,MM-11,Putao,yes
PBZ,FAPG,medium_airport,Plettenberg Bay Airport,-34.08816,23.328723,ZA,ZA-WC,Plettenberg Bay,no
PCF,FAPS,medium_airport,Potchefstroom Airport,-26.670999527,27.0818996429,ZA,ZA-NW,Potchefstroom,no
PCL,SPCL,large_airport,Cap FAP David Abenzur Rengifo International Airport,-8.378064,-74.574495,PE,PE-UCA,Pucallpa,yes
PCP,FPPR,medium_airport,Principe Airport,1.661155,7.411081,ST,ST-P,São Tomé & Príncipe,yes
PCR,SKPC,medium_airport,German Olano Airport,6.18472,-67.4932,CO,CO-VID,Puerto Carreño,yes
PDA,SKPD,medium_airport,Obando Cesar Gaviria Trujillo Airport,3.85353,-67.9062,CO,CO-GUA,Puerto Inírida,yes
PDG,WIPT,large_airport,Minangkabau International Airport,-0.785964,100.280384,ID,ID-SB,Padang (Katapiang),yes
PDK,KPDK,medium_airport,DeKalb Peachtree Airport,33.87633,-84.30213,US,US-GA,Atlanta,yes
PDL,LPPD,large_airport,João Paulo II Airport,37.7411994934,-25.6979007721,PT,PT-20,Ponta Delgada,yes
PDO,WIPQ,medium_airport,Pendopo Airport,-3.2860701084136963,103.87999725341797,ID,ID-SS,Talang Gudang-Sumatra Island,yes
PDP,SULS,medium_airport,Capitan Corbeta CA Curbelo International Airport,-34.855099,-55.094299,UY,UY-MA,Punta del Este,yes
PDS,MMPG,medium_airport,Piedras Negras International Airport,28.627873,-100.53524,MX,MX-COA,Piedras Negras,yes
PDT,KPDT,medium_airport,Eastern Oregon Regional Airport at Pendleton,45.695099,-118.841003,US,US-OR,Pendleton,yes
PDU,SUPU,medium_airport,Tydeo Larre Borges Airport,-32.3633,-58.061901,UY,UY-PA,Paysandú,no
PDV,LBPD,large_airport,Plovdiv International Airport,42.067799,24.8508,BG,BG-16,Plovdiv,yes
PDX,KPDX,large_airport,Portland International Airport,45.588699,-122.598,US,US-OR,Portland,yes
PED,LKPD,large_airport,Pardubice Airport,50.015049,15.73981,CZ,CZ-PA,Pardubice,yes
PEE,USPP,large_airport,Perm International Airport,57.914501,56.021198,RU,RU-PER,Perm,yes
PEG,LIRZ,large_airport,Perugia San Francesco d'Assisi – Umbria International Airport,43.095901,12.5132,IT,IT-55,Perugia (PG),yes
PEH,SAZP,medium_airport,Comodoro Pedro Zanni Airport,-35.8446,-61.8576,AR,AR-B,Pehuajó,no
PEI,SKPE,medium_airport,Matecaña International Airport,4.81267,-75.7395,CO,CO-RIS,Pereira,yes
PEK,ZBAA,large_airport,Beijing Capital International Airport,40.077349,116.596702,CN,CN-11,Beijing,yes
PEM,SPTU,medium_airport,Padre Aldamiz International Airport,-12.6135997772,-69.2285995483,PE,PE-MDD,Puerto Maldonado,yes
PEN,WMKP,large_airport,Penang International Airport,5.296303,100.276185,MY,MY-07,Penang,yes
PER,YPPH,large_airport,Perth International Airport,-31.94029998779297,115.96700286865234,AU,AU-WA,Perth,yes
PES,ULPB,medium_airport,Petrozavodsk Airport,61.885201,34.154701,RU,RU-KR,Petrozavodsk,yes
PET,SBPK,medium_airport,João Simões Lopes Neto International Airport,-31.717189,-52.327796,BR,BR-RS,Pelotas,yes
PEV,LHPP,large_airport,Pécs-Pogány International Airport,45.988891,18.242044,HU,HU-BA,Pécs,yes
PEW,OPPS,large_airport,Bacha Khan International Airport,33.9939,71.514603,PK,PK-KP,Peshawar,yes
PEX,UUYP,medium_airport,Pechora Airport,65.121101,57.130798,RU,RU-KO,Pechora,yes
PEZ,UWPP,medium_airport,Penza Airport,53.1106,45.021099,RU,RU-PNZ,Penza,yes
PFB,SBPF,medium_airport,Lauro Kurtz Airport,-28.243976,-52.32777,BR,BR-RS,Passo Fundo,yes
PFO,LCPH,large_airport,Paphos International Airport,34.717999,32.485699,CY,CY-06,Paphos,yes
PGA,KPGA,medium_airport,Page Municipal Airport,36.924234,-111.447716,US,US-AZ,Page,yes
PGD,KPGD,medium_airport,Punta Gorda Airport,26.9202,-81.990501,US,US-FL,Punta Gorda,yes
PGF,LFMP,medium_airport,Perpignan-Rivesaltes (Llabanère) Airport,42.740398,2.87067,FR,FR-OCC,Perpignan/Rivesaltes,yes
PGH,VIPT,medium_airport,Pantnagar Airport,29.0334,79.473701,IN,IN-UP,Pantnagar,yes
PGK,WIPK,medium_airport,Depati Amir Airport,-2.1622,106.139,ID,ID-BB,Pangkal Pinang,yes
PGU,OIBP,medium_airport,Persian Gulf International Airport,27.379601,52.737701,IR,IR-18,Khiyaroo,yes
PGV,KPGV,medium_airport,Pitt-Greenville Airport,35.635535,-77.384262,US,US-NC,Greenville,yes
PGX,LFBX,medium_airport,Périgueux-Bassillac Airport,45.198101,0.815556,FR,FR-NAQ,Périgueux/Bassillac,no
PGZ,SBPG,medium_airport,Ponta Grossa Airport - Comandante Antonio Amilton Beraldo,-25.184476,-50.143822,BR,BR-PR,Ponta Grossa,yes
PHB,SBPB,medium_airport,Parnaíba - Prefeito Doutor João Silva Filho International Airport,-2.89375,-41.731998,BR,BR-PI,Parnaíba,yes
PHC,DNPO,large_airport,Port Harcourt International Airport,5.01549,6.94959,NG,NG-RI,Port Harcourt,yes
PHE,YPPD,large_airport,Port Hedland International Airport,-20.382787,118.629789,AU,AU-WA,Port Hedland,yes
PHF,KPHF,medium_airport,Newport News Williamsburg International Airport,37.131901,-76.492996,US,US-VA,Newport News,yes
PHG,NG-0004,medium_airport,Port Harcourt City Airport / Port Harcourt Air Force Base,4.846111,7.021389,NG,NG-RI,Port Harcourt,yes
PHH,NP-0003,large_airport,Pokhara International Airport,28.1838,84.0147,NP,NP-P4,Pokhara,yes
PHL,KPHL,large_airport,Philadelphia International Airport,39.871899,-75.241096,US,US-PA,Philadelphia,yes
PHS,VTPP,medium_airport,Phitsanulok Airport,16.7829,100.278999,TH,TH-65,Phitsanulok,yes
PHW,FAPH,medium_airport,Hendrik Van Eck Airport,-23.937200546299998,31.1553993225,ZA,ZA-LP,Phalaborwa,yes
PHX,KPHX,large_airport,Phoenix Sky Harbor International Airport,33.435302,-112.005905,US,US-AZ,Phoenix,yes
PHY,VTPB,medium_airport,Phetchabun Airport,16.6760005951,101.194999695,TH,TH-67,,yes
PIA,KPIA,medium_airport,General Wayne A. Downing Peoria International Airport,40.663841,-89.692631,US,US-IL,Peoria,yes
PIB,KPIB,medium_airport,Hattiesburg Laurel Regional Airport,31.4671,-89.337097,US,US-MS,Moselle,yes
PIE,KPIE,large_airport,St. Petersburg Clearwater International Airport,27.9102,-82.687401,US,US-FL,Pinellas Park,yes
PIH,KPIH,medium_airport,Pocatello Regional Airport,42.9098014831543,-112.59600067138672,US,US-ID,Pocatello,yes
PIK,EGPK,large_airport,Glasgow Prestwick Airport,55.501499,-4.577182,GB,GB-SCT,"Prestwick, South Ayrshire",yes
PIL,SGPI,medium_airport,Aeródromo Don Carlos Miguel Gimenez,-26.881981,-58.319067,PY,PY-12,Pilar,no
PIO,SPSO,large_airport,Captain Renán Elías Olivera International Airport,-13.7449,-76.220299,PE,PE-ICA,Pisco,no
PIR,KPIR,medium_airport,Pierre Regional Airport,44.38270187,-100.2860031,US,US-SD,Pierre,yes
PIS,LFBI,medium_airport,Poitiers-Biard Airport,46.5877,0.306666,FR,FR-NAQ,Poitiers/Biard,yes
PIT,KPIT,large_airport,Pittsburgh International Airport,40.491501,-80.232903,US,US-PA,Pittsburgh,yes
PIU,SPUR,medium_airport,PAF Captain Guillermo Concha Iberico International Airport,-5.20575,-80.616402,PE,PE-PIU,Piura,yes
PIW,CZMN,medium_airport,Pikwitonei Airport,55.58890151977539,-97.16419982910156,CA,CA-MB,Pikwitonei,no
PIX,LPPI,medium_airport,Pico Airport,38.554298,-28.441299,PT,PT-20,Pico Island,yes
PIZ,PPIZ,medium_airport,Point Lay LRRS Airport,69.732903,-163.005005,US,US-AK,Point Lay,yes
PJC,SGPJ,medium_airport,Aeropuerto Nacional Dr. Augusto Roberto Fuster,-22.641427,-55.829993,PY,PY-13,Pedro Juan Caballero,no
PJG,OPPG,medium_airport,Panjgur Airport,26.9545,64.1325,PK,PK-BA,Panjgur,no
PJM,MRPJ,medium_airport,Puerto Jimenez Airport,8.533329963684082,-83.30000305175781,CR,CR-P,Puerto Jimenez,yes
PKB,KPKB,medium_airport,Mid Ohio Valley Regional Airport,39.3451,-81.439201,US,US-WV,Parkersburg (Williamstown),yes
PKC,UHPP,large_airport,Yelizovo Airport,53.168716,158.451068,RU,RU-KAM,Petropavlovsk-Kamchatsky,yes
PKE,YPKS,medium_airport,Parkes Airport,-33.131401062,148.238998413,AU,AU-NSW,Parkes,yes
PKR,VNPK,medium_airport,Pokhara Domestic Airport,28.200621,83.981203,NP,NP-P4,Pokhara,yes
PKT,YPKT,medium_airport,Port Keats Airport,-14.249701,129.529538,AU,AU-NT,Wadeye,no
PKU,WIBB,medium_airport,Sultan Syarif Kasim II International Airport / Roesmin Nurjadin AFB,0.458647,101.444321,ID,ID-RI,Pekanbaru,yes
PKV,ULOO,medium_airport,Princess Olga Pskov International Airport,57.781316,28.39384,RU,RU-PSK,Pskov,yes
PKW,FBSP,medium_airport,Selebi Phikwe Airport,-22.0583,27.8288,BW,BW-SP,Selebi Phikwe,no
PKX,ZBAD,large_airport,Beijing Daxing International Airport,39.501289,116.413967,CN,CN-11,Beijing,yes
PKY,WAGG,medium_airport,Tjilik Riwut Airport,-2.227146,113.943388,ID,ID-KT,Palangkaraya,yes
PKZ,VLPS,large_airport,Pakse International Airport,15.133973,105.779871,LA,LA-CH,Pakse,yes
PLJ,MZPL,medium_airport,Placencia Airport,16.536957,-88.361511,BZ,BZ-SC,Placencia,yes
PLL,SBMN,medium_airport,Ponta Pelada Airport / Manaus Air Base,-3.14604,-59.986301,BR,BR-AM,Manaus,no
PLM,WIPP,medium_airport,Sultan Mahmud Badaruddin II Airport,-2.897653,104.698147,ID,ID-SS,Palembang,yes
PLN,KPLN,medium_airport,Pellston Regional Airport of Emmet County Airport,45.57089996,-84.79669952,US,US-MI,Pellston,yes
PLO,YPLC,medium_airport,Port Lincoln Airport,-34.6053009033,135.880004883,AU,AU-SA,Port Lincoln,yes
PLQ,EYPA,large_airport,Palanga International Airport,55.973202,21.093901,LT,LT-KL,Palanga,yes
PLS,MBPV,large_airport,Providenciales International Airport,21.773697,-72.268321,TC,TC-PR,Providenciales,yes
PLU,SBBH,medium_airport,Pampulha - Carlos Drummond de Andrade Airport,-19.85074,-43.950316,BR,BR-MG,Belo Horizonte,no
PLV,UKHP,medium_airport,Suprunovka Airport,49.5686,34.397202,UA,UA-53,Poltava,no
PLW,WAFF,medium_airport,Mutiara - SIS Al-Jufrie Airport,-0.916462,119.908647,ID,ID-ST,Palu,yes
PLX,UASS,large_airport,Semei International Airport,50.351295,80.234398,KZ,KZ-ABA,Semey,yes
PLZ,FAPE,large_airport,Chief Dawid Stuurman International Airport,-33.989715,25.617353,ZA,ZA-EC,Gqeberha (Port Elizabeth),yes
PMA,HTPE,medium_airport,Pemba Airport,-5.25726,39.811401,TZ,TZ-25,Chake Chake,no
PMC,SCTE,large_airport,El Tepual International Airport,-41.443093,-73.094065,CL,CL-LL,Puerto Montt,yes
PMD,KPMD,medium_airport,Palmdale Regional Airport / USAF Plant 42 Airport,34.629398,-118.084999,US,US-CA,Palmdale,no
PMF,LIMP,medium_airport,Parma Airport,44.826351,10.29705,IT,IT-45,Parma (PR),yes
PMG,SBPP,medium_airport,Ponta Porã Airport,-22.549601,-55.702599,BR,BR-MS,Ponta Porã,yes
PMI,LEPA,large_airport,Palma de Mallorca Airport,39.551701,2.73881,ES,ES-IB,Palma de Mallorca,yes
PMO,LICJ,large_airport,Falcone–Borsellino Airport,38.175999,13.091,IT,IT-82,Palermo,yes
PMQ,SAWP,medium_airport,Perito Moreno Jalil Hamer Airport,-46.537899,-70.978699,AR,AR-Z,Perito Moreno,yes
PMR,NZPM,medium_airport,Palmerston North Airport,-40.320599,175.617004,NZ,NZ-MWT,Palmerston North,yes
PMS,OSPR,medium_airport,Palmyra Airport,34.5574,38.316898,SY,SY-HI,Tadmur,no
PMV,SVMG,large_airport,Del Caribe Santiago Mariño International Airport,10.912603,-63.966599,VE,VE-O,Isla Margarita,yes
PMW,SBPJ,medium_airport,Brigadeiro Lysias Rodrigues Airport,-10.2915,-48.356998,BR,BR-TO,Palmas,yes
PMY,SAVY,medium_airport,El Tehuelche Airport,-42.7592,-65.1027,AR,AR-U,Puerto Madryn,yes
PMZ,MRPM,medium_airport,Palmar Sur Airport,8.95103,-83.468597,CR,CR-P,Palmar Sur,no
PNA,LEPP,medium_airport,Pamplona Airport,42.77,-1.64633,ES,ES-NC,Pamplona,yes
PNB,SBPN,medium_airport,Porto Nacional Airport,-10.719402,-48.3997,BR,BR-TO,Porto Nacional,no
PNC,KPNC,medium_airport,Ponca City Regional Airport,36.73199844,-97.09980011,US,US-OK,Ponca City,no
PNE,KPNE,medium_airport,Northeast Philadelphia Airport,40.082406,-75.010614,US,US-PA,Philadelphia,no
PNH,VDPP,large_airport,Phnom Penh International Airport,11.547155,104.844699,KH,KH-12,Phnom Penh (Pou Senchey),no
PNI,PTPN,medium_airport,Pohnpei International Airport,6.985082,158.20992,FM,FM-PNI,Pohnpei Island,yes
PNK,WIOO,large_airport,Supadio International Airport,-0.152258,109.404493,ID,ID-KB,Pontianak,yes
PNL,LICG,medium_airport,Pantelleria Airport,36.816502,11.9689,IT,IT-82,Pantelleria (TP),yes
PNP,AYGR,medium_airport,Girua Airport,-8.80453968048,148.309005737,PG,PG-NPP,Popondetta,yes
PNQ,VAPO,large_airport,Pune International Airport,18.5821,73.919701,IN,IN-MM,Pune,yes
PNR,FCPP,large_airport,Antonio Agostinho-Neto International Airport,-4.81603,11.8866,CG,CG-5,Pointe Noire,yes
PNS,KPNS,large_airport,Pensacola International Airport,30.472718,-87.186639,US,US-FL,Pensacola,yes
PNT,SCNT,medium_airport,Lieutenant Julio Gallardo Airport,-51.67067,-72.529078,CL,CL-MA,Puerto Natales,yes
PNV,EYPP,medium_airport,Panevėžys Air Base,55.729400634765625,24.460800170898438,LT,LT-PN,Panevėžys,no
PNX,KGYI,medium_airport,North Texas Regional Airport Perrin Field,33.7141,-96.673698,US,US-TX,Denison,no
PNY,VOPC,medium_airport,Pondicherry Airport,11.968,79.812,IN,IN-PY,Puducherry (Pondicherry),yes
PNZ,SBPL,medium_airport,Senador Nilo Coelho Airport,-9.362422,-40.569098,BR,BR-PE,Petrolina,yes
POA,SBPA,large_airport,Porto Alegre-Salgado Filho International Airport,-29.993984,-51.167482,BR,BR-RS,Porto Alegre,yes
POB,KPOB,medium_airport,Pope Field,35.170898,-79.014503,US,US-NC,Fort Bragg,no
POE,KPOE,medium_airport,Polk Army Air Field,31.0447998,-93.1917038,US,US-LA,Fort Polk,no
POG,FOOG,large_airport,Port Gentil International Airport,-0.711739,8.75438,GA,GA-8,Port Gentil,yes
POI,SLPO,medium_airport,Capitan Nicolas Rojas Airport,-19.543331,-65.723734,BO,BO-P,Potosí,no
POL,FQPB,medium_airport,Pemba Airport,-12.993302,40.524867,MZ,MZ-P,Pemba,yes
POM,AYPY,large_airport,Port Moresby Jacksons International Airport,-9.443380355834961,147.22000122070312,PG,PG-NCD,Port Moresby,yes
POO,SBPC,medium_airport,Poços de Caldas - Embaixador Walther Moreira Salles Airport,-21.842529,-46.569768,BR,BR-MG,Poços De Caldas,no
POP,MDPP,medium_airport,Gregorio Luperon International Airport,19.7579,-70.57,DO,DO-18,Puerto Plata,yes
POR,EFPO,medium_airport,Pori Airport,61.4617,21.799999,FI,FI-17,Pori,yes
POS,TTPP,large_airport,Piarco International Airport,10.59535,-61.337568,TT,TT-TUP,Port of Spain,yes
POT,MKKJ,medium_airport,Ken Jones Airport,18.1987991333,-76.53450012210001,JM,JM-04,Ken Jones,no
POU,KPOU,medium_airport,Dutchess County Airport,41.6265983581543,-73.88420104980469,US,US-NY,Poughkeepsie,no
POW,LJPZ,medium_airport,Portorož Airport,45.47201,13.615951,SI,SI-090,Sečovlje,no
POX,LFPT,medium_airport,Pontoise-Cormeilles Aerodrome,49.096064,2.035543,FR,FR-IDF,"Cormeilles-en-Vexin, Val-d'Oise",no
POZ,EPPO,large_airport,Poznań-Ławica Airport,52.421598,16.823359,PL,PL-WP,Poznań,yes
PPB,SBDN,medium_airport,Presidente Prudente Airport,-22.1751,-51.424599,BR,BR-SP,Presidente Prudente,yes
PPG,NSTU,large_airport,Pago Pago International Airport,-14.331,-170.710007,AS,AS-WT,Pago Pago,yes
PPI,YPIR,medium_airport,Port Pirie Airport,-33.238899,137.994995,AU,AU-SA,,no
PPK,UACP,large_airport,Petropavl International Airport,54.775622,69.187415,KZ,KZ-SEV,Petropavl,yes
PPN,SKPP,medium_airport,Guillermo León Valencia Airport,2.454359,-76.609253,CO,CO-CAU,Popayán,yes
PPP,YBPN,medium_airport,Proserpine Whitsunday Coast Airport,-20.494416,148.553583,AU,AU-QLD,Proserpine,yes
PPQ,NZPP,medium_airport,Paraparaumu Airport,-40.904701232910156,174.98899841308594,NZ,NZ-WGN,,no
PPS,RPVP,large_airport,Puerto Princesa International Airport / PAF Antonio Bautista Air Base,9.742044,118.75911,PH,PH-PLW,Puerto Princesa,yes
PPT,NTAA,large_airport,Fa'a'ā International Airport,-17.553472,-149.606936,PF,PF-U-A,Papeete,yes
PQC,VVPQ,large_airport,Phú Quốc International Airport,10.169783,103.99353,VN,VN-SW,Phu Quoc Island,yes
PQI,KPQI,medium_airport,Presque Isle International Airport,46.688999,-68.0448,US,US-ME,Presque Isle,yes
PQQ,YPMQ,medium_airport,Port Macquarie Airport,-31.4358005524,152.863006592,AU,AU-NSW,Port Macquarie,yes
PRA,SAAP,medium_airport,General Urquiza Airport,-31.7948,-60.4804,AR,AR-E,Parana,yes
PRB,KPRB,medium_airport,Paso Robles Municipal Airport,35.67290115,-120.6269989,US,US-CA,Paso Robles,no
PRC,KPRC,medium_airport,Prescott Regional Airport - Ernest A. Love Field,34.653502,-112.419883,US,US-AZ,Prescott,yes
PRG,LKPR,large_airport,Václav Havel Airport Prague,50.100874,14.259911,CZ,CZ-PR,Prague,yes
PRH,VTCP,medium_airport,Phrae Airport,18.1322,100.165001,TH,TH-54,,no
PRI,FSPP,medium_airport,Praslin Island Airport,-4.319256,55.691561,SC,SC-14,Praslin Island,yes
PRM,LPPM,medium_airport,Portimão Airport,37.1493,-8.58396,PT,PT-08,Portimão,yes
PRN,BKPR,large_airport,Priština Adem Jashari International Airport,42.5728,21.035801,XK,XK-01,Prishtina,yes
PRV,LKPO,medium_airport,Přerov Air Base,49.4258,17.404699,CZ,CZ-OL,Přerov,no
PRX,KPRX,medium_airport,Cox Field,33.636600494385,-95.450798034668,US,US-TX,Paris,no
PRY,FAWB,medium_airport,Wonderboom Airport,-25.6539,28.224199,ZA,ZA-GT,Pretoria,no
PSA,LIRP,large_airport,Pisa International Airport,43.683899,10.3927,IT,IT-52,Pisa (PI),yes
PSC,KPSC,medium_airport,Tri Cities Airport,46.264702,-119.119003,US,US-WA,Pasco,yes
PSD,HEPS,large_airport,Port Said International Airport,31.279285,32.240582,EG,EG-PTS,Port Said,yes
PSE,TJPS,medium_airport,Mercedita International Airport,18.008301,-66.563004,PR,PR-U-A,Ponce,yes
PSG,PAPG,medium_airport,Petersburg James A Johnson Airport,56.80170059,-132.9450073,US,US-AK,Petersburg,yes
PSI,OPPI,medium_airport,Pasni Airport,25.290501,63.3451,PK,PK-BA,Pasni,no
PSJ,WAFP,medium_airport,Kasiguncu Airport,-1.414121,120.659241,ID,ID-ST,Poso-Celebes Island,no
PSM,KPSM,medium_airport,Portsmouth International Airport at Pease,43.0779,-70.823303,US,US-NH,Portsmouth,yes
PSO,SKPS,medium_airport,Antonio Nariño Airport,1.396722,-77.29093,CO,CO-NAR,Chachagüí,yes
PSP,KPSP,large_airport,Palm Springs International Airport,33.8297,-116.507004,US,US-CA,Palm Springs,yes
PSR,LIBP,large_airport,Abruzzo Airport,42.431079,14.182981,IT,IT-65,Pescara,yes
PSS,SARP,medium_airport,Libertador Gral D Jose De San Martin Airport,-27.3858,-55.9707,AR,AR-N,Posadas,yes
PSU,WIOP,medium_airport,Pangsuma Airport,0.834579,112.940217,ID,ID-KB,Putussibau-Borneo Island,yes
PSZ,SLPS,medium_airport,Capitán Av. Salvador Ogaya G. airport,-18.975301,-57.820599,BO,BO-S,Puerto Suárez,yes
PTG,FAPP,large_airport,Polokwane International Airport,-23.845269,29.458615,ZA,ZA-LP,Polokwane,yes
PTH,PAPH,medium_airport,Port Heiden Airport,56.957893,-158.630219,US,US-AK,Port Heiden,yes
PTJ,YPOD,medium_airport,Portland Airport,-38.31809997558594,141.4709930419922,AU,AU-VIC,,yes
PTK,KPTK,medium_airport,Oakland County International Airport,42.665500640869,-83.420097351074,US,US-MI,Pontiac,no
PTM,SVPT,medium_airport,Palmarito Airport,7.575479,-70.174435,VE,VE-C,Palmarito,no
PTP,TFFR,large_airport,Maryse Condé International Airport,16.265443,-61.532754,GP,GP-U-A,Pointe-à-Pitre,yes
PTU,PAPM,medium_airport,Platinum Airport,59.017675,-161.827927,US,US-AK,Platinum,yes
PTX,SKPI,medium_airport,Pitalito Airport,1.85777,-76.0857,CO,CO-HUI,Pitalito,no
PTY,MPTO,large_airport,Tocumen International Airport,9.07136,-79.383499,PA,PA-8,Tocumen,yes
PUB,KPUB,medium_airport,Pueblo Memorial Airport,38.289101,-104.497002,US,US-CO,Pueblo,yes
PUD,SAWD,medium_airport,Puerto Deseado Airport,-47.7353,-65.9041,AR,AR-Z,Puerto Deseado,yes
PUF,LFBP,medium_airport,Pau Pyrénées Airport,43.380001,-0.418611,FR,FR-NAQ,Pau/Pyrénées (Uzein),yes
PUG,YPAG,medium_airport,Port Augusta Airport,-32.506900787353516,137.7169952392578,AU,AU-SA,,yes
PUJ,MDPC,large_airport,Punta Cana International Airport,18.567093,-68.364558,DO,DO-11,Punta Cana,yes
PUQ,SCCI,large_airport,President Carlos Ibáñez International Airport,-53.002602,-70.854599,CL,CL-MA,Punta Arenas,yes
PUS,RKPK,large_airport,Gimhae International Airport,35.179501,128.938004,KR,KR-26,Busan,yes
PUT,VOPN,medium_airport,Sri Sathya Sai Airport,14.1492996216,77.7910995483,IN,IN-AP,Puttaparthi,no
PUU,SKAS,medium_airport,Tres De Mayo Airport,0.505228,-76.5008,CO,CO-PUT,Puerto Asís,yes
PUW,KPUW,medium_airport,Pullman-Moscow Regional Airport,46.741601,-117.11163,US,US-WA,Pullman,yes
PUY,LDPL,large_airport,Pula Airport,44.893501,13.9222,HR,HR-18,Pula,yes
PUZ,MNPC,medium_airport,Puerto Cabezas Airport,14.047200202941895,-83.38670349121094,NI,NI-AN,Puerto Cabezas,yes
PVA,SKPV,medium_airport,El Embrujo Airport,13.357461,-81.357977,CO,CO-SAP,Providencia,yes
PVD,KPVD,large_airport,Rhode Island T. F. Green International Airport,41.725038,-71.425668,US,US-RI,Providence/Warwick,yes
PVG,ZSPD,large_airport,Shanghai Pudong International Airport,31.1434,121.805,CN,CN-31,Shanghai (Pudong),yes
PVH,SBPV,large_airport,Governador Jorge Teixeira de Oliveira International Airport,-8.708491,-63.902338,BR,BR-RO,Porto Velho,yes
PVK,LGPZ,medium_airport,Aktion National Airport,38.925499,20.765301,GR,GR-D,Preveza,yes
PVO,SEPV,medium_airport,Reales Tamarindos Airport,-1.04165,-80.472198,EC,EC-M,Portoviejo,no
PVR,MMPR,large_airport,Puerto Vallarta International Airport,20.679913,-105.254391,MX,MX-JAL,Puerto Vallarta,yes
PVS,UHMD,medium_airport,Provideniya Bay Airport,64.378098,-173.242996,RU,RU-CHU,Chukotka,no
PVU,KPVU,medium_airport,Provo Municipal Airport,40.218894,-111.722445,US,US-UT,Provo,yes
PWE,UHMP,medium_airport,Pevek Airport,69.783302,170.597,RU,RU-CHU,Apapelgino,yes
PWK,KPWK,medium_airport,Chicago Executive Airport,42.114222,-87.901494,US,US-IL,Chicago/Prospect Heights/Wheeling,no
PWM,KPWM,large_airport,Portland International Jetport,43.646198,-70.309303,US,US-ME,Portland,yes
PWQ,UASP,large_airport,Pavlodar International Airport,52.194982,77.073088,KZ,KZ-PAV,Pavlodar,yes
PWT,KPWT,medium_airport,Bremerton National Airport,47.490200042725,-122.76499938965,US,US-WA,Bremerton,no
PWY,KPNA,medium_airport,Ralph Wenz Field,42.79550171,-109.8069992,US,US-WY,Pinedale,no
PXM,MMPS,medium_airport,Puerto Escondido International Airport,15.876808,-97.0891,MX,MX-OAX,Puerto Escondido,yes
PXO,LPPS,medium_airport,Porto Santo Airport,33.0733985901,-16.3500003815,PT,PT-30,Vila Baleira,yes
PXR,VTUJ,medium_airport,Surin Airport,14.868300437927,103.49800109863,TH,TH-32,Surin,yes
PXU,VVPK,medium_airport,Pleiku Airport,14.004500389099121,108.01699829101562,VN,VN-CH,Pleiku,yes
PYH,SVPA,medium_airport,Cacique Aramare Airport,5.61999,-67.606102,VE,VE-Z,Puerto Ayacucho,no
PYJ,UERP,medium_airport,Polyarny Airport,66.400398,112.029999,RU,RU-SA,Yakutia,yes
PYK,OIIP,large_airport,Payam International Airport,35.7761,50.826698,IR,IR-30,Karaj,yes
PYR,LGAD,medium_airport,Andravida Air Base,37.9207,21.292601,GR,GR-G,Andravida,no
PZA,SKPZ,medium_airport,Paz de Ariporo Airport,5.876146,-71.886671,CO,CO-CAS,Paz de Ariporo,no
PZB,FAPM,medium_airport,Pietermaritzburg Airport,-29.649000167799997,30.3987007141,ZA,ZA-NL,Pietermaritzburg,yes
PZH,OPZB,medium_airport,Zhob Airport,31.358400344848633,69.4636001586914,PK,PK-BA,Fort Sandeman,yes
PZI,ZUZH,medium_airport,Panzhihua Bao'anying Airport,26.54,101.79852,CN,CN-51,Panzhihua (Renhe),yes
PZO,SVPR,large_airport,General Manuel Carlos Piar International Airport,8.28853,-62.760399,VE,VE-F,Guyana City,yes
PZS,SCTC,medium_airport,Maquehue Airport,-38.766799926758,-72.637100219727,CL,CL-AR,Temuco,no
PZU,HSPN,large_airport,Port Sudan New International Airport,19.434558,37.234125,SD,SD-26,Port Sudan,yes
PZY,LZPP,medium_airport,Piešťany Airport,48.62519836425781,17.828399658203125,SK,SK-TA,Piešťany,no
QBC,CYBD,medium_airport,Bella Coola Airport,52.387501,-126.596001,CA,CA-BC,Bella Coola,yes
QCY,EGXC,medium_airport,RAF Coningsby,53.092999,-0.166014,GB,GB-ENG,"Lincoln, Lincolnshire",no
QGU,RJNG,medium_airport,Gifu Airport,35.3941,136.869995,JP,JP-21,Gifu,no
QHR,HAHM,medium_airport,Harar Meda Airport,8.7163,39.0059,ET,ET-OR,Debre Zeyit,no
QMJ,OIAI,medium_airport,Shahid Asiyaee Airport,32.001719,49.268599,IR,IR-06,Masjed Soleyman,no
QOW,DNIM,medium_airport,Sam Mbakwe International Cargo Airport,5.42706,7.20603,NG,NG-IM,Owerri,yes
QPG,WSAP,medium_airport,Paya Lebar Air Base,1.36042,103.910004,SG,SG-04,Paya Lebar,no
QRA,FAGM,medium_airport,Rand Airport,-26.2425,28.151199,ZA,ZA-GT,Johannesburg,no
QRM,YNRM,medium_airport,Narromine Airport,-32.214699,148.225006,AU,AU-NSW,,no
QRO,MMQT,large_airport,Querétaro Intercontinental Airport,20.618779,-100.186449,MX,MX-QUE,Querétaro,yes
QRW,DNSU,medium_airport,Warri Airport,5.59821,5.8187,NG,NG-DE,Okpe,yes
QSF,DAAS,medium_airport,Ain Arnat Airport,36.178488,5.329909,DZ,DZ-19,Sétif,yes
QSR,LIRI,medium_airport,Salerno Costa d'Amalfi Airport,40.620399,14.9113,IT,IT-72,Salerno,yes
QSZ,ZWSC,medium_airport,Shache Airport,38.24542,77.056149,CN,CN-65,Shache,yes
QUO,DNAI,medium_airport,Akwa Ibom International Airport,4.8725,8.093,NG,NG-AK,Uyo,yes
RAB,AYTK,medium_airport,Tokua Airport,-4.34046,152.380005,PG,PG-EBR,Kokopo,yes
RAE,OERR,medium_airport,Arar Domestic Airport,30.906600952148438,41.13819885253906,SA,SA-08,Arar,yes
RAH,OERF,medium_airport,Rafha Domestic Airport,29.626399993896484,43.4906005859375,SA,SA-08,Rafha,yes
RAI,GVNP,large_airport,Nelson Mandela International Airport,14.941126,-23.484728,CV,CV-S,Praia,yes
RAJ,VARK,medium_airport,Rajkot Airport,22.3092,70.779503,IN,IN-GJ,Rajkot,no
RAK,GMMX,large_airport,Marrakesh Menara Airport,31.604807,-8.035788,MA,MA-07,Marrakesh,yes
RAL,KRAL,medium_airport,Riverside Municipal Airport,33.9519,-117.445,US,US-CA,Riverside,no
RAO,SBRP,medium_airport,Leite Lopes Airport,-21.134314,-47.774053,BR,BR-SP,Ribeirão Preto,yes
RAP,KRAP,medium_airport,Rapid City Regional Airport,44.0452995300293,-103.05699920654297,US,US-SD,Rapid City,yes
RAR,NCRG,large_airport,Rarotonga International Airport,-21.2027,-159.806,CK,CK-U-A,Avarua,yes
RAS,OIGG,medium_airport,Sardar-e-Jangal Airport,37.323333,49.617778,IR,IR-01,Rasht,yes
RAZ,OPRT,medium_airport,Rawalakot Airport,33.849701,73.798103,PK,PK-JK,Rawalakot,no
RBA,GMME,large_airport,Rabat-Salé Airport,34.051498,-6.75152,MA,MA-04,Rabat,yes
RBE,VDRK,medium_airport,Ratanakiri Airport,13.729999542236328,106.98699951171875,KH,KH-16,Ratanakiri,no
RBL,KRBL,medium_airport,Red Bluff Municipal Airport,40.1506996155,-122.251998901,US,US-CA,Red Bluff,no
RBR,SBRB,large_airport,Rio Branco-Plácido de Castro International Airport,-9.869031,-67.893984,BR,BR-AC,Rio Branco,yes
RBY,PARY,medium_airport,Ruby Airport,64.727203,-155.470001,US,US-AK,Ruby,yes
RCA,KRCA,medium_airport,Ellsworth Air Force Base,44.14500046,-103.1039963,US,US-SD,Rapid City,no
RCB,FARB,medium_airport,Richards Bay Airport,-28.740999221800003,32.0920982361,ZA,ZA-NL,Richards Bay,yes
RCH,SKRH,medium_airport,Almirante Padilla Airport,11.5262,-72.926,CO,CO-LAG,Riohacha,yes
RCO,LFDN,medium_airport,Rochefort-Saint-Agnant (BA 721) Airport,45.887798,-0.983056,FR,FR-NAQ,Rochefort/Saint-Agnant,no
RCQ,SATR,medium_airport,Reconquista Airport,-29.210278,-59.683333,AR,AR-S,Reconquista,no
RCU,SAOC,medium_airport,Area De Material Airport,-33.085098,-64.261299,AR,AR-X,Rio Cuarto,no
RDD,KRDD,medium_airport,Redding Municipal Airport,40.50899887,-122.2929993,US,US-CA,Redding,yes
RDG,KRDG,medium_airport,Reading Regional Airport (Carl A Spaatz Field),40.378502,-75.965202,US,US-PA,Reading,no
RDL,HE36,medium_airport,Bardawil International Airport,30.410714,33.15535,EG,EG-SIN,El Hassana,no
RDM,KRDM,medium_airport,Roberts Field,44.254101,-121.150002,US,US-OR,Redmond,yes
RDO,EPRA,medium_airport,Warsaw Radom Airport,51.38937,21.214742,PL,PL-MZ,Radom,yes
RDP,VEDG,medium_airport,Kazi Nazrul Islam Airport,23.6225,87.243,IN,IN-WB,Durgapur,yes
RDR,KRDR,medium_airport,Grand Forks Air Force Base,47.961101532,-97.4011993408,US,US-ND,Grand Forks,no
RDS,SAHS,medium_airport,Rincon De Los Sauces Airport,-37.390598,-68.904198,AR,AR-Q,Rincon de los Sauces,no
RDU,KRDU,large_airport,Raleigh-Durham International Airport,35.878659,-78.7873,US,US-NC,Raleigh/Durham,yes
RDZ,LFCR,medium_airport,Rodez–Aveyron Airport,44.407902,2.48267,FR,FR-OCC,Rodez/Marcillac,yes
REA,NTGE,medium_airport,Reao Airport,-18.46652,-136.43855,PF,PF-U-A,Reao,no
REC,SBRF,large_airport,Recife/Guararapes - Gilberto Freyre International Airport,-8.12747,-34.922961,BR,BR-PE,Recife,yes
REG,LICR,medium_airport,Reggio Calabria Airport,38.071201,15.6516,IT,IT-78,Reggio Calabria,yes
REL,SAVT,medium_airport,Almirante Marco Andres Zar Airport,-43.2105,-65.2703,AR,AR-U,Rawson,yes
REN,UWOO,medium_airport,Orenburg Central Airport,51.792668,55.457229,RU,RU-ORE,Orenburg,yes
RER,MGRT,medium_airport,Retalhuleu Airport,14.521431,-91.697001,GT,GT-RE,Retalhuleu,yes
RES,SARE,large_airport,Resistencia International Airport,-27.44991,-59.056125,AR,AR-H,Resistencia,yes
REU,LERS,large_airport,Reus Airport,41.147509,1.168354,ES,ES-CT,Reus,yes
REW,VA1G,medium_airport,"Rewa Airport, Chorhata, REWA",24.503401,81.220299,IN,IN-MP,Rewa,yes
REX,MMRX,medium_airport,General Lucio Blanco International Airport,26.0089,-98.2285,MX,MX-TAM,Reynosa,yes
RFD,KRFD,medium_airport,Chicago Rockford International Airport,42.1954,-89.097198,US,US-IL,Chicago/Rockford,yes
RFP,NTTR,medium_airport,Raiatea Airport,-16.7229,-151.466003,PF,PF-U-A,Uturoa,yes
RGA,SAWE,medium_airport,Gobernador Ramón Trejo Noel International Airport,-53.7777,-67.7494,AR,AR-V,Rio Grande,yes
RGI,NTTG,medium_airport,Rangiroa Airport,-14.954299926757812,-147.66099548339844,PF,PF-U-A,,yes
RGK,UNBG,medium_airport,Gorno-Altaysk Airport,51.969204,85.836539,RU,RU-AL,Gorno-Altaysk,no
RGL,SAWG,large_airport,Piloto Civil Norberto Fernández International Airport,-51.608791,-69.308948,AR,AR-Z,Rio Gallegos,yes
RGN,VYYY,large_airport,Yangon International Airport,16.907300949099998,96.1332015991,MM,MM-06,Yangon,yes
RGO,ZKHM,medium_airport,Orang (Chongjin) Airport,41.428538,129.647555,KP,KP-09,Hoemun-ri,yes
RGS,LEBG,medium_airport,Burgos Airport,42.357601,-3.62076,ES,ES-CL,Burgos,no
RGT,WIBJ,medium_airport,Japura Airport,-0.352808,102.334999,ID,ID-RI,Rengat-Sumatra Island,no
RHD,SANR,medium_airport,Termas de Río Hondo international Airport,-27.4966,-64.93595,AR,AR-G,Termas de Río Hondo,yes
RHI,KRHI,medium_airport,Rhinelander Oneida County Airport,45.63119888305664,-89.46749877929688,US,US-WI,Rhinelander,yes
RHO,LGRP,large_airport,"Rhodes International Airport ""Diagoras""",36.405399,28.086201,GR,GR-L,Rhodes,yes
RIA,SBSM,medium_airport,Santa Maria Airport,-29.711399,-53.688202,BR,BR-RS,Santa Maria,yes
RIB,SLRI,medium_airport,Capitán Av. Selin Zeitun Lopez Airport,-11.009355,-66.075468,BO,BO-B,Riberalta,yes
RIC,KRIC,large_airport,Richmond International Airport,37.505199,-77.319702,US,US-VA,Richmond,yes
RIJ,SPJA,medium_airport,Juan Simons Vela Airport,-6.06786,-77.160004,PE,PE-SAM,Rioja,no
RIL,KRIL,medium_airport,Garfield County Regional Airport,39.526299,-107.726997,US,US-CO,Rifle,no
RIS,RJER,medium_airport,Rishiri Airport,45.2420005798,141.186004639,JP,JP-01,Rishiri,yes
RIV,KRIV,medium_airport,March Air Reserve Base,33.880699,-117.259003,US,US-CA,Riverside,no
RIW,KRIW,medium_airport,Central Wyoming Regional Airport,43.064201,-108.459999,US,US-WY,Riverton,yes
RIX,EVRA,large_airport,Riga International Airport,56.920752,23.970711,LV,LV-062,Riga,yes
RIY,OYRN,large_airport,Riyan International Airport,14.662241,49.375289,YE,YE-HD,Mukalla(Riyan),yes
RIZ,ZSRZ,medium_airport,Rizhao Shanzihe Airport,35.405033,119.324403,CN,CN-37,Rizhao (Donggang),yes
RJA,VORY,medium_airport,Rajahmundry Airport,17.105799,81.813204,IN,IN-AP,Madhurapudi,yes
RJH,VGRJ,medium_airport,Shah Makhdum Airport,24.437201,88.616501,BD,BD-E,Rajshahi,yes
RJK,LDRI,large_airport,Rijeka Airport,45.216376,14.57085,HR,HR-08,Rijeka(Omišalj),yes
RJL,LELO,medium_airport,Logroño-Agoncillo Airport,42.460953,-2.322235,ES,ES-RI,Logroño,yes
RJN,OIKR,medium_airport,Rafsanjan Airport,30.298345,56.048979,IR,IR-08,Rafsanjan,yes
RKD,KRKD,medium_airport,Knox County Regional Airport,44.060101,-69.099197,US,US-ME,Rockland,yes
RKE,EKRK,medium_airport,Copenhagen Roskilde Airport,55.585602,12.1314,DK,DK-85,Roskilde,yes
RKS,KRKS,medium_airport,Southwest Wyoming Regional Airport,41.5942,-109.065001,US,US-WY,Rock Springs,yes
RKT,OMRK,large_airport,Ras Al Khaimah International Airport,25.613501,55.938801,AE,AE-RK,Ras Al Khaimah,yes
RKV,BIRK,medium_airport,Reykjavík Domestic Airport,64.128732,-21.93759,IS,IS-1,Reykjavík,yes
RKZ,ZURK,large_airport,Xigaze Peace Airport / Shigatse Air Base,29.350876,89.299157,CN,CN-54,Xigazê (Samzhubzê),yes
RLG,ETNL,medium_airport,Rostock-Laage Airport,53.918201,12.2783,DE,DE-MV,Laage,yes
RLK,ZBYZ,medium_airport,Bayannur Tianjitai Airport,40.926358,107.74093,CN,CN-15,Bayannur,yes
RMA,YROM,medium_airport,Roma Airport,-26.545000076300003,148.774993896,AU,AU-QLD,Roma,yes
RME,KRME,medium_airport,Griffiss International Airport,43.23379898,-75.40699768,US,US-NY,Rome,no
RMF,HEMA,large_airport,Marsa Alam International Airport,25.555548,34.59245,EG,EG-BA,Marsa Alam,yes
RMG,KRMG,medium_airport,Richard B Russell Airport,34.3506011963,-85.15799713130001,US,US-GA,Rome,no
RMI,LIPR,large_airport,Federico Fellini International Airport,44.020024,12.612198,IT,IT-45,Rimini (RN),yes
RMK,YREN,medium_airport,Renmark Airport,-34.1964,140.673996,AU,AU-SA,,no
RML,VCCC,large_airport,Colombo Ratmalana International Airport,6.821638,79.885859,LK,LK-1,Colombo,yes
RMO,LUKK,large_airport,Chişinău International Airport,46.92774,28.931704,MD,MD-CU,Chişinău,yes
RMQ,RCMQ,large_airport,Taichung International Airport / Ching Chuang Kang Air Base,24.2647,120.621002,TW,TW-TXG,Taichung (Qingshui),yes
RMS,ETAR,medium_airport,Ramstein Air Base,49.436901,7.60028,DE,DE-RP,Ramstein-Miesenbach,no
RMU,LEMI,large_airport,Region of Murcia International Airport,37.802852,-1.124884,ES,ES-MC,Corvera,yes
RMZ,USTJ,medium_airport,Tobolsk Remezov Airport,58.059712,68.347997,RU,RU-TYU,Tobolsk,yes
RNB,ESDF,medium_airport,Ronneby Airport,56.266701,15.265,SE,SE-K,Ronneby,yes
RND,KRND,medium_airport,Randolph Air Force Base,29.529699,-98.2789,US,US-TX,Universal City,no
RNE,LFLO,medium_airport,Roanne-Renaison Airport,46.053818,3.999023,FR,FR-ARA,Saint-Léger-sur-Roanne,no
RNH,KRNH,medium_airport,New Richmond Regional Airport,45.1483,-92.538101,US,US-WI,New Richmond,no
RNJ,RORY,medium_airport,Yoron Airport,27.043847,128.401648,JP,JP-46,Yoron,yes
RNN,EKRN,medium_airport,Bornholm Airport,55.063301,14.7596,DK,DK-84,Rønne,yes
RNO,KRNO,large_airport,Reno Tahoe International Airport,39.4991,-119.767998,US,US-NV,Reno,yes
RNS,LFRN,medium_airport,Rennes-Saint-Jacques Airport,48.0695,-1.73479,FR,FR-BRE,"Saint-Jacques-de-la-Lande, Ille-et-Vilaine",yes
ROA,KROA,medium_airport,Roanoke–Blacksburg Regional Airport,37.3255,-79.975403,US,US-VA,Roanoke,yes
ROB,GLRB,large_airport,Roberts International Airport,6.23379,-10.3623,LR,LR-MG,Monrovia,yes
ROC,KROC,large_airport,Frederick Douglass Greater Rochester International Airport,43.1189,-77.672401,US,US-NY,Rochester,yes
ROD,FARS,medium_airport,Robertson Airport,-33.812199,19.9028,ZA,ZA-WC,Robertson,no
ROI,VTUV,medium_airport,Roi Et Airport,16.1168,103.774002,TH,TH-45,Roi Et,yes
ROK,YBRK,medium_airport,Rockhampton Airport,-23.380019,150.475359,AU,AU-QLD,Rockhampton,yes
ROO,SBRD,medium_airport,Maestro Marinho Franco Airport,-16.584292,-54.724803,BR,BR-MT,Rondonópolis,yes
ROP,PGRO,large_airport,Rota International Airport,14.173267,145.241103,MP,MP-U-A,Rota Island,yes
ROR,PTRO,large_airport,Roman Tmetuchl International Airport,7.366965,134.544085,PW,PW-004,Babelthuap Island,yes
ROS,SAAR,large_airport,Rosario Islas Malvinas International Airport,-32.9036,-60.785,AR,AR-S,Rosario,yes
ROT,NZRO,medium_airport,Rotorua Regional Airport,-38.1092,176.317001,NZ,NZ-BOP,Rotorua,yes
ROV,URRP,large_airport,Platov International Airport,47.493888,39.924722,RU,RU-ROS,Rostov-on-Don,no
ROW,KROW,medium_airport,Roswell Air Center Airport,33.301601,-104.530998,US,US-NM,Roswell,yes
ROZ,LERT,medium_airport,Rota Naval Station Airport,36.645198822,-6.34946012497,ES,ES-AN,Rota,no
RPM,YNGU,medium_airport,Ngukurr Airport,-14.7228,134.746994,AU,AU-NT,Roper River,no
RPN,LLIB,medium_airport,Rosh Pina Airport,32.980999,35.571899,IL,IL-Z,Rosh Pina,no
RPR,VARP,medium_airport,Swami Vivekananda Airport,21.180401,81.7388,IN,IN-CT,Raipur,yes
RQA,ZWRQ,medium_airport,Ruoqiang Loulan Airport,38.974722,88.008333,CN,CN-65,Ruoqiang Town,yes
RQW,ORQW,medium_airport,Qayyarah West Airport,35.7672,43.125099,IQ,IQ-NI,Qayyarah,no
RQY,IN-0301,medium_airport,Rashtrakavi Kuvempu Airport,13.858024,75.618868,IN,IN-KA,Shimoga,no
RRE,YMRE,medium_airport,Marree Airport,-29.6633,138.065002,AU,AU-SA,,no
RRG,FIMR,medium_airport,Sir Charles Gaetan Duval Airport,-19.756696,63.359326,MU,MU-RO,Port Mathurin,yes
RRJ,SBJR,medium_airport,Jacarepaguá - Roberto Marinho Airport,-22.986773,-43.372194,BR,BR-RJ,Rio de Janeiro,no
RRK,VERK,medium_airport,Rourkela Airport,22.256571,84.815193,IN,IN-OR,Rourkela,no
RRS,ENRO,medium_airport,Røros Airport,62.578399658203,11.342300415039,NO,NO-50,Røros,yes
RSA,SAZR,medium_airport,Santa Rosa Airport,-36.588299,-64.275703,AR,AR-L,Santa Rosa,yes
RSD,MYER,medium_airport,Rock Sound International Airport,24.89165,-76.177602,BS,BS-SE,Rock Sound,yes
RSI,RSI,large_airport,Red Sea International Airport,25.627975,37.088914,SA,SA-07,Hanak,yes
RSL,KRSL,medium_airport,Russell Municipal Airport,38.872100830078,-98.811798095703,US,US-KS,Russell,no
RST,KRST,medium_airport,Rochester International Airport,43.908298,-92.5,US,US-MN,Rochester,yes
RSU,RKJY,medium_airport,Yeosu Airport,34.84230041503906,127.61699676513672,KR,KR-46,Yeosu,yes
RSW,KRSW,large_airport,Southwest Florida International Airport,26.534685,-81.752816,US,US-FL,Fort Myers,yes
RTB,MHRO,large_airport,Juan Manuel Gálvez International Airport,16.316799,-86.523003,HN,HN-IB,Coxen Hole,yes
RTC,VARG,medium_airport,Ratnagiri Airport,17.013599,73.327797,IN,IN-MM,,no
RTE,SBMT,medium_airport,Campo de Marte Airport,-23.5091,-46.637798,BR,BR-SP,São Paulo,no
RTM,EHRD,large_airport,Rotterdam The Hague Airport,51.956902,4.43722,NL,NL-ZH,Rotterdam,yes
RUA,HUAR,medium_airport,Arua Airport,3.049152,30.911714,UG,UG-N,Arua,yes
RUG,ZSRG,medium_airport,Rugao Air Base,32.258341,120.501131,CN,CN-32,Rugao (Nantong),no
RUH,OERK,large_airport,King Khalid International Airport,24.9576,46.698799,SA,SA-01,Riyadh,yes
RUI,KSRR,medium_airport,Sierra Blanca Regional Airport,33.462799,-105.535004,US,US-NM,Alto,no
RUN,FMEE,large_airport,Roland Garros Airport,-20.890087,55.518894,RE,RE-SD,Sainte-Marie,yes
RUR,NTAR,medium_airport,Rurutu Airport,-22.434099197387695,-151.36099243164062,PF,PF-U-A,,yes
RUT,KRUT,medium_airport,Rutland - Southern Vermont Regional Airport,43.5294,-72.9496,US,US-VT,Rutland,yes
RUV,MGRB,medium_airport,Rubelsanto Airport,15.992,-90.445297,GT,GT-AV,Rubelsanto,no
RVK,ENRM,medium_airport,"Rørvik Airport, Ryum",64.838302612305,11.14610004425,NO,NO-50,Rørvik,yes
RVN,EFRO,large_airport,Rovaniemi Airport,66.563327,25.829751,FI,FI-10,Rovaniemi,yes
RVS,KRVS,medium_airport,Tulsa Riverside Airport,36.0396,-95.984596,US,US-OK,Tulsa,no
RVY,SURV,medium_airport,Pres. Gral. Óscar D. Gestido Binational Airport,-30.9746,-55.4762,UY,UY-RV,Rivera/Santana do Livramento,yes
RWF,KRWF,medium_airport,Redwood Falls Municipal Airport,44.547199,-95.082298,US,US-MN,Redwood Falls,no
RWI,KRWI,medium_airport,Rocky Mount Wilson Regional Airport,35.8563,-77.891899,US,US-NC,Rocky Mount,no
RWL,KRWL,medium_airport,Rawlins Municipal Airport/Harvey Field,41.80559921,-107.1999969,US,US-WY,Rawlins,no
RWN,UKLR,medium_airport,Rivne International Airport,50.607101,26.1416,UA,UA-19,Rivne,no
RXS,RPVR,medium_airport,Roxas Airport,11.597700119018555,122.75199890136719,PH,PH-CAP,Roxas City,yes
RYB,UUBK,medium_airport,Staroselye Airport,58.104198,38.929401,RU,RU-YAR,Rybinsk,no
RYK,OPRK,medium_airport,Shaikh Zaid Airport,28.383899688720703,70.27960205078125,PK,PK-PB,Rahim Yar Khan,yes
RYN,LFCY,medium_airport,Royan-Médis Airport,45.628101,-0.9725,FR,FR-NAQ,Royan/Médis,no
RZA,SAWU,medium_airport,Santa Cruz Airport,-50.0165,-68.5792,AR,AR-Z,Puerto Santa Cruz,no
RZE,EPRZ,large_airport,Rzeszów-Jasionka Airport,50.109791,22.024155,PL,PL-PK,Jasionka,yes
RZR,OINR,medium_airport,Ramsar Airport,36.90701,50.687316,IR,IR-02,Ramsar,yes
RZV,LTFO,medium_airport,Rize–Artvin Airport,41.179766,40.848802,TR,TR-53,Rize,yes
SAB,TNCS,medium_airport,Juancho E. Yrausquin Airport,17.64533,-63.220514,BQ,BQ-SA,Zion's Hill,yes
SAC,KSAC,medium_airport,Sacramento Executive Airport,38.5125007629,-121.492996216,US,US-CA,Sacramento,no
SAF,KSAF,medium_airport,Santa Fe Municipal Airport,35.6171,-106.088997,US,US-NM,Santa Fe,yes
SAG,VASD,large_airport,Shirdi International Airport,19.689211,74.373655,IN,IN-MM,Kakadi,yes
SAH,OYSN,large_airport,Sanaa International Airport,15.4763,44.2197,YE,YE-SA,Sanaa,yes
SAI,VDSA,large_airport,Siem Reap-Angkor International Airport,13.36974,104.223831,KH,KH-17,Siem Reap,yes
SAL,MSLP,large_airport,El Salvador International Airport Saint Óscar Arnulfo Romero y Galdámez,13.44447,-89.055784,SV,SV-PA,San Salvador (San Luis Talpa),yes
SAN,KSAN,large_airport,San Diego International Airport,32.733601,-117.190002,US,US-CA,San Diego,yes
SAP,MHLM,large_airport,Ramón Villeda Morales International Airport,15.4526,-87.923599,HN,HN-CR,San Pedro Sula,yes
SAQ,MYAN,medium_airport,San Andros Airport,25.053800582885742,-78.04900360107422,BS,BS-NS,Andros Island,yes
SAT,KSAT,large_airport,San Antonio International Airport,29.533701,-98.469803,US,US-TX,San Antonio,yes
SAV,KSAV,large_airport,Savannah Hilton Head International Airport,32.126591,-81.19998,US,US-GA,Savannah,yes
SAW,LTFJ,large_airport,Istanbul Sabiha Gökçen International Airport,40.898602,29.3092,TR,TR-34,"Pendik, Istanbul",yes
SBA,KSBA,medium_airport,Santa Barbara Municipal Airport,34.426201,-119.839996,US,US-CA,Santa Barbara,yes
SBD,KSBD,large_airport,San Bernardino International Airport,34.096717,-117.236596,US,US-CA,San Bernardino,yes
SBH,TFFJ,medium_airport,St. Jean Airport,17.904398,-62.843333,BL,BL-U-A,Gustavia,yes
SBK,LFRT,medium_airport,Saint-Brieuc-Armor Airport,48.538628,-2.853518,FR,FR-BRE,"Trémuson, Côtes-d'Armor",no
SBL,SLSA,medium_airport,Santa Ana Del Yacuma Airport,-13.762200355500001,-65.4352035522,BO,BO-B,Santa Ana del Yacuma,no
SBN,KSBN,medium_airport,South Bend International Airport,41.708304,-86.316922,US,US-IN,South Bend,yes
SBP,KSBP,medium_airport,San Luis County Regional Airport,35.236801147499996,-120.641998291,US,US-CA,San Luis Obispo,yes
SBT,USDA,medium_airport,Sabetta International Airport,71.219167,72.052222,RU,RU-YAN,Sabetta,yes
SBU,FASB,medium_airport,Springbok Airport,-29.689300537109375,17.939599990844727,ZA,ZA-NC,Springbok,no
SBW,WBGS,medium_airport,Sibu Airport,2.2616,111.985001,MY,MY-13,Sibu,yes
SBY,KSBY,medium_airport,Salisbury Ocean City Wicomico Regional Airport,38.34049987792969,-75.51029968261719,US,US-MD,Salisbury,yes
SBZ,LRSB,large_airport,Sibiu International Airport,45.785841,24.086666,RO,RO-SB,Sibiu,yes
SCC,PASC,medium_airport,Deadhorse Airport,70.19470215,-148.4649963,US,US-AK,Deadhorse,yes
SCE,KUNV,medium_airport,State College Regional Airport,40.849374,-77.84852,US,US-PA,State College,yes
SCH,KSCH,medium_airport,Schenectady County Airport,42.852500915527,-73.928901672363,US,US-NY,Schenectady,no
SCI,SVPM,medium_airport,Paramillo Airport,7.801389,-72.202778,VE,VE-S,San Cristóbal,no
SCK,KSCK,medium_airport,Stockton Metropolitan Airport,37.893279,-121.238079,US,US-CA,Stockton,yes
SCL,SCEL,large_airport,Comodoro Arturo Merino Benítez International Airport,-33.393001556396484,-70.78579711914062,CL,CL-RM,Santiago,yes
SCN,EDDR,medium_airport,Saarbrücken Airport,49.214545,7.109735,DE,DE-SL,Saarbrücken,yes
SCO,UATE,large_airport,Aktau International Airport,43.860093,51.09086,KZ,KZ-MAN,Aktau,yes
SCQ,LEST,large_airport,Santiago-Rosalía de Castro Airport,42.896301,-8.41514,ES,ES-GA,Santiago de Compostela,yes
SCR,ESKS,large_airport,Scandinavian Mountains Airport,61.16508,12.83352,SE,SE-W,Malung-Sälen,yes
SCT,OYSQ,medium_airport,Socotra Airport,12.632093,53.906173,YE,YE-SU,Mori,yes
SCU,MUCU,large_airport,Antonio Maceo International Airport,19.97474,-75.835504,CU,CU-13,Santiago,yes
SCV,LRSV,large_airport,Suceava Ștefan cel Mare International Airport,47.6875,26.354099,RO,RO-SV,Suceava,yes
SCW,UUYY,medium_airport,Syktyvkar Airport,61.64699935913086,50.84510040283203,RU,RU-KO,Syktyvkar,yes
SDB,FALW,medium_airport,Langebaanweg Airport,-32.968898773199996,18.1602993011,ZA,ZA-WC,Langebaanweg,no
SDD,FNUB,medium_airport,Lubango Mukanka International Airport,-14.924839,13.576653,AO,AO-HUI,Lubango,yes
SDE,SANE,medium_airport,Vicecomodoro Angel D. La Paz Aragonés Airport,-27.765556335399996,-64.3099975586,AR,AR-G,Santiago del Estero,yes
SDF,KSDF,large_airport,Louisville Muhammad Ali International Airport,38.1706,-85.735076,US,US-KY,Louisville,yes
SDG,OICS,medium_airport,Sanandaj Airport,35.24589920043945,47.00920104980469,IR,IR-12,,yes
SDJ,RJSS,large_airport,Sendai Airport,38.139702,140.917007,JP,JP-04,Natori,yes
SDK,WBKS,medium_airport,Sandakan Airport,5.900899887084961,118.05899810791016,MY,MY-12,Sandakan,yes
SDL,ESNN,medium_airport,Sundsvall-Härnösand Airport,62.528099060058594,17.443899154663086,SE,SE-Y,Sundsvall/ Härnösand,yes
SDM,KSDM,medium_airport,Brown Field Municipal Airport,32.572639,-116.980019,US,US-CA,San Diego,no
SDP,PASD,medium_airport,Sand Point Airport,55.313908,-160.522099,US,US-AK,Sand Point,yes
SDQ,MDSD,large_airport,Las Américas International Airport,18.42970085144,-69.668899536133,DO,DO-01,Santo Domingo,yes
SDR,LEXJ,medium_airport,Seve Ballesteros-Santander Airport,43.427101,-3.82001,ES,ES-CB,Santander,yes
SDS,RJSD,medium_airport,Sado Airport,38.0601997375,138.414001465,JP,JP-15,Sado,yes
SDT,OPSS,medium_airport,Saidu Sharif Airport,34.813599,72.352798,PK,PK-KP,Saidu Sharif,no
SDU,SBRJ,large_airport,Santos Dumont Airport,-22.910397,-43.16282,BR,BR-RJ,Rio de Janeiro,yes
SDW,IN-0107,medium_airport,Sindhudurg Airport,16.002552,73.529846,IN,IN-MM,Chipi,yes
SDY,KSDY,medium_airport,Sidney - Richland Regional Airport,47.705141,-104.194422,US,US-MT,Sidney,yes
SEA,KSEA,large_airport,Seattle–Tacoma International Airport,47.447943,-122.310276,US,US-WA,Seattle,yes
SEB,HLLS,medium_airport,Sabha Airport,26.992452,14.466162,LY,LY-SB,Sabha,yes
SEK,UESK,medium_airport,Srednekolymsk Airport,67.4805,153.7364,RU,RU-SA,Srednekolymsk,yes
SEN,EGMC,medium_airport,London Southend Airport,51.570562,0.693627,GB,GB-ENG,"Southend-on-Sea, Essex",yes
SES,UOIG,medium_airport,Svetlogorsk Airport,66.839996,88.403336,RU,RU-KYA,Svetlogorsk,no
SEZ,FSIA,large_airport,Seychelles International Airport,-4.67434,55.521801,SC,SC-20,Victoria,yes
SFA,DTTX,medium_airport,Sfax Thyna International Airport,34.717999,10.691,TN,TN-61,Sfax,yes
SFB,KSFB,large_airport,Orlando Sanford International Airport,28.774277,-81.234626,US,US-FL,Orlando,yes
SFD,SVSR,medium_airport,San Fernando de Apure Las Flecheras National Airport,7.88332,-67.444,VE,VE-C,San Fernando de Apure,no
SFE,RPUS,medium_airport,San Fernando Airport,16.5956,120.303001,PH,PH-LUN,San Fernando,no
SFF,KSFF,medium_airport,Felts Field,47.682899,-117.321925,US,US-WA,Spokane,no
SFG,TFFG,medium_airport,Grand Case-l'Espérance Airport,18.100057,-63.047444,MF,MF-U-A,Grand Case,yes
SFJ,BGSF,medium_airport,Kangerlussuaq International Airport,67.010446,-50.715294,GL,GL-QA,Kangerlussuaq,yes
SFN,SAAV,medium_airport,Sauce Viejo Airport,-31.7117,-60.8117,AR,AR-S,Santa Fe,yes
SFO,KSFO,large_airport,San Francisco International Airport,37.619806,-122.374821,US,US-CA,San Francisco,yes
SFS,RPLB,large_airport,Subic Bay International Airport / Naval Air Station Cubi Point,14.794833,120.271883,PH,PH-ZMB,Olongapo,yes
SFT,ESNS,medium_airport,Skellefteå Airport,64.62480163574219,21.076900482177734,SE,SE-AC,Skellefteå,yes
SGC,USRR,large_airport,Surgut International Airport,61.340501,73.405782,RU,RU-KHM,Surgut,yes
SGD,EKSB,medium_airport,Sønderborg Airport,54.96440124511719,9.791729927062988,DK,DK-83,Sønderborg,yes
SGE,EDGS,medium_airport,Siegerland Airport,50.707699,8.08297,DE,DE-NW,Burbach,no
SGF,KSGF,medium_airport,Springfield Branson National Airport,37.245047,-93.388596,US,US-MO,Springfield,yes
SGH,KSGH,medium_airport,Springfield-Beckley Municipal Airport,39.840301513672,-83.840202331543,US,US-OH,Springfield,no
SGI,OPSR,medium_airport,Mushaf Air Base,32.04859924316406,72.66500091552734,PK,PK-PB,Sargodha,no
SGL,RPLS,medium_airport,Danilo Atienza Air Base,14.4954,120.903999,PH,PH-CAV,Cavite,no
SGN,VVTS,large_airport,Tan Son Nhat International Airport,10.8188,106.652,VN,VN-SE,Ho Chi Minh City,yes
SGR,KSGR,medium_airport,Sugar Land Regional Airport,29.622299194336,-95.65650177002,US,US-TX,Houston,no
SGU,KSGU,medium_airport,St George Regional Airport,37.036389,-113.510306,US,US-UT,St George,yes
SGZ,VTSH,medium_airport,Songkhla Airport,7.186560153961182,100.60800170898438,TH,TH-90,,no
SHA,ZSSS,large_airport,Shanghai Hongqiao International Airport,31.198104,121.33426,CN,CN-31,Shanghai (Minhang),yes
SHB,RJCN,medium_airport,Nakashibetsu Airport,43.5774993896,144.960006714,JP,JP-01,Nakashibetsu,yes
SHD,KSHD,medium_airport,Shenandoah Valley Regional Airport,38.263802,-78.8964,US,US-VA,Weyers Cave,yes
SHE,ZYTX,large_airport,Shenyang Taoxian International Airport,41.6398,123.483668,CN,CN-21,Shenyang,yes
SHI,RORS,medium_airport,Shimojishima Airport,24.8267,125.144997,JP,JP-47,Miyakojima,yes
SHJ,OMSJ,large_airport,Sharjah International Airport,25.3286,55.5172,AE,AE-SH,Sharjah,yes
SHL,VEBI,medium_airport,Shillong Airport,25.70359992980957,91.97869873046875,IN,IN-ML,Shillong,yes
SHM,RJBD,medium_airport,Nanki Shirahama Airport,33.6622009277,135.363998413,JP,JP-30,Shirahama,yes
SHO,FDSK,large_airport,King Mswati III International Airport,-26.358611,31.716944,SZ,SZ-LU,Mpaka,yes
SHR,KSHR,medium_airport,Sheridan County Airport,44.76919937133789,-106.9800033569336,US,US-WY,Sheridan,yes
SHS,ZHJZ,medium_airport,Jingzhou Shashi Airport,30.29281,112.44854,CN,CN-42,Jingzhou (Shashi),yes
SHT,YSHT,medium_airport,Shepparton Airport,-36.428341,145.391473,AU,AU-VIC,,no
SHV,KSHV,medium_airport,Shreveport Regional Airport,32.444747,-93.826741,US,US-LA,Shreveport,yes
SHW,OESH,medium_airport,Sharurah Domestic Airport,17.4669,47.121399,SA,SA-10,Sharurah,yes
SIA,ZLSN,medium_airport,Xi'an Xiguan Airport,34.376701,109.120003,CN,CN-61,Xi'an (Baqiao),no
SID,GVAC,large_airport,Amílcar Cabral International Airport,16.7414,-22.9494,CV,CV-B,Espargos,yes
SIG,TJIG,medium_airport,Fernando Luis Ribas Dominicci Airport,18.45680046081543,-66.09809875488281,PR,PR-U-A,San Juan,yes
SIJ,BISI,medium_airport,Siglufjörður Airport,66.137847,-18.908157,IS,IS-6,Siglufjörður,no
SIN,WSSS,large_airport,Singapore Changi Airport,1.35019,103.994003,SG,SG-04,Singapore,yes
SIO,YSMI,medium_airport,Smithton Airport,-40.834999084472656,145.08399963378906,AU,AU-TAS,,no
SIP,UKFF,large_airport,Simferopol International Airport,45.0522,33.975101,UA,UA-43,Simferopol,no
SIR,LSGS,medium_airport,Sion Airport,46.219166,7.326944,CH,CH-VS,Sion,no
SIS,FASS,medium_airport,Sishen Airport,-27.6486,22.9993,ZA,ZA-NC,Sishen,yes
SIT,PASI,medium_airport,Sitka Rocky Gutierrez Airport,57.04710006713867,-135.36199951171875,US,US-AK,Sitka,yes
SJC,KSJC,large_airport,Mineta San Jose International Airport,37.362452,-121.929188,US,US-CA,San Jose,yes
SJD,MMSD,large_airport,Los Cabos International Airport,23.151919,-109.720731,MX,MX-BCS,San José del Cabo,yes
SJE,SKSJ,medium_airport,Jorge E. Gonzalez Torres Airport,2.57969,-72.6394,CO,CO-GUV,San José Del Guaviare,yes
SJI,RPUH,medium_airport,San Jose Airport,12.361499786399998,121.04699707,PH,PH-MDC,San Jose,yes
SJJ,LQSA,large_airport,Sarajevo International Airport,43.8246,18.331499,BA,BA-BIH,Sarajevo,yes
SJK,SBSJ,medium_airport,Professor Urbano Ernesto Stumpf Airport,-23.2292,-45.8615,BR,BR-SP,São José Dos Campos,yes
SJL,SBUA,medium_airport,São Gabriel da Cachoeira Airport,-0.14835,-66.9855,BR,BR-AM,São Gabriel da Cachoeira,yes
SJO,MROC,large_airport,Juan Santamaría International Airport,9.99386,-84.208801,CR,CR-A,San José (Alajuela),yes
SJP,SBSR,medium_airport,Prof. Eribelto Manoel Reino State Airport,-20.817113,-49.406963,BR,BR-SP,São José do Rio Preto,yes
SJT,KSJT,medium_airport,San Angelo Regional Mathis Field,31.35770034790039,-100.49600219726562,US,US-TX,San Angelo,yes
SJU,TJSJ,large_airport,Luis Munoz Marin International Airport,18.4394,-66.001801,PR,PR-U-A,San Juan,yes
SJW,ZBSJ,large_airport,Shijiazhuang Zhengding International Airport,38.280701,114.696999,CN,CN-13,Shijiazhuang,yes
SJX,BZ-SJX,medium_airport,Sartaneja Airport,18.3561,-88.130798,BZ,BZ-CZL,Sartaneja,no
SJY,EFSI,medium_airport,Seinäjoki Airport,62.692101,22.8323,FI,FI-03,Seinäjoki / Ilmajoki,no
SJZ,LPSJ,medium_airport,São Jorge Airport,38.665501,-28.1758,PT,PT-20,Velas,yes
SKA,KSKA,medium_airport,Fairchild Air Force Base,47.615101,-117.655998,US,US-WA,Spokane,no
SKB,TKPK,large_airport,Robert L. Bradshaw International Airport,17.310845,-62.719117,KN,KN-U-A,Basseterre,yes
SKD,UTSS,large_airport,Samarkand International Airport,39.701842,66.981467,UZ,UZ-SA,Samarkand,yes
SKF,KSKF,medium_airport,Lackland Air Force Base,29.38419914,-98.58110046,US,US-TX,San Antonio,no
SKG,LGTS,large_airport,Thessaloniki Macedonia International Airport,40.51928,22.970009,GR,GR-B,Thessaloniki,yes
SKN,ENSK,medium_airport,"Stokmarknes Airport, Skagen",68.578827,15.033417,NO,NO-18,Hadsel,yes
SKO,DNSO,large_airport,Sadiq Abubakar III International Airport,12.915729,5.207547,NG,NG-SO,Sokoto,yes
SKP,LWSK,large_airport,Skopje International Airport,41.958087,21.622581,MK,MK-008,Ilinden,yes
SKS,EKSP,medium_airport,Skrydstrup Air Base,55.221048,9.26702,DK,DK-83,Vojens,no
SKT,OPST,large_airport,Sialkot International Airport,32.535941,74.364623,PK,PK-PB,Sialkot,yes
SKV,HESC,medium_airport,Saint Catherine International Airport,28.684292,34.064409,EG,EG-JS,Saint Catherine,no
SKX,UWPS,large_airport,Saransk International Airport,54.12513,45.212257,RU,RU-MO,Saransk,yes
SKZ,OPSK,medium_airport,Begum Nusrat Bhutto International Airport Sukkur,27.722,68.791702,PK,PK-SD,Sukkur,yes
SLA,SASA,large_airport,Martín Miguel de Güemes International Airport,-24.856001,-65.486198,AR,AR-A,Salta,yes
SLC,KSLC,large_airport,Salt Lake City International Airport,40.78886,-111.979866,US,US-UT,Salt Lake City,yes
SLD,LZSL,medium_airport,Sliač Airport,48.63779830932617,19.13409996032715,SK,SK-BC,Sliač,yes
SLE,KSLE,medium_airport,Salem-Willamette Valley Airport/McNary Field,44.9095,-123.002998,US,US-OR,Salem,yes
SLK,KSLK,medium_airport,Adirondack Regional Airport,44.38691,-74.204629,US,US-NY,Saranac Lake,yes
SLL,OOSA,large_airport,Salalah International Airport,17.0387,54.091301,OM,OM-ZU,Salalah,yes
SLM,LESA,medium_airport,Salamanca Airport,40.952099,-5.50199,ES,ES-CL,Salamanca,yes
SLN,KSLN,medium_airport,Salina Municipal Airport,38.79100036621094,-97.6521987915039,US,US-KS,Salina,yes
SLP,MMSP,medium_airport,Ponciano Arriaga International Airport,22.262026,-100.935692,MX,MX-SLP,San Luis Potosí,yes
SLU,TLPC,medium_airport,George F. L. Charles Airport,14.0202,-60.992901,LC,LC-02,Castries,yes
SLW,MMIO,medium_airport,Plan de Guadalupe International Airport,25.53786,-100.928346,MX,MX-COA,Saltillo,yes
SLY,USDD,medium_airport,Salekhard Airport,66.5907974243164,66.61100006103516,RU,RU-YAN,Salekhard,yes
SLZ,SBSL,large_airport,Marechal Cunha Machado International Airport,-2.586386,-44.235008,BR,BR-MA,São Luís,yes
SMA,LPAZ,medium_airport,Santa Maria Airport,36.97140121459961,-25.17060089111328,PT,PT-20,Vila do Porto,yes
SME,KSME,medium_airport,Lake Cumberland Regional Airport,37.053398132299996,-84.6158981323,US,US-KY,Somerset,no
SMF,KSMF,large_airport,Sacramento International Airport,38.6954,-121.591003,US,US-CA,Sacramento,yes
SMI,LGSM,medium_airport,Samos Airport,37.689999,26.911699,GR,GR-K,Samos Island,yes
SML,MYLS,medium_airport,Stella Maris Airport,23.582317,-75.268621,BS,BS-LI,Stella Maris,yes
SMN,KSMN,medium_airport,Lemhi County Airport,45.122233,-113.88196,US,US-ID,Salmon,yes
SMO,KSMO,medium_airport,Santa Monica Municipal Airport,34.0158,-118.450996,US,US-CA,Santa Monica,no
SMR,SKSM,medium_airport,Simón Bolívar International Airport,11.1196,-74.2306,CO,CO-MAG,Santa Marta,yes
SMS,FMMS,medium_airport,Sainte Marie Airport,-17.093901,49.8158,MG,MG-A,Vohilava,yes
SMV,LSZS,medium_airport,Engadin Airport,46.5341,9.88411,CH,CH-GR,Samedan,no
SMW,GMMA,medium_airport,Smara Airport,26.731987,-11.683655,EH,EH-U-A,Smara,yes
SMX,KSMX,medium_airport,Santa Maria Public Airport Captain G Allan Hancock Field,34.898899,-120.457001,US,US-CA,Santa Maria,yes
SNA,KSNA,large_airport,John Wayne Orange County International Airport,33.675063,-117.869281,US,US-CA,Santa Ana,yes
SNB,YSNB,medium_airport,Snake Bay Airport,-11.417674,130.648481,AU,AU-NT,Milikapiti,yes
SNC,SESA,large_airport,General Ulpiano Paez International Airport,-2.210057,-80.985067,EC,EC-25,Salinas/La Libertad,yes
SNE,GVSN,medium_airport,Preguiça Airport,16.588852,-24.284132,CV,CV-B,Preguiça,yes
SNF,SVSP,medium_airport,Sub Teniente Nestor Arias Airport,10.2787,-68.755203,VE,VE-U,San Felipe,no
SNI,GLGE,medium_airport,Greenville/Sinoe Airport,5.032124,-9.064236,LR,LR-SI,Greenville,no
SNJ,MUSJ,medium_airport,San Julián Air Base,22.100525,-84.157376,CU,CU-01,Sandino,no
SNN,EINN,large_airport,Shannon Airport,52.702,-8.92482,IE,IE-CE,Shannon,yes
SNO,VTUI,medium_airport,Sakon Nakhon Airport,17.195100784301758,104.11900329589844,TH,TH-47,,yes
SNP,PASN,medium_airport,St Paul Island Airport,57.166311,-170.222555,US,US-AK,St Paul Island,yes
SNR,LFRZ,medium_airport,Saint-Nazaire-Montoir Airport,47.31142,-2.152634,FR,FR-PDL,Saint-Nazaire/Montoir,no
SNS,KSNS,medium_airport,Salinas Municipal Airport,36.662799835205,-121.60600280762,US,US-CA,Salinas,no
SNU,MUSC,large_airport,Abel Santamaria International Airport,22.492215,-79.943119,CU,CU-05,Santa Clara,yes
SNV,SVSE,medium_airport,Santa Elena de Uairén Airport,4.554699,-61.145234,VE,VE-F,Santa Elena de Uairén,yes
SNW,VYTD,medium_airport,Thandwe Airport,18.4606990814209,94.30010223388672,MM,MM-16,Thandwe,yes
SNY,KSNY,medium_airport,Sidney Municipal Airport Lloyd W Carr Field,41.101299,-102.985001,US,US-NE,Sidney,no
SNZ,SBSC,medium_airport,Santa Cruz Air Force Base,-22.9324,-43.719101,BR,BR-RJ,Rio de Janeiro,no
SOB,LHSM,medium_airport,Hévíz–Balaton Airport,46.686391,17.159084,HU,HU-ZA,Sármellék,yes
SOC,WARQ,large_airport,Adisoemarmo International Airport,-7.516044,110.757492,ID,ID-JT,Surakarta,yes
SOF,LBSF,large_airport,Sofia Airport,42.696357,23.417671,BG,BG-22,Sofia,yes
SOJ,ENSR,medium_airport,Sørkjosen Airport,69.786797,20.9594,NO,NO-55,Sørkjosen,yes
SOM,SVST,medium_airport,San Tomé Airport,8.9451465606689,-64.151084899902,VE,VE-B,El Tigre,yes
SON,NVSS,medium_airport,Santo Pekoa International Airport,-15.505000114399998,167.220001221,VU,VU-SAM,Luganville,yes
SOO,ESNY,medium_airport,Söderhamn Airport,61.261501,17.0991,SE,SE-X,Söderhamn,no
SOQ,WASS,medium_airport,Domine Eduard Osok Airport,-0.894,131.287,ID,ID-PB,Sorong,yes
SOT,EFSO,medium_airport,Sodankyla Airport,67.3949966431,26.6191005707,FI,FI-10,Sodankyla,no
SOU,EGHI,medium_airport,Southampton Airport,50.950298,-1.3568,GB,GB-ENG,Southampton,yes
SOW,KSOW,medium_airport,Show Low Regional Airport,34.264062,-110.007091,US,US-AZ,Show Low,yes
SOZ,LFKS,medium_airport,Solenzara (BA 126) Air Base,41.9244,9.406,FR,FR-COR,Solenzara,no
SPC,GCLA,medium_airport,La Palma Airport,28.626499,-17.7556,ES,ES-CN,"Sta Cruz de la Palma, La Palma Island",yes
SPD,VGSD,medium_airport,Saidpur Airport,25.759199,88.908897,BD,BD-E,Saidpur,yes
SPI,KSPI,medium_airport,Abraham Lincoln Capital Airport,39.844101,-89.677902,US,US-IL,Springfield,yes
SPM,ETAD,medium_airport,Spangdahlem Air Base,49.976507,6.698413,DE,DE-RP,Trier,no
SPN,PGSN,medium_airport,Saipan International Airport,15.119384,145.728848,MP,MP-U-A,"I Fadang, Saipan",yes
SPP,FNME,medium_airport,Menongue Airport,-14.657600402832031,17.71980094909668,AO,AO-CCU,Menongue,yes
SPR,BZ-SPR,medium_airport,John Greif II Airport,17.9139,-87.9711,BZ,BZ-CY,San Pedro,yes
SPS,KSPS,medium_airport,Wichita Falls Municipal Airport / Sheppard Air Force Base,33.9888,-98.491898,US,US-TX,Wichita Falls,yes
SPU,LDSP,large_airport,Split Saint Jerome Airport,43.538898,16.298,HR,HR-17,Split,yes
SPX,HESX,large_airport,Sphinx International Airport,30.108179,30.895728,EG,EG-GZ,Al Jiza,yes
SPY,DISP,medium_airport,San Pedro Airport,4.74672,-6.66082,CI,CI-BS,,yes
SQD,ZSSR,medium_airport,Shangrao Sanqingshan Airport,28.3797,117.9643,CN,CN-36,Shangrao (Hengfeng),yes
SQG,WIOS,medium_airport,Tebelian Airport,-0.045214,111.458049,ID,ID-KB,Sintang,yes
SQJ,ZSSM,medium_airport,Sanming Shaxian Airport,26.4263,117.8336,CN,CN-35,Sanming (Sha),yes
SQL,KSQL,medium_airport,San Carlos Airport,37.51313,-122.250838,US,US-CA,San Carlos,yes
SQO,ESUD,medium_airport,Storuman Airport,64.960899,17.6966,SE,SE-AC,Storuman,no
SQQ,EYSA,medium_airport,Šiauliai International Airport,55.89390182495117,23.395000457763672,LT,LT-SA,Šiauliai,no
SQW,EKSV,medium_airport,Skive Airport,56.550201,9.17298,DK,DK-82,Skive,no
SRE,SLAL,large_airport,Alcantarí International Airport,-19.246835,-65.149611,BO,BO-H,Sucre,yes
SRG,WARS,large_airport,Jenderal Ahmad Yani Airport,-6.970732,110.373244,ID,ID-JT,Semarang,yes
SRP,ENSO,medium_airport,"Stord Airport, Sørstokken",59.791901,5.34085,NO,NO-46,Leirvik,yes
SRQ,KSRQ,large_airport,Sarasota Bradenton International Airport,27.394631,-82.554359,US,US-FL,Sarasota/Bradenton,yes
SRT,HUSO,medium_airport,Soroti Airport,1.7276899814605713,33.622798919677734,UG,UG-E,Soroti,yes
SRX,HLGD,large_airport,Sirt International Airport / Ghardabiya Airbase,31.058578,16.597095,LY,LY-SR,Sirt,no
SRY,OINZ,medium_airport,Sari Dasht-e Naz International Airport,36.644408,53.188761,IR,IR-02,Sari,yes
SRZ,SLET,medium_airport,El Trompillo Airport,-17.8115997314,-63.1715011597,BO,BO-S,Santa Cruz,yes
SSA,SBSV,large_airport,Deputado Luiz Eduardo Magalhães International Airport,-12.908611,-38.322498,BR,BR-BA,Salvador,yes
SSC,KSSC,medium_airport,Shaw Air Force Base,33.972698,-80.470596,US,US-SC,Sumter,no
SSE,VASL,medium_airport,Solapur Airport,17.6280002594,75.93479919430001,IN,IN-MM,Solapur,no
SSF,KSSF,medium_airport,Stinson Municipal Airport,29.336999893188,-98.471099853516,US,US-TX,San Antonio,no
SSG,FGSL,large_airport,Malabo International Airport,3.75527,8.70872,GQ,GQ-BN,Malabo,yes
SSH,HESH,large_airport,Sharm El Sheikh International Airport,27.977272,34.394717,EG,EG-JS,Sharm El Sheikh,yes
SSI,KSSI,medium_airport,St Simons Island Airport,31.1518,-81.391296,US,US-GA,St Simons Island,no
SSJ,ENST,medium_airport,"Sandnessjøen Airport, Stokka",65.956802,12.4689,NO,NO-18,Alstahaug,yes
SSN,RKSM,medium_airport,Seoul Air Base (K-16),37.444744,127.112718,KR,KR-41,Seongnam,no
SST,SAZL,medium_airport,Santa Teresita Airport,-36.5423,-56.7218,AR,AR-B,Santa Teresita,yes
SSY,FNBC,medium_airport,Mbanza Congo Airport,-6.269899845123291,14.246999740600586,AO,AO-ZAI,Mbanza Congo,yes
SSZ,SBST,medium_airport,Santos Nero Moura Air Base / Guarujá Airport,-23.928192,-46.300195,BR,BR-SP,Guarujá,no
STA,EKVJ,medium_airport,Stauning Vestjylland  Airport,55.990101,8.35391,DK,DK-82,Skjern,no
STB,SVSZ,medium_airport,Miguel Urdaneta Fernández Airport,8.97455,-71.943253,VE,VE-V,San Carlos del Zulia,no
STC,KSTC,medium_airport,Saint Cloud Regional Airport,45.5466,-94.059898,US,US-MN,Saint Cloud,yes
STD,SVSO,medium_airport,Mayor Buenaventura Vivas International Airport,7.56538,-72.035103,VE,VE-S,Santo Domingo,yes
STG,PAPB,medium_airport,St George Airport,56.577345,-169.663823,US,US-AK,St George,yes
STI,MDST,large_airport,Cibao International Airport,19.40406,-70.604431,DO,DO-25,Santiago,yes
STJ,KSTJ,medium_airport,Rosecrans Memorial Airport,39.771900177002,-94.909698486328,US,US-MO,St Joseph,no
STL,KSTL,large_airport,St. Louis Lambert International Airport,38.748697,-90.370003,US,US-MO,St Louis,yes
STM,SBSN,medium_airport,Santarém - Maestro Wilson Fonseca International Airport,-2.422423,-54.79306,BR,BR-PA,Santarém,yes
STN,EGSS,large_airport,London Stansted Airport,51.884998,0.235,GB,GB-ENG,"London, Essex",yes
STP,KSTP,medium_airport,Saint Paul Downtown Holman Field,44.93479,-93.060036,US,US-MN,Saint Paul,no
STR,EDDS,large_airport,Stuttgart Airport,48.689899,9.22196,DE,DE-BW,Stuttgart,yes
STS,KSTS,medium_airport,Charles M. Schulz Sonoma County Airport,38.50899887,-122.8130035,US,US-CA,Santa Rosa,yes
STT,TIST,large_airport,Cyril E. King Airport,18.337091,-64.977251,VI,VI-ST,Charlotte Amalie,yes
STV,VASU,large_airport,Surat International Airport,21.115531,72.743251,IN,IN-GJ,Surat,yes
STW,URMT,medium_airport,Stavropol Shpakovskoye Airport,45.10919952392578,42.11280059814453,RU,RU-STA,Stavropol,yes
STX,TISX,medium_airport,Henry E. Rohlsen Airport,17.701413,-64.802608,VI,VI-SC,Christiansted,yes
STY,SUSO,medium_airport,Nueva Hesperides International Airport,-31.438499,-57.985298,UY,UY-SA,Salto,no
SUB,WARR,large_airport,Juanda International Airport,-7.37983,112.787003,ID,ID-JI,Surabaya,yes
SUF,LICA,large_airport,Lamezia Terme Sant'Eufemia International Airport,38.906214,16.246007,IT,IT-78,Lamezia Terme (CZ),yes
SUG,RPMS,medium_airport,Surigao Airport,9.755838325629998,125.480947495,PH,PH-SUN,Surigao City,yes
SUI,UGSS,large_airport,Vladislav Ardzinba Sukhum International Airport,42.8582,41.128101,GE,GE-AB,Sukhumi,yes
SUJ,LRSM,medium_airport,Satu Mare International Airport,47.7033,22.8857,RO,RO-SM,Satu Mare,yes
SUL,OPSU,medium_airport,Sui Airport,28.645099639892578,69.1769027709961,PK,PK-BA,Sui,no
SUN,KSUN,medium_airport,Friedman Memorial Airport,43.50439835,-114.2959976,US,US-ID,Hailey,yes
SUS,KSUS,medium_airport,Spirit of St Louis Airport,38.662102,-90.652,US,US-MO,St Louis,no
SUU,KSUU,medium_airport,Travis Air Force Base,38.262699,-121.927002,US,US-CA,Fairfield,no
SUV,NFNA,large_airport,Nausori International Airport,-18.044226,178.561486,FJ,FJ-C,Nausori,yes
SUX,KSUX,medium_airport,Sioux Gateway Airport / Brigadier General Bud Day Field,42.397605,-96.382237,US,US-IA,Sioux City,yes
SVA,PASA,medium_airport,Savoonga Airport,63.686401,-170.492996,US,US-AK,Savoonga,yes
SVB,FMNS,medium_airport,Sambava Airport,-14.2786,50.174702,MG,MG-D,Sambava,yes
SVC,KSVC,medium_airport,Grant County Airport,32.636701,-108.154736,US,US-NM,Silver City,yes
SVD,TVSA,large_airport,Argyle International Airport,13.159725,-61.148801,VC,VC-04,Kingstown,yes
SVG,ENZV,large_airport,"Stavanger Airport, Sola",58.876701,5.63778,NO,NO-11,Stavanger,yes
SVI,SKSV,medium_airport,Eduardo Falla Solano Airport,2.15217,-74.7663,CO,CO-CAQ,San Vicente Del Caguán,yes
SVJ,ENSH,medium_airport,"Svolvær Airport, Helle",68.243301,14.6692,NO,NO-18,Svolvær,yes
SVL,EFSA,medium_airport,Savonlinna Airport,61.9431,28.945101,FI,FI-04,Savonlinna,yes
SVN,KSVN,medium_airport,Hunter Army Air Field,32.00999832,-81.14569855,US,US-GA,Savannah,no
SVO,UUEE,large_airport,Sheremetyevo International Airport,55.976858,37.41121,RU,RU-MOS,Moscow,yes
SVP,FNKU,medium_airport,Kuito Airport,-12.404600143433,16.947399139404,AO,AO-BIE,Kuito,no
SVQ,LEZL,large_airport,Seville Airport,37.417999,-5.89311,ES,ES-AN,Seville,yes
SVW,PASV,medium_airport,Sparrevohn LRRS Airport,61.09740067,-155.5740051,US,US-AK,Sparrevohn,no
SVX,USSS,large_airport,Koltsovo Airport,56.743099212646,60.802700042725,RU,RU-SVE,Yekaterinburg,yes
SVZ,SVSA,medium_airport,Juan Vicente Gómez International Airport,7.840809,-72.439878,VE,VE-S,San Antonio del Tachira,yes
SWA,ZGOW,large_airport,Jieyang Chaoshan International Airport,23.552,116.5033,CN,CN-44,Jieyang (Rongcheng),yes
SWC,YSWL,medium_airport,Stawell Airport,-37.07170104980469,142.74099731445312,AU,AU-VIC,,no
SWD,PAWD,medium_airport,Seward Airport,60.130478,-149.418612,US,US-AK,Seward,no
SWF,KSWF,medium_airport,New York Stewart International Airport,41.50421,-74.108901,US,US-NY,Newburgh,yes
SWH,YSWH,medium_airport,Swan Hill Airport,-35.37580108642578,143.5330047607422,AU,AU-VIC,,no
SWO,KSWO,medium_airport,Stillwater Regional Airport,36.162132,-97.085581,US,US-OK,Stillwater,yes
SWS,EGFH,medium_airport,Swansea Airport,51.601366,-4.071006,GB,GB-WLS,Swansea,no
SWT,UNSS,medium_airport,Strezhevoy Airport,60.7094,77.660004,RU,RU-TOM,Strezhevoy,no
SWU,RKSW,medium_airport,Suwon Airport,37.239399,127.007004,KR,KR-41,Suwon,no
SWV,UHMW,medium_airport,Severo-Evensk Airport,61.921786,159.229059,RU,RU-MAG,Evensk,no
SXB,LFST,large_airport,Strasbourg Airport,48.5383,7.62823,FR,FR-GES,Strasbourg,yes
SXE,YWSL,medium_airport,West Sale Airport,-38.090827,146.965335,AU,AU-VIC,Sale,no
SXI,OIBS,medium_airport,Siri Airport,25.908899,54.539398,IR,IR-22,Siri,no
SXJ,ZWSS,medium_airport,Shanshan Airport,42.911701,90.247498,CN,CN-65,Shanshan,no
SXL,EISG,medium_airport,Sligo Airport,54.280200958252,-8.5992097854614,IE,IE-SO,Sligo,no
SXM,TNCM,large_airport,Princess Juliana International Airport,18.041,-63.108898,SX,SX-U-A,Sint Maarten,yes
SXN,FBSN,medium_airport,Sua Pan Airport,-20.5534,26.115801,BW,BW-ST,Sowa,no
SXQ,PASX,medium_airport,Soldotna Airport,60.474935,-151.038471,US,US-AK,Soldotna,no
SXR,VISR,large_airport,Srinagar International Airport,33.987099,74.7742,IN,IN-JK,Srinagar,yes
SXV,VOSM,medium_airport,Salem Airport,11.78330039978,78.06559753418,IN,IN-TN,Salem,no
SXZ,LTCL,medium_airport,Siirt Airport,37.97890090942383,41.84040069580078,TR,TR-56,Siirt,no
SYA,PASY,medium_airport,Eareckson Air Station,52.71229935,174.1139984,US,US-AK,Shemya,no
SYD,YSSY,large_airport,Sydney Kingsford Smith International Airport,-33.946098,151.177002,AU,AU-NSW,Sydney (Mascot),yes
SYJ,OIKY,medium_airport,Sirjan Airport,29.5509,55.672699,IR,IR-08,Sirjan,no
SYO,RJSY,medium_airport,Shonai Airport,38.812199,139.787003,JP,JP-06,Shonai,yes
SYP,MPSA,medium_airport,Ruben Cantu Airport,8.085599899291992,-80.94529724121094,PA,PA-9,Santiago,no
SYQ,MRPV,medium_airport,Tobías Bolaños International Airport,9.95705,-84.139801,CR,CR-SJ,San Jose,yes
SYR,KSYR,large_airport,Syracuse Hancock International Airport,43.11119842529297,-76.1063003540039,US,US-NY,Syracuse,yes
SYS,UERS,medium_airport,Saskylakh Airport,71.927902,114.080002,RU,RU-SA,Saskylakh,yes
SYT,LFLN,medium_airport,Saint-Yan Airport,46.414019,4.014177,FR,FR-BFC,"L'Hôpital-le-Mercier, Saône-et-Loire",no
SYW,OPSN,medium_airport,Sehwan Sharif Airport,26.473101,67.717201,PK,PK-SD,Sehwan Sharif,no
SYX,ZJSY,large_airport,Sanya Phoenix International Airport,18.3029,109.412003,CN,CN-46,Sanya (Tianya),yes
SYY,EGPO,medium_airport,Stornoway Airport,58.215599,-6.33111,GB,GB-SCT,"Stornoway, Western Isles",yes
SYZ,OISS,large_airport,Shiraz Shahid Dastghaib International Airport,29.5392,52.589802,IR,IR-07,Shiraz,yes
SZA,FNSO,medium_airport,Soyo Airport,-6.141089916229248,12.371800422668457,AO,AO-ZAI,Soyo,yes
SZB,WMSA,large_airport,Sultan Abdul Aziz Shah International Airport,3.13058,101.549004,MY,MY-10,Subang,yes
SZF,LTFH,medium_airport,Samsun-Çarşamba Airport,41.253988,36.567546,TR,TR-55,Samsun,yes
SZG,LOWS,large_airport,Salzburg Airport,47.793301,13.0043,AT,AT-5,Salzburg,yes
SZH,ZBSG,medium_airport,Shuozhou Zirun Airport,39.273241,112.691552,CN,CN-14,Shuozhou,yes
SZJ,MUSN,medium_airport,Siguanea Airport,21.6425,-82.955101,CU,CU-99,Isla de la Juventud,no
SZK,FASZ,medium_airport,Skukuza Airport,-24.96085,31.588587,ZA,ZA-MP,Skukuza,yes
SZL,KSZL,medium_airport,Whiteman Air Force Base,38.730301,-93.547897,US,US-MO,Knob Noster,no
SZV,ZSSZ,medium_airport,Suzhou Guangfu Airport,31.2631,120.401001,CN,CN-32,Suzhou,no
SZX,ZGSZ,large_airport,Shenzhen Bao'an International Airport,22.639474,113.803262,CN,CN-44,Shenzhen,yes
SZY,EPSY,medium_airport,Olsztyn-Mazury Airport,53.481899,20.9377,PL,PL-WN,Szymany,yes
SZZ,EPSC,large_airport,Solidarity Szczecin–Goleniów Airport,53.584702,14.9022,PL,PL-ZP,Szczecin(Glewice),yes
TAB,TTCP,large_airport,A.N.R. Robinson International Airport,11.149571,-60.831298,TT,TT-TOB,Scarborough,yes
TAC,RPVA,medium_airport,Daniel Z. Romualdez Airport,11.227761,125.027783,PH,PH-LEY,Tacloban City,yes
TAE,RKTN,large_airport,Daegu International Airport,35.894394,128.656989,KR,KR-27,Daegu,yes
TAF,DAOL,medium_airport,Oran Tafraoui Airport,35.5424,-0.532278,DZ,DZ-31,Tafraoui,no
TAG,RPSP,large_airport,Bohol-Panglao International Airport,9.573045,123.770143,PH,PH-BOH,Panglao,yes
TAH,NVVW,medium_airport,Whitegrass Airport,-19.455099,169.223999,VU,VU-TAE,Tanna Island,yes
TAI,OYTZ,medium_airport,Taiz International Airport,13.686,44.139099,YE,YE-TA,Taiz,yes
TAK,RJOT,large_airport,Takamatsu Airport,34.214963,134.015454,JP,JP-37,Takamatsu,yes
TAM,MMTM,medium_airport,General Francisco Javier Mina International Airport,22.292622,-97.867058,MX,MX-TAM,Ciudad Madero,yes
TAO,ZSQD,large_airport,Qingdao Jiaodong International Airport,36.361953,120.088171,CN,CN-37,Qingdao (Jiaozhou),yes
TAP,MMTP,medium_airport,Tapachula International Airport,14.794549,-92.369871,MX,MX-CHP,Tapachula,yes
TAR,LIBG,medium_airport,Taranto-Grottaglie Marcello Arlotta Airport,40.517502,17.4032,IT,IT-75,Grottaglie,no
TAS,UTTT,large_airport,Tashkent International Airport,41.2579,69.281197,UZ,UZ-TO,Tashkent,yes
TAT,LZTT,medium_airport,Poprad-Tatry Airport,49.070994,20.241394,SK,SK-PV,Poprad,yes
TAY,EETU,medium_airport,Tartu Airport,58.307438,26.686473,EE,EE-7B,Tartu,yes
TAZ,UTAT,large_airport,Dashoguz International Airport,41.759853,59.836149,TM,TM-D,Daşoguz,yes
TBB,VVTH,medium_airport,Dong Tac Airport,13.0496,109.334,VN,VN-SCC,Tuy Hoa,yes
TBF,NGTE,medium_airport,Tabiteuea North Airport,-1.22447,174.776001,KI,KI-G,,no
TBH,RPVU,medium_airport,Tugdan Airport,12.3109998703,122.084999084,PH,PH-ROM,Tablas Island,yes
TBI,MYCB,medium_airport,New Bight Airport,24.3153,-75.452301,BS,BS-CI,Cat Island,yes
TBJ,DTKA,medium_airport,Tabarka-Aïn Draham International Airport,36.98,8.87694,TN,TN-32,Tabarka,yes
TBN,KTBN,medium_airport,Waynesville-St. Robert Regional Airport-Forney Field,37.7416,-92.140701,US,US-MO,Fort Leonard Wood,yes
TBP,SPME,medium_airport,Captain Pedro Canga Rodríguez International Airport,-3.552074,-80.381086,PE,PE-TUM,Tumbes,yes
TBS,UGTB,large_airport,Tbilisi International Airport,41.669201,44.9547,GE,GE-TB,Tbilisi,yes
TBT,SBTT,medium_airport,Tabatinga International Airport,-4.25567,-69.935799,BR,BR-AM,Tabatinga,yes
TBU,NFTF,large_airport,Fua'amotu International Airport,-21.241438,-175.149164,TO,TO-04,Nuku'alofa,yes
TBW,UUOT,medium_airport,Donskoye Airport,52.806099,41.4828,RU,RU-TAM,Tambov,no
TBZ,OITT,large_airport,Tabriz International Airport,38.1339,46.235001,IR,IR-03,Tabriz,yes
TCA,YTNK,medium_airport,Tennant Creek Airport,-19.6343994140625,134.18299865722656,AU,AU-NT,Tennant Creek,yes
TCB,MYAT,medium_airport,Treasure Cay Airport,26.745300293,-77.3912963867,BS,BS-CO,Treasure Cay,yes
TCC,KTCC,medium_airport,Tucumcari Municipal Airport,35.182800293,-103.602996826,US,US-NM,Tucumcari,no
TCE,LRTC,medium_airport,Tulcea Danube Delta Airport,45.0625,28.7143,RO,RO-TL,Mihail Kogălniceanu,no
TCL,KTCL,medium_airport,Tuscaloosa National Airport,33.2206,-87.611397,US,US-AL,Tuscaloosa,no
TCM,KTCM,medium_airport,McChord Air Force Base,47.137699,-122.475998,US,US-WA,Tacoma,no
TCO,SKCO,medium_airport,La Florida Airport,1.81442,-78.7492,CO,CO-NAR,Tumaco,yes
TCP,HETB,medium_airport,Taba International Airport,29.594496,34.775752,EG,EG-JS,Taba,yes
TCQ,SPTN,medium_airport,Coronel FAP Carlos Ciriani Santa Rosa International Airport,-18.053300857500002,-70.2758026123,PE,PE-TAC,Tacna,yes
TCS,KTCS,medium_airport,Truth or Consequences Municipal Airport,33.2369,-107.272003,US,US-NM,Truth or Consequences,no
TCX,OIMT,medium_airport,Tabas Airport,33.667801,56.8927,IR,IR-21,Tabas,no
TCZ,ZUTC,medium_airport,Tengchong Tuofeng Airport,24.938056,98.485833,CN,CN-53,Baoshan (Tengchong),yes
TDD,SLTR,medium_airport,Teniente Av. Jorge Henrich Arauz Airport,-14.8187,-64.917999,BO,BO-B,Trinidad,yes
TDG,RPMW,medium_airport,Tandag Airport,9.072002,126.17132,PH,PH-SUR,Tandag,no
TDK,UAAT,medium_airport,Taldykorgan Airport,45.12255,78.442758,KZ,KZ-JET,Taldykorgan,yes
TDL,SAZT,medium_airport,Héroes de Malvinas Airport,-37.234634,-59.228647,AR,AR-B,Tandil,no
TDX,VTBO,medium_airport,Trat Airport,12.2746,102.319,TH,TH-23,Laem Ngop,yes
TEA,MHTE,medium_airport,Tela Airport,15.7759,-87.4758,HN,HN-AT,Tela,no
TEB,KTEB,medium_airport,Teterboro Airport,40.850101,-74.060799,US,US-NJ,Teterboro,yes
TEC,SBTL,medium_airport,Telêmaco Borba Airport,-24.317801,-50.6516,BR,BR-PR,Telêmaco Borba,no
TED,EKTS,medium_airport,Thisted Airport,57.068802,8.70522,DK,DK-81,Thisted,no
TEE,DABS,medium_airport,Cheikh Larbi Tébessi Airport,35.4315986633,8.12071990967,DZ,DZ-12,Tébessi,yes
TEF,YTEF,medium_airport,Telfer Airport,-21.715,122.228996,AU,AU-WA,,no
TEM,YTEM,medium_airport,Temora Airport,-34.421398,147.511993,AU,AU-NSW,Temora,no
TEN,ZUTR,medium_airport,Tongren Fenghuang Airport,27.883333,109.308889,CN,CN-52,Tongren (Daxing),yes
TEQ,LTBU,medium_airport,Tekirdağ Çorlu Airport,41.138199,27.9191,TR,TR-59,Çorlu,yes
TER,LPLA,medium_airport,Lajes Airport,38.761799,-27.090799,PT,PT-20,Praia da Vitória,yes
TET,FQTT,large_airport,Tete Airport,-16.104799,33.640202,MZ,MZ-T,Tete,yes
TEU,NZMO,medium_airport,Manapouri Airport,-45.5331,167.649994,NZ,NZ-STL,,no
TEV,LETL,medium_airport,Teruel Airport,40.410269,-1.217366,ES,ES-AR,Teruel,no
TEX,KTEX,medium_airport,Telluride Regional Airport,37.9538,-107.907997,US,US-CO,Telluride,yes
TEZ,VETZ,medium_airport,Tezpur Airport,26.7091007232666,92.78469848632812,IN,IN-AS,,yes
TFF,SBTF,medium_airport,Tefé Airport,-3.38294,-64.724098,BR,BR-AM,Tefé,yes
TFN,GCXO,large_airport,Tenerife Norte-Ciudad de La Laguna Airport,28.482752,-16.341707,ES,ES-CN,Tenerife,yes
TFS,GCTS,large_airport,Tenerife Sur Airport,28.0445,-16.5725,ES,ES-CN,Tenerife,yes
TFU,ZUTF,large_airport,Chengdu Tianfu International Airport,30.31252,104.441284,CN,CN-51,Chengdu (Jianyang),yes
TGA,WSAT,medium_airport,Tengah Air Base,1.387561,103.708291,SG,SG-03,Western Water Catchment,no
TGD,LYPG,large_airport,Podgorica Airport / Podgorica Golubovci Airbase,42.359402,19.2519,ME,ME-16,Podgorica,yes
TGG,WMKN,medium_airport,Sultan Mahmud Airport,5.3826398849487305,103.10299682617188,MY,MY-11,Kuala Terengganu,yes
TGJ,NWWA,medium_airport,Tiga Airport,-21.096407,167.80379,NC,NC-01,Tiga,yes
TGK,URRT,medium_airport,Taganrog Yuzhny Airport,47.198333,38.849167,RU,RU-ROS,Taganrog,no
TGM,LRTM,medium_airport,Târgu Mureş Transilvania International Airport,46.467701,24.4125,RO,RO-MS,Recea,yes
TGN,YLTV,medium_airport,Latrobe Valley Airport,-38.211004,146.470817,AU,AU-VIC,Morwell,no
TGO,ZBTL,medium_airport,Tongliao Airport,43.556702,122.199997,CN,CN-15,Tongliao,yes
TGP,UNIP,medium_airport,Podkamennaya Tunguska Airport,61.589699,89.994003,RU,RU-KYA,Bor,no
TGR,DAUK,medium_airport,Touggourt Sidi Madhi Airport,33.067799,6.08867,DZ,DZ-55,Touggourt,yes
TGT,HTTG,medium_airport,Tanga Airport,-5.09236,39.071201,TZ,TZ-25,Tanga,yes
TGU,MHTG,medium_airport,Toncontín Airport,14.0609,-87.217201,HN,HN-FM,Tegucigalpa,yes
TGZ,MMTG,medium_airport,Angel Albino Corzo International Airport,16.561611,-93.025731,MX,MX-CHP,Tuxtla Gutiérrez,yes
THE,SBTE,medium_airport,Senador Petrônio Portela Airport,-5.06025,-42.823712,BR,BR-PI,Teresina,yes
THG,YTNG,medium_airport,Thangool Airport,-24.494863,150.577967,AU,AU-QLD,Biloela,yes
THL,VYTL,medium_airport,Tachileik Airport,20.483800888061523,99.9354019165039,MM,MM-17,Tachileik,yes
THN,ESGT,medium_airport,Trollhättan-Vänersborg Airport,58.31809997558594,12.345000267028809,SE,SE-Q,Trollhättan,yes
THQ,ZLTS,medium_airport,Tianshui Maijishan Airport,34.5601,105.860343,CN,CN-62,Tianshui (Maiji),yes
THR,OIII,large_airport,Mehrabad International Airport,35.689175,51.314392,IR,IR-23,Tehran,yes
THS,VTPO,medium_airport,Sukhothai Airport,17.238000869750977,99.81819915771484,TH,TH-64,,yes
THU,BGTL,medium_airport,Pituffik Space Base,76.53063,-68.700541,GL,GL-AV,Pituffik,no
THZ,DRRT,medium_airport,Tahoua Airport,14.8757,5.26536,NE,NE-5,Tahoua,no
TIA,LATI,large_airport,Tirana International Airport Mother Teresa,41.4147,19.7206,AL,AL-02,Rinas,yes
TID,DAOB,medium_airport,Abdelhafid Boussouf Bou Chekif Airport,35.341099,1.46315,DZ,DZ-14,Tiaret,no
TIF,OETF,large_airport,Taif International Airport,21.484739,40.544074,SA,SA-02,Taif,yes
TIH,NTGC,medium_airport,Tikehau Airport,-15.1196,-148.231003,PF,PF-U-A,Tuherahera,yes
TIJ,MMTJ,large_airport,General Abelardo L. Rodriguez International Airport,32.541043,-116.969976,MX,MX-BCN,Tijuana,yes
TIK,KTIK,medium_airport,Tinker Air Force Base,35.4147,-97.386597,US,US-OK,Oklahoma City,no
TIM,WABP,medium_airport,Mozes Kilangin Airport,-4.52978,136.887388,ID,ID-PT,Timika,yes
TIN,DAOF,medium_airport,Tindouf Airport,27.7003993988,-8.167099952700001,DZ,DZ-37,Tindouf,yes
TIQ,PGWT,medium_airport,Francisco Manglona Borja / Tinian International Airport,14.999207,145.619355,MP,MP-U-A,Tinian Island,yes
TIR,VOTP,large_airport,Tirupati International Airport,13.631988,79.539869,IN,IN-AP,Tirupati,yes
TIU,NZTU,medium_airport,Timaru Airport,-44.302799224853516,171.22500610351562,NZ,NZ-CAN,,yes
TIV,LYTV,medium_airport,Tivat Airport,42.404701,18.723301,ME,ME-19,Tivat,yes
TIW,KTIW,medium_airport,Tacoma Narrows Airport,47.267407,-122.577295,US,US-WA,Tacoma,yes
TIX,KTIX,medium_airport,Space Coast Regional Airport,28.514799118042,-80.799201965332,US,US-FL,Titusville,no
TJA,SLTJ,medium_airport,Capitan Oriel Lea Plaza Airport,-21.5557,-64.701302,BO,BO-T,Tarija,yes
TJG,WAON,medium_airport,Warukin Airport,-2.21656,115.435997,ID,ID-KS,Tanta-Tabalong,yes
TJH,RJBT,medium_airport,Konotori Tajima Airport,35.512798,134.787003,JP,JP-28,Toyooka,yes
TJI,MHTJ,medium_airport,Trujillo Airport,15.926599,-85.938573,HN,HN-CL,Trujillo,no
TJK,LTAW,medium_airport,Tokat Airport,40.32472,36.39056,TR,TR-60,Tokat,yes
TJM,USTR,large_airport,Roshchino International Airport,57.178984,65.327696,RU,RU-TYU,Tyumen,yes
TJU,UTDK,large_airport,Kulob International Airport,37.988098,69.805,TJ,TJ-KT,Kulob,yes
TKA,PATK,medium_airport,Talkeetna Airport,62.320499420166,-150.09399414062,US,US-AK,Talkeetna,no
TKC,FKKC,medium_airport,Tiko Airport,4.08919000626,9.360529899600001,CM,CM-SW,Tiko,no
TKD,DGTK,medium_airport,Takoradi Airport,4.896059989929199,-1.7747600078582764,GH,GH-WP,Sekondi-Takoradi,yes
TKF,KTRK,medium_airport,Truckee Tahoe Airport,39.318628,-120.140562,US,US-CA,Truckee,yes
TKG,WILL,medium_airport,Radin Inten II International Airport,-5.246803,105.182531,ID,ID-LA,Bandar Lampung,yes
TKH,VTPI,medium_airport,Takhli Royal Thai Air Force Base,15.2773,100.295998,TH,TH-60,Takhli,no
TKK,PTKK,large_airport,Chuuk International Airport,7.46187,151.843002,FM,FM-TRK,Weno Island,yes
TKN,RJKN,medium_airport,Tokunoshima Airport,27.836382,128.881356,JP,JP-46,Amagi,yes
TKP,NTGT,medium_airport,Takapoto Airport,-14.709500312805176,-145.24600219726562,PF,PF-U-A,,yes
TKS,RJOS,large_airport,Tokushima Awaodori Airport / JMSDF Tokushima Air Base,34.132559,134.607816,JP,JP-36,Tokushima,yes
TKT,VTPT,medium_airport,Tak Airport,16.896,99.253304,TH,TH-63,,no
TKU,EFTU,large_airport,Turku Airport,60.514099,22.2628,FI,FI-19,Turku,yes
TKX,NTKR,medium_airport,Takaroa Airport,-14.45580005645752,-145.02499389648438,PF,PF-U-A,,yes
TLC,MMTO,large_airport,Adolfo López Mateos International Airport,19.3369,-99.56583,MX,MX-MEX,Toluca,yes
TLE,FMST,medium_airport,Toliara Airport,-23.3834,43.7285,MG,MG-U,Toliara,yes
TLH,KTLH,medium_airport,Tallahassee International Airport,30.401209,-84.35433,US,US-FL,Tallahassee,yes
TLJ,PATL,medium_airport,Tatalina LRRS Airport,62.894401550299996,-155.977005005,US,US-AK,Takotna,no
TLL,EETN,large_airport,Lennart Meri Tallinn Airport,59.413246,24.83264,EE,EE-37,Tallinn,yes
TLM,DAON,large_airport,Zenata – Messali El Hadj Airport,35.012732,-1.457117,DZ,DZ-13,Zenata,yes
TLN,LFTH,medium_airport,Toulon-Hyères Airport,43.097301,6.14603,FR,FR-PAC,"Hyères, Var",yes
TLQ,ZWTL,medium_airport,Turpan Jiaohe Airport,43.0308,89.0987,CN,CN-65,Turpan,yes
TLS,LFBO,large_airport,Toulouse-Blagnac Airport,43.629101,1.36382,FR,FR-OCC,Toulouse/Blagnac,yes
TLV,LLBG,large_airport,Ben Gurion International Airport,32.011398,34.8867,IL,IL-M,Tel Aviv,yes
TLX,SCTL,medium_airport,Panguilemo Airport,-35.3778,-71.6017,CL,CL-ML,Talca,no
TMB,KTMB,medium_airport,Miami Executive Airport,25.6479,-80.4328,US,US-FL,Miami,no
TME,SKTM,medium_airport,Gustavo Vargas Airport,6.45108,-71.7603,CO,CO-ARA,Tame,yes
TMH,WAKT,medium_airport,Tanah Merah Airport,-6.09669,140.303521,ID,ID-PS,Tanah Merah,yes
TMJ,UTST,medium_airport,Termez Airport,37.287261,67.311869,UZ,UZ-SU,Termez,yes
TML,DGLE,large_airport,Yakubu Tali International Airport,9.553909,-0.86606,GH,GH-NP,Tamale,yes
TMM,FMMT,large_airport,Toamasina Ambalamanasy Airport,-18.113537,49.392262,MG,MG-A,Toamasina,yes
TMO,SVTM,medium_airport,Tumeremo Airport,7.24938,-61.52893,VE,VE-F,,no
TMP,EFTP,large_airport,Tampere-Pirkkala Airport,61.414101,23.604401,FI,FI-11,Tampere / Pirkkala,yes
TMR,DAAT,large_airport,Aguenar – Hadj Bey Akhamok Airport,22.810992,5.450832,DZ,DZ-11,Tamanrasset,yes
TMS,FPST,large_airport,São Tomé International Airport,0.378175,6.71215,ST,ST-01,São Tomé,yes
TMT,SBTB,medium_airport,Trombetas Airport,-1.4896,-56.396801,BR,BR-PA,Oriximiná,yes
TMW,YSTW,medium_airport,Tamworth Airport,-31.077898,150.845484,AU,AU-NSW,Tamworth,yes
TMX,DAUT,medium_airport,Timimoun Airport,29.237101,0.276033,DZ,DZ-54,Timimoun,yes
TNA,ZSJN,large_airport,Jinan Yaoqiang International Airport,36.857201,117.216003,CN,CN-37,Jinan (Licheng),yes
TND,MUTD,medium_airport,Alberto Delgado Airport,21.7883,-79.9972,CU,CU-07,Trinidad,yes
TNE,RJFG,medium_airport,New Tanegashima Airport,30.605100631699997,130.990997314,JP,JP-46,Tanegashima,yes
TNF,LFPN,medium_airport,Toussus-le-Noble Airport,48.7519,2.10619,FR,FR-IDF,"Toussus-le-Noble, Yvelines",no
TNG,GMTT,large_airport,Tangier Ibn Battuta Airport,35.731741,-5.921459,MA,MA-01,Tangier,yes
TNH,ZYTN,medium_airport,Tonghua Sanyuanpu Airport,42.048435,125.733963,CN,CN-22,Tonghua,yes
TNJ,WIDN,medium_airport,Raja Haji Fisabilillah International Airport,0.92397,104.53341,ID,ID-KR,Tanjung Pinang-Bintan Island,yes
TNN,RCNN,large_airport,Tainan International Airport / Tainan Air Base,22.950399,120.206001,TW,TW-TNN,Tainan (Rende),yes
TNR,FMMI,large_airport,Ivato International Airport,-18.7969,47.478802,MG,MG-T,Antananarivo,yes
TNW,SEJD,medium_airport,Jumandy Airport,-1.060185,-77.580525,EC,EC-N,Ahuano,no
TOD,WMBT,medium_airport,Tioman Airport,2.81818,104.160004,MY,MY-06,Tioman Island,yes
TOE,DTTZ,medium_airport,Tozeur Nefta International Airport,33.939701080322266,8.110560417175293,TN,TN-72,Tozeur,yes
TOF,UNTT,large_airport,Tomsk Kamov Airport,56.380299,85.208298,RU,RU-TOM,Tomsk,yes
TOI,KTOI,medium_airport,Troy Municipal Airport at N Kenneth Campbell Field,31.860399,-86.012101,US,US-AL,Troy,no
TOJ,LETO,medium_airport,Madrid–Torrejón Airport / Torrejón Air Base,40.487875,-3.456808,ES,ES-MD,Madrid,no
TOL,KTOL,medium_airport,Eugene F. Kranz Toledo Express Airport,41.5868,-83.8078,US,US-OH,Toledo,yes
TOM,GATB,large_airport,Tombouktou Airport,16.730499,-3.00758,ML,ML-7,Timbuktu,yes
TOP,KTOP,medium_airport,Philip Billard Municipal Airport,39.069899,-95.622606,US,US-KS,Topeka,no
TOQ,SCBE,medium_airport,Barriles Airport,-22.1411,-70.062897,CL,CL-AN,Tocopilla,no
TOS,ENTC,large_airport,Tromsø Airport,69.683296,18.9189,NO,NO-55,Tromsø,yes
TOU,NWWU,medium_airport,Touho Airport,-20.790127,165.259524,NC,NC-02,Touho,yes
TOY,RJNT,medium_airport,Toyama Kitokito Airport,36.648416,137.187359,JP,JP-16,Toyama,yes
TPA,KTPA,large_airport,Tampa International Airport,27.9755,-82.533203,US,US-FL,Tampa,yes
TPC,SETR,medium_airport,Tarapoa Airport,-0.122956,-76.337799,EC,EC-U,Tarapoa,no
TPE,RCTP,large_airport,Taiwan Taoyuan International Airport,25.0777,121.233002,TW,TW-TAO,Taoyuan,yes
TPH,KTPH,medium_airport,Tonopah Airport,38.06019974,-117.086998,US,US-NV,Tonopah,no
TPJ,VNTJ,medium_airport,Taplejung Airport,27.3509,87.69525,NP,NP-P1,Taplejung,yes
TPL,KTPL,medium_airport,Draughon Miller Central Texas Regional Airport,31.1525,-97.407799,US,US-TX,Temple,no
TPP,SPST,medium_airport,Cadete FAP Guillermo Del Castillo Paredes Airport,-6.508739948272705,-76.37319946289062,PE,PE-SAM,Tarapoto,yes
TPQ,MMEP,medium_airport,Amado Nervo National Airport,21.419833,-104.842472,MX,MX-NAY,Tepic,yes
TPS,LICT,medium_airport,Vincenzo Florio Airport Trapani-Birgi,37.9114,12.488,IT,IT-82,Trapani (TP),yes
TQD,ORAT,medium_airport,Al Taqaddum Air Base,33.33810043335,43.597099304199,IQ,IQ-AN,Al Habbaniyah,no
TQO,MMTL,large_airport,Felipe Carrillo Puerto International Airport Tulum,20.172098,-87.660272,MX,MX-ROO,Tulum,yes
TQS,SKTQ,medium_airport,Captain Ernesto Esguerra Cubides Air Base,0.7459,-75.234,CO,CO-CAQ,Tres Esquinas,no
TRA,RORT,medium_airport,Tarama Airport,24.653793,124.675453,JP,JP-47,Tarama,yes
TRC,MMTC,medium_airport,Francisco Sarabia Tinoco International Airport,25.562265,-103.404608,MX,MX-COA,Torreón,yes
TRD,ENVA,large_airport,"Trondheim Airport, Værnes",63.457802,10.924,NO,NO-50,Trondheim,yes
TRE,EGPU,medium_airport,Tiree Airport,56.499199,-6.86917,GB,GB-SCT,"Balemartine, Argyll and Bute",yes
TRF,ENTO,large_airport,"Sandefjord Airport, Torp",59.186699,10.2586,NO,NO-39,Sandefjord(Torp),yes
TRG,NZTG,medium_airport,Tauranga Airport,-37.67190170288086,176.1959991455078,NZ,NZ-BOP,Tauranga,yes
TRI,KTRI,medium_airport,Tri-Cities Regional TN/VA Airport,36.475201,-82.407401,US,US-TN,Blountville,yes
TRK,WALR,medium_airport,Juwata International Airport / Suharnoko Harbani AFB,3.325145,117.564169,ID,ID-KU,Tarakan,yes
TRM,KTRM,medium_airport,Jacqueline Cochran Regional Airport,33.62670135498,-116.16000366211,US,US-CA,Palm Springs,no
TRN,LIMF,large_airport,Turin Airport,45.200802,7.64963,IT,IT-21,Caselle Torinese (TO),yes
TRO,YTRE,medium_airport,Taree Airport,-31.888599,152.514008,AU,AU-NSW,Taree,no
TRQ,SBTK,medium_airport,Tarauacá Airport,-8.155534,-70.782985,BR,BR-AC,Tarauacá,no
TRR,VCCT,medium_airport,China Bay Airport,8.539159,81.18128,LK,LK-5,Trincomalee,yes
TRS,LIPQ,large_airport,Trieste Airport,45.827862,13.466672,IT,IT-36,Ronchi dei Legionari/Trieste,yes
TRT,WAFB,medium_airport,Toraja Airport,-3.184359,119.919104,ID,ID-SN,Toraja,yes
TRU,SPRU,large_airport,Capitán FAP Carlos Martínez de Pinillos International Airport,-8.082382,-79.108821,PE,PE-LAL,Trujillo,yes
TRV,VOTV,large_airport,Thiruvananthapuram International Airport,8.481889,76.920029,IN,IN-KL,Thiruvananthapuram,yes
TRW,NGTA,large_airport,Bonriki International Airport,1.38164,173.147003,KI,KI-G,South Tarawa,yes
TRZ,VOTR,large_airport,Tiruchirappalli International Airport,10.762915,78.717741,IN,IN-TN,Tiruchirappalli,yes
TSA,RCSS,large_airport,Taipei Songshan International Airport,25.067244,121.552822,TW,TW-TPE,Taipei (Songshan),yes
TSB,FYTM,medium_airport,Tsumeb Airport,-19.262079,17.732509,NA,NA-OT,Tsumeb,no
TSF,LIPH,large_airport,Treviso Airport,45.648399,12.1944,IT,IT-34,Treviso (TV),yes
TSJ,RJDT,medium_airport,Tsushima Airport,34.2849006653,129.330993652,JP,JP-42,Tsushima,yes
TSM,KSKX,medium_airport,Taos Regional Airport,36.452494,-105.67749,US,US-NM,Taos,yes
TSN,ZBTJ,large_airport,Tianjin Binhai International Airport,39.124401092499994,117.346000671,CN,CN-12,Tianjin,yes
TSR,LRTR,large_airport,Timișoara Traian Vuia International Airport,45.809898,21.3379,RO,RO-TM,Timişoara,yes
TST,VTST,medium_airport,Trang Airport,7.50874,99.6166,TH,TH-92,Trang,yes
TSV,YBTL,medium_airport,Townsville Airport / RAAF Base Townsville,-19.252904,146.766512,AU,AU-QLD,Townsville,yes
TTA,GMAT,medium_airport,Tan Tan Airport,28.447563,-11.161749,MA,MA-10,Tan Tan,yes
TTC,SCTT,medium_airport,Las Breas Airport,-25.564301,-70.3759,CL,CL-AN,Taltal,no
TTD,KTTD,medium_airport,Portland Troutdale Airport,45.54940032959,-122.40100097656,US,US-OR,Portland,no
TTE,WAEE,medium_airport,Sultan Babullah Airport,0.831012,127.381611,ID,ID-MU,Ternate,yes
TTG,SAST,medium_airport,General Enrique Mosconi Airport,-22.616877,-63.793015,AR,AR-A,Tartagal,no
TTH,OOTH,medium_airport,Thumrait Air Base,17.666,54.024601,OM,OM-ZU,Thumrait,no
TTJ,RJOR,medium_airport,Tottori Sand Dunes Conan Airport,35.530058,134.165023,JP,JP-31,Tottori,yes
TTN,KTTN,medium_airport,Trenton Mercer Airport,40.276699,-74.813499,US,US-NJ,Ewing Township,yes
TTT,RCFN,medium_airport,Taitung Airport,22.754856,121.101794,TW,TW-TTT,Taitung City,yes
TTU,GMTN,large_airport,Sania Ramel Airport,35.594299,-5.32002,MA,MA-01,Tétouan,yes
TUA,SETU,medium_airport,Lieutenant Colonel Luis A. Mantilla International Airport,0.809506,-77.708099,EC,EC-C,Tulcán,yes
TUB,NTAT,medium_airport,Tubuai Airport,-23.365400314331055,-149.5240020751953,PF,PF-U-A,,yes
TUC,SANT,large_airport,Teniente Benjamín Matienzo International Airport,-26.837397,-65.104195,AR,AR-T,San Miguel de Tucumán,yes
TUD,GOTT,medium_airport,Tambacounda Airport,13.7368,-13.6531,SN,SN-TC,Tambacounda,no
TUF,LFOT,medium_airport,Tours Val de Loire Airport,47.432201,0.727606,FR,FR-CVL,"Tours, Indre-et-Loire",yes
TUG,RPUT,medium_airport,Tuguegarao Airport,17.6433676823,121.733150482,PH,PH-CAG,Tuguegarao City,yes
TUI,OETR,medium_airport,Turaif Domestic Airport,31.692188,38.731544,SA,SA-08,Turaif,yes
TUK,OPTU,large_airport,Turbat International Airport,25.984767,63.028856,PK,PK-BA,Turbat,yes
TUL,KTUL,large_airport,Tulsa International Airport,36.197084,-95.886225,US,US-OK,Tulsa,yes
TUM,YTMU,medium_airport,Tumut Aerodrome,-35.26832,148.240526,AU,AU-NSW,Tumut,no
TUN,DTTA,large_airport,Tunis Carthage International Airport,36.851002,10.2272,TN,TN-11,Tunis,yes
TUO,NZAP,medium_airport,Taupo Airport,-38.73970031738281,176.08399963378906,NZ,NZ-WKO,Taupo,yes
TUP,KTUP,medium_airport,Tupelo Regional Airport,34.26810073852539,-88.7698974609375,US,US-MS,Tupelo,yes
TUR,SBTU,medium_airport,Tucuruí Airport,-3.78601,-49.720299,BR,BR-PA,Tucuruí,yes
TUS,KTUS,large_airport,Tucson International Airport,32.115004,-110.938053,US,US-AZ,Tucson,yes
TUU,OETB,large_airport,Prince Sultan bin Abdulaziz International Airport,28.3711,36.624865,SA,SA-07,Tabuk,yes
TUV,SVTC,medium_airport,Tucupita Airport,9.088994,-62.094173,VE,VE-Y,Tucupita,no
TVC,KTVC,medium_airport,Cherry Capital Airport,44.741402,-85.582199,US,US-MI,Traverse City,yes
TVF,KTVF,medium_airport,Thief River Falls Regional Airport,48.065701,-96.184998,US,US-MN,Thief River Falls,yes
TVL,KTVL,medium_airport,Lake Tahoe Airport,38.89390182495117,-119.99500274658203,US,US-CA,South Lake Tahoe,no
TVT,UTTP,medium_airport,Tashkent-Khumo International Airport,41.312889,69.395535,UZ,UZ-TO,Tashkent,yes
TVY,VYDW,medium_airport,Dawei Airport,14.1039,98.203598,MM,MM-05,Dawei,yes
TWF,KTWF,medium_airport,Joslin Field Magic Valley Regional Airport,42.4818,-114.487999,US,US-ID,Twin Falls,yes
TWT,RPMN,medium_airport,Sanga Sanga Airport,5.048196,119.743338,PH,PH-TAW,Bongao,yes
TWU,WBKW,medium_airport,Tawau Airport,4.31338,118.12152,MY,MY-12,Tawau,yes
TWZ,NZUK,medium_airport,Pukaki Airport,-44.2350006104,170.117996216,NZ,NZ-CAN,Twitzel,no
TXC,BY-0001,medium_airport,Orsha Airport - Balbasovo Air Base,54.439999,30.2967,BY,BY-VI,Orsha,no
TXE,WITK,medium_airport,Rembele Airport,4.72113,96.851943,ID,ID-AC,Takengon,yes
TXK,KTXK,medium_airport,Texarkana Regional Airport (Webb Field),33.453701,-93.990997,US,US-AR,Texarkana,yes
TXN,ZSTX,large_airport,Huangshan Tunxi International Airport,29.733299,118.255997,CN,CN-34,Huangshan,yes
TYB,YTIB,medium_airport,Tibooburra Airport,-29.451099,142.057999,AU,AU-NSW,,no
TYF,ESST,medium_airport,Torsby Airport,60.1576,12.9913,SE,SE-S,Torsby,yes
TYL,SPYL,medium_airport,Captain Victor Montes Arias International Airport,-4.57664,-81.254097,PE,PE-PIU,Talara,yes
TYM,MYES,medium_airport,Staniel Cay Airport,24.1691,-76.439102,BS,BS-EX,Staniel Cay,no
TYN,ZBYN,large_airport,Taiyuan Wusu International Airport,37.746899,112.627998,CN,CN-14,Taiyuan,yes
TYR,KTYR,medium_airport,Tyler Pounds Regional Airport,32.35409927368164,-95.40239715576172,US,US-TX,Tyler,yes
TYS,KTYS,large_airport,McGhee Tyson Airport,35.811001,-83.994003,US,US-TN,Knoxville/Maryville,yes
TZA,BZ-TZA,medium_airport,Sir Barry Bowen Municipal Airport,17.517239,-88.195775,BZ,BZ-BZ,Belize City,yes
TZL,LQTZ,large_airport,Tuzla International Airport,44.459858,18.723627,BA,BA-BIH,Dubrave Gornje,yes
TZN,MYAK,medium_airport,Congo Town Airport,24.158701,-77.589798,BS,BS-SA,Andros,yes
TZX,LTCG,medium_airport,Trabzon International Airport,40.995098,39.7897,TR,TR-61,Trabzon,yes
UAB,LTAG,medium_airport,İncirlik Air Base,37.002102,35.4259,TR,TR-01,Sarıçam,no
UAI,WPDB,medium_airport,"Commander in Chief of FALINTIL, Kay Rala Xanana Gusmão, International Airport",-9.301856,125.286302,TL,TL-CO,Suai,yes
UAM,PGUA,medium_airport,Andersen Air Force Base,13.584,144.929998,GU,GU-U-A,Yigo,no
UAQ,SANU,medium_airport,Domingo Faustino Sarmiento Airport,-31.571501,-68.418198,AR,AR-J,San Juan,yes
UAR,GMFB,medium_airport,Bouarfa Airport,32.514306,-1.983056,MA,MA-02,Bouarfa,yes
UBA,SBUR,medium_airport,Mário de Almeida Franco Airport,-19.765036,-47.964805,BR,BR-MG,Uberaba,yes
UBJ,RJDC,medium_airport,Yamaguchi Ube Airport,33.93,131.279007,JP,JP-35,Ube,yes
UBN,ZMCK,large_airport,Ulaanbaatar Chinggis Khaan International Airport,47.646916,106.819833,MN,MN-047,Ulaanbaatar (Sergelen),yes
UBP,VTUU,medium_airport,Ubon Ratchathani Airport,15.2512998581,104.870002747,TH,TH-34,Ubon Ratchathani,yes
UCB,ZBUC,medium_airport,Ulanqab Jining Airport,41.130266,113.107274,CN,CN-15,Ulanqab,yes
UCT,UUYH,medium_airport,Ukhta Airport,63.566898,53.804699,RU,RU-KO,Ukhta,yes
UDE,EHVK,medium_airport,Volkel Air Base,51.657222,5.707778,NL,NL-NB,Uden,no
UDI,SBUL,medium_airport,Ten. Cel. Aviador César Bombonato Airport,-18.883579,-48.225936,BR,BR-MG,Uberlândia,yes
UDJ,UKLU,medium_airport,Uzhhorod International Airport,48.6343,22.263399,UA,UA-21,Uzhhorod,no
UDR,VAUD,medium_airport,Maharana Pratap Airport,24.617700576799997,73.89610290530001,IN,IN-RJ,Udaipur,yes
UEL,FQQL,medium_airport,Quelimane Airport,-17.855499267578125,36.86909866333008,MZ,MZ-Q,Quelimane,yes
UEO,ROKJ,medium_airport,Kumejima Airport,26.363445,126.71384,JP,JP-47,Kumejima,yes
UET,OPQT,large_airport,Quetta International Airport,30.2514,66.937798,PK,PK-BA,Quetta,yes
UFA,UWUU,large_airport,Ufa International Airport,54.557499,55.874401,RU,RU-BA,Ufa,yes
UGA,ZMBN,medium_airport,Bulgan Airport,48.85499954223633,103.47599792480469,MN,MN-067,Bulgan,yes
UGC,UTNU,large_airport,Urgench International Airport,41.58274,60.64338,UZ,UZ-XO,Urgench,yes
UGO,FNUG,medium_airport,Uige Airport,-7.60307,15.0278,AO,AO-UIG,Uige,no
UGU,ID-ZGP,medium_airport,Bilorai Airport,-3.739503,137.031183,ID,ID-PT,Bilogai,yes
UHE,LKKU,medium_airport,Kunovice Airport,49.0294,17.439699,CZ,CZ-ZL,Uherské Hradiště,no
UIB,SKUI,medium_airport,El Caraño Airport,5.69076,-76.6412,CO,CO-CHO,Quibdó,yes
UIH,VVPC,medium_airport,Phu Cat Airport,13.955,109.042,VN,VN-SCC,Quy Nohn,yes
UIN,KUIN,medium_airport,Quincy Regional Airport Baldwin Field,39.942699,-91.194603,US,US-IL,Quincy,yes
UIO,SEQM,large_airport,Mariscal Sucre International Airport,-0.125399,-78.354306,EC,EC-P,Quito,yes
UIP,LFRQ,medium_airport,Quimper-Cornouaille Airport,47.973031,-4.169655,FR,FR-BRE,Quimper/Pluguffan,no
UKB,RJBE,large_airport,Kobe Airport,34.632801,135.223999,JP,JP-28,Kobe,yes
UKE,VEUK,medium_airport,Utkela Airport,20.097778,83.183333,IN,IN-OR,Bhawanipatna,yes
UKI,KUKI,medium_airport,Ukiah Municipal Airport,39.125999,-123.200996,US,US-CA,Ukiah,no
UKK,UASK,large_airport,Oskemen International Airport,50.035033,82.496057,KZ,KZ-VOS,Ust-Kamenogorsk (Oskemen),yes
UKS,UKFB,medium_airport,Sevastopol International Airport / Belbek Air Base,44.691822,33.57462,UA,UA-43,Sevastopol,no
UKX,UITT,medium_airport,Ust-Kut Airport,56.856701,105.730003,RU,RU-IRK,Ust-Kut,yes
ULA,SAWJ,medium_airport,Capitan D Daniel Vazquez Airport,-49.306816,-67.802596,AR,AR-Z,San Julian,no
ULD,FAUL,medium_airport,Prince Mangosuthu Buthelezi Airport,-28.3206005096,31.4165000916,ZA,ZA-NL,Ulundi,no
ULG,ZMUL,medium_airport,Ölgii Mongolei International Airport,48.993301,89.922501,MN,MN-071,Ölgii,yes
ULH,OEAO,large_airport,Al-Ula International Airport,26.483634,38.117048,SA,SA-03,Al-Ula,yes
ULK,UERL,medium_airport,Lensk Airport,60.723594,114.825319,RU,RU-SA,Lensk,yes
ULN,ZMUB,large_airport,Buyant-Ukhaa International Airport,47.843102,106.766998,MN,MN-1,Ulaanbaatar,no
ULO,ZMUG,medium_airport,Ulaangom Airport,50.066588,91.938273,MN,MN-046,Ulaangom,yes
ULP,YQLP,medium_airport,Quilpie Airport,-26.609176,144.253746,AU,AU-QLD,,yes
ULQ,SKUL,medium_airport,Heriberto Gíl Martínez Airport,4.08836,-76.2351,CO,CO-VAC,Tuluá,no
ULU,HUGU,medium_airport,Gulu Airport,2.8055601119995117,32.27180099487305,UG,UG-N,Gulu,yes
ULV,UWLL,medium_airport,Ulyanovsk Baratayevka Airport,54.27016,48.225569,RU,RU-ULY,Ulyanovsk,yes
ULY,UWLW,medium_airport,Ulyanovsk Vostochny Airport,54.401001,48.8027,RU,RU-ULY,Cherdakly,yes
UMB,ZM-0045,medium_airport,Kalumbila Airport,-12.25358,25.44432,ZM,ZM-06,Kalumbila,no
UME,ESNU,large_airport,Umeå Airport,63.791801,20.282801,SE,SE-AC,Umeå,yes
UND,OAUZ,medium_airport,Kunduz Airport,36.6651,68.910797,AF,AF-KDZ,Kunduz,no
UNI,TVSU,medium_airport,Union Island International Airport,12.600135,-61.411945,VC,VC-06,Union Island,yes
UNK,PAUN,medium_airport,Unalakleet Airport,63.888401,-160.798996,US,US-AK,Unalakleet,yes
UNN,VTSR,medium_airport,Ranong Airport,9.77762,98.585503,TH,TH-85,Ranong,yes
UOX,KUOX,medium_airport,University Oxford Airport,34.384300231934,-89.536796569824,US,US-MS,Oxford,no
UPB,MUPB,medium_airport,Playa Baracoa Airport,23.032801,-82.579399,CU,CU-15,Havana,no
UPG,WAAA,large_airport,Sultan Hasanuddin International Airport,-5.075539,119.553702,ID,ID-SN,Makassar,yes
UPL,MRUP,medium_airport,Upala Airport,10.8922,-85.016197,CR,CR-A,Upala,no
UPN,MMPN,medium_airport,Uruapan - Licenciado y General Ignacio Lopez Rayon International Airport,19.3967,-102.039001,MX,MX-MIC,Uruapan,yes
URA,UARR,large_airport,Manshuk Mametova International Airport,51.151976,51.543652,KZ,KZ-ZAP,Uralsk,yes
URC,ZWWW,large_airport,Ürümqi Tianshan International Airport,43.913584,87.479372,CN,CN-65,Ürümqi,yes
URE,EEKE,medium_airport,Kuressaare Airport,58.22990036010742,22.50950050354004,EE,EE-74,Kuressaare,yes
URG,SBUG,medium_airport,Rubem Berta Airport,-29.7822,-57.0382,BR,BR-RS,Uruguaiana,yes
URJ,USHU,medium_airport,Uray Airport,60.103298,64.826698,RU,RU-KHM,Uray,yes
URO,LFOP,medium_airport,Rouen Vallée de Seine Airport,49.384887,1.179142,FR,FR-NOR,Boos,no
URS,UUOK,medium_airport,Kursk East Airport,51.750599,36.295601,RU,RU-KRS,Kursk,no
URT,VTSB,medium_airport,Surat Thani Airport,9.13259983063,99.135597229,TH,TH-84,Surat Thani,yes
URY,OEGT,medium_airport,Gurayat Domestic Airport,31.412413,37.278898,SA,SA-12,Gurayat,yes
USA,KJQF,medium_airport,Concord-Padgett Regional Airport,35.387798,-80.709099,US,US-NC,Concord,yes
USH,SAWH,medium_airport,Ushuaia - Malvinas Argentinas International Airport,-54.8433,-68.2958,AR,AR-V,Ushuaia,yes
USK,UUYS,medium_airport,Usinsk Airport,66.0047,57.367199,RU,RU-KO,Usinsk,yes
USM,VTSM,large_airport,Samui International Airport,9.54779,100.061996,TH,TH-84,Na Thon (Ko Samui Island),yes
USN,RKPU,medium_airport,Ulsan Airport,35.59349823,129.352005005,KR,KR-31,Ulsan,yes
USQ,LTBO,medium_airport,Uşak Airport,38.681499,29.471701,TR,TR-64,Uşak,no
USR,UEMT,medium_airport,Ust-Nera Airport,64.550003,143.115005,RU,RU-SA,Ust-Nera,yes
UST,KSGJ,medium_airport,Northeast Florida Regional Airport,29.9592,-81.339798,US,US-FL,St Augustine,yes
USU,RPVV,medium_airport,Francisco B. Reyes (Busuanga) Airport,12.121865,120.100801,PH,PH-PLW,Coron,yes
UTH,VTUD,large_airport,Udon Thani International Airport,17.386186,102.788577,TH,TH-41,Udon Thani,yes
UTI,EFUT,medium_airport,Utti Air Base,60.8964,26.9384,FI,FI-09,Utti / Valkeala,no
UTN,FAUP,medium_airport,Upington Airport,-28.400246,21.263592,ZA,ZA-NC,Upington,yes
UTO,PAIM,medium_airport,Indian Mountain LRRS Airport,65.992798,-153.703995,US,US-AK,Utopia Creek,yes
UTP,VTBU,large_airport,U-Tapao–Rayong–Pattaya International Airport,12.6799,101.004997,TH,TH-21,Rayong,yes
UTS,UUYX,medium_airport,Ust-Tsylma Airport,65.437294,52.200336,RU,RU-KO,Ust-Tsylma,no
UTT,FAUT,medium_airport,K. D. Matanzima Airport,-31.546363184900002,28.6733551025,ZA,ZA-EC,Mthatha,yes
UTW,FAQT,medium_airport,Queenstown Airport,-31.92020034790039,26.882200241088867,ZA,ZA-EC,Queenstown,no
UUA,UWKB,medium_airport,Bugulma Airport,54.641184,52.800229,RU,RU-TA,Bugulma,yes
UUD,UIUU,large_airport,Baikal International Airport,51.808614,107.439652,RU,RU-BU,Ulan Ude,yes
UUN,ZMBU,medium_airport,Baruun Urt Airport,46.660301208496094,113.28500366210938,MN,MN-051,,no
UUS,UHSS,large_airport,Yuzhno-Sakhalinsk International Airport,46.885461,142.717466,RU,RU-SAK,Yuzhno-Sakhalinsk,yes
UVE,NWWV,medium_airport,Ouvéa Airport,-20.640932,166.573024,NC,NC-01,Ouvéa,yes
UVF,TLPL,large_airport,Hewanorra International Airport,13.7332,-60.952599,LC,LC-11,Vieux Fort,yes
UYL,HSNN,medium_airport,Nyala Airport,12.0535,24.9562,SD,SD-11,Nyala,yes
UYN,ZLYL,medium_airport,Yulin Yuyang Airport,38.35971,109.590927,CN,CN-61,Yulin,yes
UYU,SLUY,large_airport,Joya Andina International Airport,-20.441304,-66.857553,BO,BO-P,Quijarro,yes
UZC,LYUZ,medium_airport,Ponikve Airport,43.898899,19.697701,RS,RS-16,Stapari,no
UZU,SATU,medium_airport,Curuzu Cuatia Airport,-29.7706,-57.9789,AR,AR-W,Curuzu Cuatia,no
VAA,EFVA,large_airport,Vaasa Airport,63.05023,21.762543,FI,FI-12,Vaasa,yes
VAD,KVAD,medium_airport,Moody Air Force Base,30.9678001404,-83.1930007935,US,US-GA,Valdosta,no
VAF,LFLU,medium_airport,Valence-Chabeuil Airport,44.9216,4.9699,FR,FR-ARA,"Chabeuil, Drôme",no
VAG,SBVG,medium_airport,Major Brigadeiro Trompowsky Airport,-21.591375,-45.474116,BR,BR-MG,Varginha,no
VAI,AYVN,medium_airport,Vanimo Airport,-2.6926,141.3028,PG,PG-SAN,Vanimo,yes
VAM,VRMV,medium_airport,Villa International Airport Maamigili,3.471751,72.832633,MV,MV-00,Maamigili,yes
VAN,LTCI,medium_airport,Van Ferit Melen Airport,38.46820068359375,43.332298278808594,TR,TR-65,Van,yes
VAQ,UNIW,medium_airport,Vanavara Airport,60.356229,102.309641,RU,RU-KYA,Vanavara,yes
VAR,LBWN,large_airport,Varna Airport,43.232101,27.8251,BG,BG-03,Varna,yes
VAS,LTAR,medium_airport,Sivas Nuri Demirağ Airport,39.813801,36.9035,TR,TR-58,Sivas,yes
VAV,NFTV,large_airport,Vava'u International Airport,-18.5853,-173.962006,TO,TO-05,Vava'u Island,yes
VAW,ENSS,medium_airport,"Vardø Airport, Svartnes",70.3554,31.044901,NO,NO-56,Vardø,yes
VBG,KVBG,medium_airport,Vandenberg Space Force Base,34.737301,-120.584,US,US-CA,Lompoc,no
VBS,LIPO,medium_airport,Brescia Gabriele d'Annunzio Airport,45.428902,10.3306,IT,IT-25,Montichiari (BS),yes
VBY,ESSV,large_airport,Visby Airport,57.6628,18.346201,SE,SE-I,Visby,yes
VCA,VVCT,large_airport,Can Tho International Airport,10.083397,105.709371,VN,VN-SW,Can Tho,yes
VCE,LIPZ,large_airport,Venice Marco Polo Airport,45.505299,12.3519,IT,IT-34,Venezia (VE),yes
VCP,SBKP,large_airport,Viracopos International Airport,-23.007404,-47.134502,BR,BR-SP,Campinas,yes
VCS,VVCS,medium_airport,Con Dao Airport,8.73183,106.633003,VN,VN-SE,Con Dao,yes
VCT,KVCT,medium_airport,Victoria Regional Airport,28.85260009765625,-96.91850280761719,US,US-TX,Victoria,yes
VDC,BR-0569,medium_airport,Glauber de Andrade Rocha Airport,-14.907885,-40.914804,BR,BR-BA,Vitória da Conquista,yes
VDE,GCHI,medium_airport,El Hierro Airport,27.8148,-17.8871,ES,ES-CN,El Hierro Island,yes
VDH,VVDH,medium_airport,Dong Hoi Airport,17.515,106.590556,VN,VN-NC,Dong Hoi,yes
VDM,SAVV,medium_airport,Gobernador Castello Airport,-40.8692,-63.0004,AR,AR-R,Viedma / Carmen de Patagones,yes
VDO,VVVD,medium_airport,Van Don International Airport,21.120693,107.41539,VN,VN-NE,Van Don,yes
VDP,SVVP,medium_airport,Valle de La Pascua Airport,9.22202777863,-65.9935836792,VE,VE-J,,no
VDR,SAOD,medium_airport,Villa Dolores Airport,-31.9452,-65.146301,AR,AR-X,Villa Dolores,no
VDS,ENVD,medium_airport,Vadsø Airport,70.0653,29.8447,NO,NO-56,Vadsø,yes
VDZ,PAVD,medium_airport,Valdez Pioneer Field,61.132712,-146.246567,US,US-AK,Valdez,yes
VEL,KVEL,medium_airport,Vernal Regional Airport,40.436214,-109.511661,US,US-UT,Vernal,yes
VEO,UNIS,medium_airport,Severo-Yeniseysk Airport,60.373299,93.011703,RU,RU-KYA,Severo-Yeniseysk,yes
VER,MMVR,large_airport,General Heriberto Jara International Airport,19.139589,-96.188602,MX,MX-VER,Veracruz,yes
VEY,BIVM,medium_airport,Vestmannaeyjar Airport,63.42430114746094,-20.278900146484375,IS,IS-8,Vestmannaeyjar,no
VFA,FVFA,large_airport,Victoria Falls International Airport,-18.097437,25.836867,ZW,ZW-MN,Victoria Falls,yes
VGA,VOBZ,large_airport,Vijayawada International Airport,16.530011,80.804888,IN,IN-AP,Vijayawada,yes
VGD,ULWW,medium_airport,Vologda Airport,59.282501,39.944401,RU,RU-VLG,Vologda,no
VGO,LEVX,medium_airport,Vigo Airport,42.2318,-8.62677,ES,ES-GA,Vigo,yes
VGT,KVGT,medium_airport,North Las Vegas Airport,36.209074,-115.193982,US,US-NV,Las Vegas,no
VHC,FNSA,medium_airport,Saurimo Airport,-9.68907,20.4319,AO,AO-LSU,Saurimo,no
VHM,ESNV,medium_airport,Vilhelmina South Lapland Airport,64.579102,16.833599,SE,SE-AC,Vilhelmina,yes
VHY,LFLV,medium_airport,Vichy-Charmeil Airport,46.16969,3.403637,FR,FR-ARA,"Charmeil, Allier",no
VIE,LOWW,large_airport,Vienna International Airport,48.110298,16.5697,AT,AT-9,Vienna,yes
VIG,SVVG,medium_airport,Juan Pablo Pérez Alfonso Airport,8.624139,-71.672668,VE,VE-L,El Vigía,yes
VII,VVVH,medium_airport,Vinh Airport,18.7376003265,105.67099762,VN,VN-NC,Vinh,yes
VIJ,TUPW,medium_airport,Virgin Gorda Airport,18.446634,-64.427932,VG,VG-U-A,Spanish Town,yes
VIL,GMMH,large_airport,Dakhla Airport,23.7183,-15.932,EH,EH-U-A,Dakhla,yes
VIN,UKWW,medium_airport,Vinnytsia/Gavyryshivka International Airport,49.242531,28.613778,UA,UA-05,Vinnitsa,no
VIP,LSMP,medium_airport,Payerne Air Base,46.8432,6.91506,CH,CH-FR,Payerne,no
VIR,FAVG,medium_airport,Virginia Airport,-29.770599,31.058399,ZA,ZA-NL,Durban,no
VIS,KVIS,medium_airport,Visalia Municipal Airport,36.318699,-119.392998,US,US-CA,Visalia,no
VIT,LEVT,medium_airport,Vitoria Airport,42.882801,-2.72447,ES,ES-PV,Alava,yes
VIX,SBVT,large_airport,Eurico de Aguiar Salles International Airport,-20.258,-40.285,BR,BR-ES,Vitória,yes
VIY,LFPV,medium_airport,Vélizy-Villacoublay Air Base,48.774406,2.203102,FR,FR-IDF,"Vélizy-Villacoublay, Yvelines",no
VKG,VVRG,medium_airport,Rach Gia Airport,9.95802997234,105.132379532,VN,VN-SW,Rach Gia,yes
VKO,UUWW,large_airport,Vnukovo International Airport,55.591499,37.261501,RU,RU-MOW,Moscow,yes
VKT,UUYW,medium_airport,Vorkuta Airport,67.488602,63.993099,RU,RU-KO,Vorkuta,yes
VKV,ULAH,medium_airport,Vaskovo Airport,64.441704,40.4217,RU,RU-ARK,Arkhangelsk,no
VLC,LEVC,large_airport,Valencia Airport,39.489162,-0.480961,ES,ES-VC,Valencia,yes
VLD,KVLD,medium_airport,Valdosta Regional Airport,30.782499313354492,-83.27670288085938,US,US-GA,Valdosta,yes
VLG,SAZV,medium_airport,Villa Gesell Airport,-37.2354,-57.0292,AR,AR-B,Villa Gesell,no
VLI,NVVV,large_airport,Bauerfield International Airport,-17.699301,168.320007,VU,VU-SEE,Port Vila,yes
VLL,LEVD,medium_airport,Valladolid Airport,41.7061,-4.85194,ES,ES-CL,Valladolid,yes
VLM,SLVM,medium_airport,Teniente Coronel Rafael Pabón Airport,-21.255199432399998,-63.4056015015,BO,BO-T,Villamontes,no
VLN,SVVA,large_airport,Arturo Michelena International Airport,10.149733,-67.928398,VE,VE-G,Valencia,yes
VLR,SCLL,medium_airport,Vallenar Airport,-28.596399,-70.755997,CL,CL-AT,Vallenar,no
VLU,RU-10001,medium_airport,Velikiye Luki Airport,56.381066,30.607846,RU,RU-PSK,Velikiye Luki,no
VLV,SVVL,medium_airport,Dr. Antonio Nicolás Briceño Airport,9.340478,-70.584061,VE,VE-T,Valera,yes
VLY,EGOV,medium_airport,Anglesey Airport,53.2481,-4.53534,GB,GB-WLS,Angelsey,no
VME,SAOR,medium_airport,Villa Reynolds Airport,-33.7299003601,-65.3873977661,AR,AR-D,Villa Mercedes,no
VMI,VMI,medium_airport,Aeropuerto Nacional Doctor Juan Plate,-22.159371,-57.942395,PY,PY-1,Puerto Vallemi,no
VMU,AYBA,medium_airport,Baimuru Airport,-7.496955,144.821756,PG,PG-GPK,Baimuru,yes
VNE,LFRV,medium_airport,Vannes-Meucon Airport,47.723301,-2.71856,FR,FR-BRE,Vannes/Meucon,no
VNO,EYVI,large_airport,Vilnius International Airport,54.634102,25.285801,LT,LT-VL,Vilnius,yes
VNS,VEBN,large_airport,Lal Bahadur Shastri International Airport,25.452171,82.862549,IN,IN-UP,Varanasi,yes
VNX,FQVL,medium_airport,Vilankulo Airport,-22.018400192260742,35.31330108642578,MZ,MZ-I,Vilanculo,yes
VNY,KVNY,medium_airport,Van Nuys Airport,34.209801,-118.489998,US,US-CA,Van Nuys,no
VOD,LKVO,medium_airport,Vodochody Airport,50.216599,14.3958,CZ,CZ-ST,Vodochody,no
VOG,URWW,large_airport,Volgograd International Airport,48.78134,44.339194,RU,RU-VGG,Volgograd,yes
VOH,FMNV,medium_airport,Vohemar Airport,-13.3758,50.0028,MG,MG-D,Vohemar,no
VOK,KVOK,medium_airport,Volk Field,43.938999,-90.253403,US,US-WI,Camp Douglas,no
VOL,LGBL,medium_airport,Nea Anchialos National Airport,39.219601,22.7943,GR,GR-E,Nea Anchialos,yes
VOZ,UUOO,medium_airport,Voronezh International Airport,51.814324,39.230948,RU,RU-VOR,Voronezh,yes
VPE,FNGI,medium_airport,Ngjiva Pereira Airport,-17.0435009003,15.683799743700002,AO,AO-CNN,Ngiva,yes
VPN,BIVO,medium_airport,Vopnafjörður Airport,65.720596,-14.8506,IS,IS-7,Vopnafjörður,yes
VPS,KVPS,medium_airport,Destin-Fort Walton Beach Airport,30.481315,-86.515839,US,US-FL,Valparaiso,yes
VPY,FQCH,medium_airport,Chimoio Airport,-19.15130043029785,33.42900085449219,MZ,MZ-B,Chimoio,yes
VPZ,KVPZ,medium_airport,Porter County Municipal Airport,41.45399857,-87.00710297,US,US-IN,Valparaiso,no
VQQ,KVQQ,medium_airport,Cecil Airport,30.2187,-81.876701,US,US-FL,Jacksonville,no
VQS,TJVQ,medium_airport,Antonio Rivera Rodriguez Airport,18.1348,-65.493599,PR,PR-U-A,Vieques,yes
VRA,MUVR,large_airport,Juan Gualberto Gomez International Airport,23.034401,-81.435303,CU,CU-04,Matanzas,yes
VRB,KVRB,medium_airport,Vero Beach Regional Airport,27.6556,-80.417901,US,US-FL,Vero Beach,yes
VRC,RPUV,medium_airport,Virac Airport,13.576399803161621,124.20600128173828,PH,PH-CAT,Virac,yes
VRE,FAVR,medium_airport,Vredendal Airport,-31.641000747680664,18.5447998046875,ZA,ZA-WC,Vredendal,no
VRK,EFVR,medium_airport,Varkaus Airport,62.171101,27.868601,FI,FI-04,Varkaus / Joroinen,no
VRL,LPVR,medium_airport,Vila Real Airport,41.2743,-7.72047,PT,PT-17,Vila Real,yes
VRN,LIPX,large_airport,Verona Villafranca Valerio Catullo Airport,45.394955,10.887303,IT,IT-34,Caselle (VR),yes
VRO,MUKW,medium_airport,Kawama Airport,23.124001,-81.301598,CU,CU-04,Santa Marta,no
VRU,FAVB,medium_airport,Vryburg Airport,-26.982401,24.7288,ZA,ZA-NW,Vryburg,no
VSA,MMVA,large_airport,Carlos Rovirosa Pérez International Airport,17.994283,-92.818199,MX,MX-TAB,Villahermosa,yes
VSE,LPVZ,medium_airport,Aerodromo Goncalves Lobato (Viseu Airport),40.725498,-7.88899,PT,PT-18,Viseu,yes
VST,ESOW,large_airport,Stockholm Västerås Airport,59.589401,16.6336,SE,SE-U,Stockholm / Västerås,yes
VTB,UMII,medium_airport,Vitebsk Vostochny Airport,55.126499176025,30.349599838257,BY,BY-VI,Vitebsk,no
VTE,VLVT,large_airport,Wattay International Airport,17.985052,102.566692,LA,LA-VT,Vientiane,yes
VTM,LLNV,medium_airport,Nevatim Air Base,31.208299636799996,35.012298584,IL,IL-D,Beersheba,no
VTN,KVTN,medium_airport,Miller Field,42.856211,-100.549192,US,US-NE,Valentine,no
VTU,MUVT,medium_airport,Hermanos Ameijeiras Airport,20.9876,-76.935799,CU,CU-10,Las Tunas,yes
VTZ,VOVI,large_airport,Alluri Sitarama Raju International Airport (Vizag),17.971512,83.503617,IN,IN-AP,Visakhapatnam,yes
VUP,SKVP,medium_airport,Alfonso López Pumarejo Airport,10.435,-73.2495,CO,CO-CES,Valledupar,yes
VUS,ULWU,medium_airport,Velikiy Ustyug Airport,60.7883,46.259998,RU,RU-VLG,Velikiy Ustyug,yes
VVC,SKVV,medium_airport,Vanguardia Airport,4.16787,-73.6138,CO,CO-MET,Villavicencio,yes
VVI,SLVR,large_airport,Viru Viru International Airport,-17.6448,-63.135399,BO,BO-S,Santa Cruz,yes
VVO,UHWW,large_airport,Vladivostok International Airport,43.396256,132.148155,RU,RU-PRI,Artyom,yes
VVZ,DAAP,medium_airport,Illizi Takhamalt Airport,26.723499,8.62265,DZ,DZ-33,Illizi,yes
VXC,FQLC,medium_airport,Lichinga Airport,-13.274,35.2663,MZ,MZ-A,Lichinga,yes
VXE,GVSV,large_airport,Cesaria Evora International Airport,16.833363,-25.055308,CV,CV-B,São Pedro,yes
VXO,ESMX,medium_airport,Växjö Kronoberg Airport,56.929100036621094,14.727999687194824,SE,SE-G,Växjö,yes
VYI,UENW,medium_airport,Vilyuisk Airport,63.756668,121.693336,RU,RU-SA,Vilyuisk,yes
WAE,OEWD,medium_airport,Wadi Al Dawasir Domestic Airport,20.504299,45.1996,SA,SA-01,Wadi Al Dawasir,yes
WAG,NZWU,medium_airport,Wanganui Airport,-39.963467,175.02444,NZ,NZ-MWT,Wanganui,yes
WAI,FMNW,medium_airport,Ambalabe Airport,-14.8988,47.9939,MG,MG-M,Antsohihy,no
WAT,EIWF,medium_airport,Waterford Airport,52.187199,-7.08696,IE,IE-WD,Waterford,no
WAW,EPWA,large_airport,Warsaw Chopin Airport,52.165699,20.9671,PL,PL-MZ,Warsaw,yes
WBG,ETNS,medium_airport,Schleswig Air Base,54.459301,9.51633,DE,DE-SH,Jagel,no
WBM,AYWD,medium_airport,Wapenamanda Airport,-5.635293,143.892231,PG,PG-EPW,Wapenamanda,yes
WCH,SCTN,medium_airport,Nuevo Chaitén Airport,-42.781943,-72.834999,CL,CL-LL,Chaitén,no
WDH,FYWH,large_airport,Hosea Kutako International Airport,-22.4799,17.4709,NA,NA-KH,Windhoek,yes
WDS,ZHSY,medium_airport,Shiyan Wudangshan Airport,32.592889,110.906296,CN,CN-42,Shiyan (Maojian),yes
WEF,ZSWF,medium_airport,Weifang Nanyuan Airport,36.646702,119.119003,CN,CN-37,Weifang (Kuiwen),yes
WEH,ZSWH,medium_airport,Weihai Dashuibo Airport,37.187099,122.228996,CN,CN-37,Weihai,yes
WEI,YBWP,medium_airport,Weipa Airport,-12.677493,141.922618,AU,AU-QLD,Weipa,yes
WFI,FMSF,medium_airport,Fianarantsoa Airport,-21.441601,47.111698,MG,MG-F,Fianarantsoa,no
WGA,YSWG,medium_airport,Wagga Wagga Airport,-35.163484,147.46832,AU,AU-NSW,Forest Hill,yes
WGE,YWLG,medium_airport,Walgett Airport,-30.032801,148.126007,AU,AU-NSW,,yes
WGN,ZGSY,medium_airport,Shaoyang Wugang Airport,26.806123,110.641042,CN,CN-43,Shaoyang (Wugang),yes
WGT,YWGT,medium_airport,Wangaratta Airport,-36.417914,146.306896,AU,AU-VIC,Laceby,no
WHA,ZSWA,medium_airport,Wuhu Xuanzhou Airport,31.1045,118.66687,CN,CN-34,Wuhu,yes
WHB,YEWA,medium_airport,Eliwana,-22.428395,116.887879,AU,AU-WA,,no
WHK,NZWK,medium_airport,Whakatāne Airport,-37.922224,176.91696,NZ,NZ-BOP,Whakatāne,yes
WHN,CN-0178,medium_airport,Wuhan Hannan Municipal Airport,30.25521,114.062805,CN,CN-42,Wuhan (Hannan),no
WIC,EGPC,medium_airport,Wick John O'Groats Airport,58.4589,-3.09306,GB,GB-SCT,Wick,yes
WIE,ETOU,medium_airport,Wiesbaden Army Airfield,50.049800872802734,8.325400352478027,DE,DE-HE,Wiesbaden,no
WIL,HKNW,medium_airport,Nairobi Wilson Airport,-1.32172,36.8148,KE,KE-47,Nairobi,yes
WIN,YWTN,medium_airport,Winton Airport,-22.36359977722168,143.08599853515625,AU,AU-QLD,,yes
WIR,NZWO,medium_airport,Wairoa Airport,-39.011862,177.404401,NZ,NZ-HKB,Wairoa,no
WJF,KWJF,medium_airport,General William J Fox Airfield,34.7411,-118.219002,US,US-CA,Lancaster,no
WJR,HKWJ,medium_airport,Wajir Airport,1.73324,40.091599,KE,KE-08,Wajir,yes
WJU,RKNW,medium_airport,Wonju Airport / Hoengseong Air Base (K-38/K-46),37.437113,127.960051,KR,KR-42,Wonju,yes
WKA,NZWF,medium_airport,Wanaka Airport,-44.722091,169.246287,NZ,NZ-OTA,Wanaka,yes
WKB,YWKB,medium_airport,Warracknabeal Airport,-36.32109832763672,142.41900634765625,AU,AU-VIC,,no
WKF,FAWK,medium_airport,Waterkloof Air Force Base,-25.829999923699997,28.222499847399998,ZA,ZA-GT,Pretoria,no
WKJ,RJCW,medium_airport,Wakkanai Airport,45.4042015076,141.800994873,JP,JP-01,Wakkanai,yes
WKK,5A8,medium_airport,Aleknagik / New Airport,59.2826004028,-158.617996216,US,US-AK,Aleknagik,yes
WLG,NZWN,large_airport,Wellington International Airport,-41.326839,174.806862,NZ,NZ-WGN,Wellington,yes
WLS,NLWW,large_airport,Hihifo Airport,-13.239445,-176.19865,WF,WF-U-A,Wallis Island,yes
WMC,KWMC,medium_airport,Winnemucca Municipal Airport,40.8965988159,-117.805999756,US,US-NV,Winnemucca,no
WME,YMNE,medium_airport,Mount Keith Airport,-27.28733,120.554937,AU,AU-WA,,no
WMH,KBPK,medium_airport,Ozark Regional Airport,36.3689002991,-92.47049713130001,US,US-AR,Mountain Home,no
WMI,EPMO,large_airport,Warsaw Modlin Airport,52.451099,20.6518,PL,PL-MZ,Nowy Dwór Mazowiecki,yes
WMN,FMNR,medium_airport,Maroantsetra Airport,-15.437742,49.689081,MG,MG-A,Maroantsetra,yes
WMR,FMNC,medium_airport,Mananara Nord Airport,-16.1639,49.7738,MG,MG-A,Mananara Nord,no
WMT,ZUMT,medium_airport,Zunyi Maotai Airport,27.961837,106.435416,CN,CN-52,Zunyi,yes
WMX,WAVV,medium_airport,Wamena Airport,-4.097324,138.952417,ID,ID-PP,Wamena,yes
WNI,WAWD,medium_airport,Matahora Airport,-5.292123,123.636233,ID,ID-SG,Wangi-wangi Island,yes
WNP,RPUN,medium_airport,Naga Airport,13.58489990234375,123.2699966430664,PH,PH-CAS,Naga,yes
WNR,YWDH,medium_airport,Windorah Airport,-25.410641,142.668428,AU,AU-QLD,Windorah,yes
WNS,OPNH,medium_airport,Shaheed Benazirabad Airport,26.2194,68.390099,PK,PK-SD,Nawabashah,yes
WNZ,ZSWZ,large_airport,Wenzhou Longwan International Airport,27.910572,120.853465,CN,CN-33,Wenzhou (Longwan),yes
WOE,EHWO,medium_airport,Woensdrecht Air Base,51.4491,4.34203,NL,NL-NB,Hoogerheide,no
WOL,YSHL,medium_airport,Shellharbour Airport,-34.5611,150.789001,AU,AU-NSW,Albion Park Rail,no
WOS,ZKWS,medium_airport,Wonsan Kalma Airport,39.165219,127.487931,KP,KP-07,Wonsan,yes
WPC,CZPC,medium_airport,Pincher Creek Airport,49.520429,-113.997002,CA,CA-AB,Pincher Creek,no
WPR,SCFM,medium_airport,Captain Fuentes Martinez Airport,-53.2537,-70.319199,CL,CL-MA,Porvenir,no
WPU,SCGZ,medium_airport,Guardia Marina Zañartu Airport,-54.931099,-67.626297,CL,CL-MA,Puerto Williams,no
WRB,KWRB,medium_airport,Robins Air Force Base,32.640099,-83.591904,US,US-GA,Warner Robins,no
WRE,NZWR,medium_airport,Whangarei Airport,-35.769253,174.363713,NZ,NZ-NTL,Whangarei,yes
WRG,PAWG,medium_airport,Wrangell Airport,56.48429871,-132.3699951,US,US-AK,Wrangell,yes
WRI,KWRI,medium_airport,Mc Guire Air Force Base,40.0155983,-74.59169769,US,US-NJ,Wrightstown,no
WRL,KWRL,medium_airport,Worland Municipal Airport,43.965698,-107.950996,US,US-WY,Worland,no
WRO,EPWR,large_airport,Copernicus Wrocław Airport,51.103719,16.882096,PL,PL-DS,Wrocław,yes
WRT,EGNO,medium_airport,Warton Aerodrome,53.745098,-2.88306,GB,GB-ENG,Warton,no
WSI,AU-0539,large_airport,Western Sydney International (Nancy-Bird Walton) Airport,-33.883461,150.712981,AU,AU-NSW,Sydney,no
WST,KWST,medium_airport,Westerly State Airport,41.349602,-71.803398,US,US-RI,Westerly,yes
WSZ,NZWS,medium_airport,Westport Airport,-41.737111,171.579033,NZ,NZ-WTC,Westport,yes
WTB,YBWW,large_airport,Toowoomba Wellcamp Airport,-27.558332,151.793335,AU,AU-QLD,Toowoomba,yes
WTN,EGXW,medium_airport,RAF Waddington,53.166199,-0.523811,GB,GB-ENG,"Lincoln, Lincolnshire",no
WUA,ZBUH,medium_airport,Wuhai Airport,39.7934,106.7993,CN,CN-15,Wuhai,yes
WUH,ZHHH,large_airport,Wuhan Tianhe International Airport,30.774798,114.213723,CN,CN-42,Wuhan (Huangpi),yes
WUN,YWLU,medium_airport,Wiluna Airport,-26.632691,120.221906,AU,AU-WA,,yes
WUS,ZSWY,medium_airport,Nanping Wuyishan Airport,27.7019,118.000999,CN,CN-35,Wuyishan,yes
WUU,HSWW,medium_airport,Wau Airport,7.72583,27.975,SS,SS-BW,Wau,yes
WUX,ZSWX,large_airport,Sunan Shuofang International Airport,31.496952,120.43038,CN,CN-32,Wuxi,yes
WUZ,ZGWZ,medium_airport,Wuzhou Xijiang Airport,23.40316,111.09331,CN,CN-45,Tangbu,yes
WVB,FYWB,large_airport,Walvis Bay International Airport,-22.979332,14.647102,NA,NA-ER,Walvis Bay(Rooikop),yes
WVK,FMSK,medium_airport,Manakara Airport,-22.119699,48.021702,MG,MG-F,Manakara,no
WWA,PAWS,medium_airport,Wasilla Airport,61.571701,-149.539993,US,US-AK,Wasilla,no
WWD,KWWD,medium_airport,Cape May County Airport,39.008499145500004,-74.9083023071,US,US-NJ,Wildwood,no
WWK,AYWK,medium_airport,Wewak International Airport,-3.58383011818,143.669006348,PG,PG-ESW,Wewak,yes
WWR,KWWR,medium_airport,West Woodward Airport,36.438,-99.5226667,US,US-OK,Woodward,no
WWY,YWWL,medium_airport,West Wyalong Airport,-33.9371986389,147.190994263,AU,AU-NSW,West Wyalong,no
WYA,YWHA,medium_airport,Whyalla Airport,-33.05889892578125,137.51400756835938,AU,AU-SA,Whyalla,yes
WYE,GFYE,medium_airport,Yengema Airport,8.61047,-11.0454,SL,SL-E,Yengema,no
WYS,KWYS,medium_airport,Yellowstone Airport,44.6884,-111.117996,US,US-MT,West Yellowstone,yes
XAI,ZHXY,medium_airport,Xinyang Minggang Airport,32.540819,114.079141,CN,CN-41,Xinyang,yes
XAP,SBCH,medium_airport,Serafin Enoss Bertaso Airport,-27.134199,-52.656601,BR,BR-SC,Chapecó,yes
XBJ,OIMB,large_airport,Birjand International Airport,32.896525,59.281258,IR,IR-29,Birjand,yes
XCH,YPXM,medium_airport,Christmas Island International Airport,-10.450387,105.6911,CX,CX-U-A,Flying Fish Cove,yes
XCR,LFOK,medium_airport,Chalons Vatry airport,48.77333,4.20611,FR,FR-GES,Chalons en Champagne,yes
XEN,ZYXC,medium_airport,Xingcheng Air Base,40.580328,120.700374,CN,CN-21,Huludao (Xingcheng),no
XFN,ZHXF,medium_airport,Xiangyang Liuji Airport,32.152222,112.291666,CN,CN-42,Xiangyang (Xiangzhou),yes
XFW,EDHI,medium_airport,Hamburg-Finkenwerder Airport,53.535278,9.835556,DE,DE-HH,Hamburg,no
XGN,FNXA,medium_airport,Xangongo Airport,-16.755399703979492,14.965299606323242,AO,AO-CNN,Xangongo,no
XIC,ZUXC,medium_airport,Xichang Qingshan Airport,27.9891,102.183998,CN,CN-51,Liangshan (Xichang),yes
XIJ,OKAJ,medium_airport,Ahmed Al Jaber Air Base,28.9347991943,47.791900634799994,KW,KW-AH,Ahmed Al Jaber AB,no
XIL,ZBXH,medium_airport,Xilinhot Airport,43.91559982299805,115.96399688720703,CN,CN-15,Xilinhot,yes
XIY,ZLXY,large_airport,Xi'an Xianyang International Airport,34.442207,108.762385,CN,CN-61,Xi'an,yes
XJD,OTBH,medium_airport,Al Udeid Air Base,25.1173000336,51.3149986267,QA,QA-RA,Ar Rayyan,no
XJM,OPMA,medium_airport,Mangla Airport,33.05009841918945,73.63839721679688,PK,PK-PB,Mangla,no
XKS,CYAQ,medium_airport,Kasabonika Airport,53.52470016479492,-88.6427993774414,CA,CA-ON,Kasabonika,yes
XLS,GOSS,medium_airport,Saint Louis Airport,16.049814,-16.461039,SN,SN-SL,Saint Louis,no
XMH,NTGI,medium_airport,Manihi Airport,-14.436800003051758,-146.07000732421875,PF,PF-U-A,,yes
XMN,ZSAM,large_airport,Xiamen Gaoqi International Airport,24.543889,118.127454,CN,CN-35,Xiamen,yes
XMS,SEMC,medium_airport,Coronel E Carvajal Airport,-2.2991700172424316,-78.12079620361328,EC,EC-S,Macas,yes
XNA,KXNA,medium_airport,Northwest Arkansas National Airport,36.281898,-94.306801,US,US-AR,Fayetteville/Springdale/Rogers,yes
XNH,ORTL,medium_airport,Ali Air Base,30.935801,46.090099,IQ,IQ-DQ,Nasiriyah,no
XNN,ZLXN,large_airport,Xining Caojiabao International Airport,36.52775,102.040215,CN,CN-63,Haidong (Huzhu Tu Autonomous County),yes
XPL,MHSC,large_airport,Palmerola International Airport,14.3824,-87.621201,HN,HN-CM,Palmerola,yes
XQP,MRQP,medium_airport,Quepos Managua Airport,9.44316,-84.129799,CR,CR-P,Quepos,yes
XQU,CAT4,medium_airport,Qualicum Beach Airport,49.337456,-124.393086,CA,CA-BC,Qualicum Beach,yes
XRH,YSRI,medium_airport,RAAF Base Richmond,-33.604652,150.783051,AU,AU-NSW,Richmond,no
XRR,CYDM,medium_airport,Ross River Airport,61.9706001282,-132.42300415,CA,CA-YT,Ross River,no
XRY,LEJR,medium_airport,Jerez Airport,36.744598,-6.06011,ES,ES-AN,Jerez de la Frontera,yes
XSB,OMBY,medium_airport,Sir Bani Yas Airport,24.283611,52.580278,AE,AE-AZ,Sir Bani Yas,no
XSC,MBSC,medium_airport,South Caicos Airport,21.515699,-71.528503,TC,TC-SC,South Caicos,yes
XSP,WSSL,medium_airport,Seletar Airport,1.41555,103.86673,SG,SG-02,Seletar,yes
XTG,YTGM,medium_airport,Thargomindah Airport,-27.986368,143.812065,AU,AU-QLD,Thargomindah,yes
XUZ,ZSXZ,medium_airport,Xuzhou Guanyin International Airport,34.059056,117.555278,CN,CN-32,Xuzhou,yes
XWA,KXWA,medium_airport,Williston Basin International Airport,48.260863,-103.75116,US,US-ND,Williston,yes
YAA,CAJ4,medium_airport,Anahim Lake Airport,52.451501,-125.303776,CA,CA-BC,Anahim Lake,yes
YAG,CYAG,medium_airport,Fort Frances Municipal Airport,48.655749,-93.44349,CA,CA-ON,Fort Frances,yes
YAH,CYAH,medium_airport,La Grande-4 Airport,53.754699707,-73.6753005981,CA,CA-QC,La Grande-4,no
YAI,SCCH,medium_airport,Gral. Bernardo O´Higgins Airport,-36.5825,-72.031403,CL,CL-NB,Chillan,no
YAK,PAYA,medium_airport,Yakutat Airport,59.508717,-139.660435,US,US-AK,Yakutat,yes
YAM,CYAM,medium_airport,Sault Ste Marie Airport,46.483216,-84.508467,CA,CA-ON,Sault Ste Marie,yes
YAO,FKKY,medium_airport,Yaoundé Ville Airport,3.83604,11.5235,CM,CM-CE,Yaoundé,no
YAP,PTYA,large_airport,Yap International Airport,9.49891,138.082993,FM,FM-YAP,Yap Island,yes
YAY,CYAY,medium_airport,St. Anthony Airport,51.391909,-56.08321,CA,CA-NL,St. Anthony,yes
YAZ,CYAZ,medium_airport,Tofino / Long Beach Airport,49.079833,-125.775583,CA,CA-BC,Tofino,yes
YBC,CYBC,medium_airport,Baie-Comeau Airport,49.1325,-68.204399,CA,CA-QC,Baie-Comeau,yes
YBG,CYBG,medium_airport,Saguenay-Bagotville Airport,48.330123,-70.992012,CA,CA-QC,Saguenay,yes
YBK,CYBK,medium_airport,Baker Lake Airport,64.29889678960001,-96.077796936,CA,CA-NU,Baker Lake,yes
YBL,CYBL,medium_airport,Campbell River Airport,49.950802,-125.271004,CA,CA-BC,Campbell River,yes
YBP,ZUYB,medium_airport,Yibin Wuliangye Airport,28.858431,104.526157,CN,CN-51,Yibin (Cuiping),yes
YBR,CYBR,medium_airport,Brandon Municipal Airport,49.91,-99.951897,CA,CA-MB,Brandon,yes
YBX,CYBX,medium_airport,Lourdes-de-Blanc-Sablon Airport,51.4436,-57.185299,CA,CA-QC,Blanc-Sablon,yes
YBY,CYBF,medium_airport,Bonnyville Airport,54.304199,-110.744003,CA,CA-AB,Bonnyville,yes
YCB,CYCB,medium_airport,Cambridge Bay Airport,69.1081008911,-105.138000488,CA,CA-NU,Cambridge Bay,yes
YCC,CYCC,medium_airport,Cornwall Regional Airport,45.092637,-74.567724,CA,CA-ON,Cornwall,no
YCD,CYCD,medium_airport,Nanaimo Airport,49.05497,-123.869863,CA,CA-BC,Nanaimo,yes
YCE,CYCE,medium_airport,Centralia / James T. Field Memorial Aerodrome,43.285599,-81.508301,CA,CA-ON,Huron Park,no
YCG,CYCG,medium_airport,Castlegar/West Kootenay Regional Airport,49.296398,-117.632004,CA,CA-BC,Castlegar,yes
YCH,CYCH,medium_airport,Miramichi Airport,47.007801,-65.449203,CA,CA-NB,Miramichi,no
YCL,CYCL,medium_airport,Charlo Airport,47.990799,-66.330299,CA,CA-NB,Charlo,no
YCM,CYSN,medium_airport,Niagara District Airport,43.191598,-79.171686,CA,CA-ON,Niagara-on-the-Lake,yes
YCN,CYCN,medium_airport,Cochrane Airport,49.10559844970703,-81.01360321044922,CA,CA-ON,Cochrane,no
YCQ,CYCQ,medium_airport,Chetwynd Airport,55.687198638916016,-121.62699890136719,CA,CA-BC,Chetwynd,no
YCU,ZBYC,large_airport,Yuncheng Yanhu International Airport,35.117823,111.034023,CN,CN-61,Yuncheng (Yanhu),yes
YDA,CYDA,medium_airport,Dawson City Airport,64.04309844970703,-139.1280059814453,CA,CA-YT,Dawson City,yes
YDB,CYDB,medium_airport,Burwash Airport,61.371101,-139.041,CA,CA-YT,Burwash Landing,no
YDF,CYDF,medium_airport,Deer Lake Airport,49.208159,-57.396147,CA,CA-NL,Deer Lake,yes
YDG,CYID,medium_airport,Digby / Annapolis Regional Airport,44.5458450365,-65.7854247093,CA,CA-NS,Digby,no
YDN,CYDN,medium_airport,Dauphin Barker Airport,51.1008,-100.052002,CA,CA-MB,Dauphin,yes
YDO,CYDO,medium_airport,Dolbeau-Saint-Felicien Airport,48.7785,-72.375,CA,CA-QC,Dolbeau-Saint-Felicien,no
YDQ,CYDQ,medium_airport,Dawson Creek Airport,55.741245,-120.183263,CA,CA-BC,Dawson Creek,no
YDT,CZBB,medium_airport,Boundary Bay Airport,49.074338,-123.006877,CA,CA-BC,Delta,no
YEC,RKTY,medium_airport,Yecheon Airbase,36.630373,128.34971,KR,KR-47,Yecheon-ri,no
YEG,CYEG,large_airport,Edmonton International Airport,53.3097,-113.580002,CA,CA-AB,Edmonton,yes
YEI,LTBR,medium_airport,Bursa Yenişehir Airport,40.255199,29.562599,TR,TR-16,Yenişehir,yes
YEL,CYEL,medium_airport,Elliot Lake Municipal Airport,46.351398468,-82.5614013672,CA,CA-ON,Elliot Lake,no
YEM,CYEM,medium_airport,Manitoulin East Municipal Airport,45.842435,-81.857595,CA,CA-ON,Sheguiandah,no
YEN,CYEN,medium_airport,Estevan Airport,49.2103004456,-102.966003418,CA,CA-SK,Estevan,no
YEO,EGDY,medium_airport,RNAS Yeovilton,51.009399,-2.63882,GB,GB-ENG,"Yeovil, Somerset",no
YES,OISY,medium_airport,Yasuj Airport,30.702238,51.542988,IR,IR-17,Yasuj,no
YET,CYET,medium_airport,Edson Airport,53.578899383499994,-116.464996338,CA,CA-AB,Edson,no
YEV,CYEV,medium_airport,Inuvik Mike Zubko Airport,68.30419921880001,-133.483001709,CA,CA-NT,Inuvik,yes
YEY,CYEY,medium_airport,Amos/Magny Airport,48.563903,-78.249702,CA,CA-QC,Amos,no
YFB,CYFB,medium_airport,Iqaluit Airport,63.756402,-68.555801,CA,CA-NU,Iqaluit,yes
YFC,CYFC,medium_airport,Fredericton International Airport,45.868697,-66.529891,CA,CA-NB,Fredericton,yes
YFE,CYFE,medium_airport,Forestville Airport,48.74610137939453,-69.09719848632812,CA,CA-QC,Forestville,no
YFR,CYFR,medium_airport,Fort Resolution Airport,61.1808013916,-113.690002441,CA,CA-NT,Fort Resolution,no
YFS,CYFS,medium_airport,Fort Simpson Airport,61.76020050048828,-121.23699951171875,CA,CA-NT,Fort Simpson,yes
YGJ,RJOH,medium_airport,Yonago Kitaro Airport / JASDF Miho Air Base,35.492199,133.235992,JP,JP-31,Yonago,yes
YGK,CYGK,medium_airport,Kingston Norman Rogers Airport,44.2253,-76.596901,CA,CA-ON,Kingston,no
YGL,CYGL,medium_airport,La Grande Rivière Airport,53.625301361083984,-77.7042007446289,CA,CA-QC,La Grande Rivière,yes
YGM,CYGM,medium_airport,Gimli Industrial Park Airport,50.62810134887695,-97.04329681396484,CA,CA-MB,Gimli,no
YGP,CYGP,medium_airport,Michel-Pouliot Gaspé Airport,48.774915,-64.481893,CA,CA-QC,Gaspé,yes
YGQ,CYGQ,medium_airport,Geraldton Greenstone Regional Airport,49.77830123901367,-86.93939971923828,CA,CA-ON,Geraldton,no
YGR,CYGR,medium_airport,Îles-de-la-Madeleine Airport,47.425242,-61.778612,CA,CA-QC,Les Îles-de-la-Madeleine,yes
YGV,CYGV,medium_airport,Havre-Saint-Pierre Airport,50.281898,-63.611401,CA,CA-QC,Havre-Saint-Pierre,yes
YGW,CYGW,medium_airport,Kuujjuarapik Airport,55.281898498535156,-77.76529693603516,CA,CA-QC,Kuujjuarapik,yes
YHD,CYHD,medium_airport,Dryden Regional Airport,49.831699,-92.744202,CA,CA-ON,Dryden,no
YHF,CYHF,medium_airport,Hearst René Fontaine Municipal Airport,49.71419906616211,-83.68609619140625,CA,CA-ON,Hearst,no
YHM,CYHM,large_airport,John C. Munro Hamilton International Airport,43.171308,-79.929416,CA,CA-ON,Hamilton,yes
YHN,CYHN,medium_airport,Hornepayne Municipal Airport,49.19309997558594,-84.75890350341797,CA,CA-ON,Hornepayne,no
YHT,CYHT,medium_airport,Haines Junction Airport,60.7892,-137.546005,CA,CA-YT,Haines Junction,no
YHU,CYHU,medium_airport,Montréal / Saint-Hubert Metropolitan Airport,45.517502,-73.416901,CA,CA-QC,Montréal,yes
YHY,CYHY,medium_airport,Hay River / Merlyn Carter Airport,60.8396987915,-115.782997131,CA,CA-NT,Hay River,yes
YHZ,CYHZ,large_airport,Halifax / Stanfield International Airport,44.8807983398,-63.5085983276,CA,CA-NS,Halifax,yes
YIA,WAHI,large_airport,Yogyakarta International Airport,-7.905338,110.057264,ID,ID-YO,Yogyakarta,yes
YIB,CYIB,medium_airport,Atikokan Municipal Airport,48.773899,-91.638603,CA,CA-ON,Atikokan,no
YIC,ZSYC,medium_airport,Yichun Mingyueshan Airport,27.8025,114.3062,CN,CN-36,Yichun,yes
YIE,ZBES,medium_airport,Arxan Yi'ershi Airport,47.3106,119.9117,CN,CN-15,Arxan,yes
YIF,CYIF,medium_airport,St Augustin Airport,51.2117,-58.658298,CA,CA-QC,St-Augustin,yes
YIH,ZHYC,medium_airport,Yichang Sanxia Airport,30.554132,111.482563,CN,CN-42,Yichang (Xiaoting),yes
YIN,ZWYN,medium_airport,Ili Yining International Airport,43.955799,81.330299,CN,CN-65,Ili (Yining / Ghulja),yes
YIP,KYIP,medium_airport,Willow Run Airport,42.2379,-83.530403,US,US-MI,Detroit,no
YIV,CYIV,medium_airport,Island Lake Airport,53.857200622558594,-94.65360260009766,CA,CA-MB,Island Lake,yes
YIW,ZSYW,large_airport,Yiwu Airport,29.342095,120.03116,CN,CN-33,Yiwu/Jinhua,yes
YJF,CYJF,medium_airport,Fort Liard Airport,60.235801696799996,-123.46900177,CA,CA-NT,Fort Liard,no
YJN,CYJN,medium_airport,St Jean Airport,45.29439926147461,-73.28109741210938,CA,CA-QC,St Jean,no
YKA,CYKA,medium_airport,Kamloops John Moose Fulton Field Regional Airport,50.703038,-120.448641,CA,CA-BC,Kamloops,yes
YKD,CYKM,medium_airport,Kincardine Municipal Airport,44.201401,-81.606697,CA,CA-ON,Kincardine,no
YKF,CYKF,medium_airport,Region of Waterloo International Airport,43.4608,-80.378601,CA,CA-ON,Breslau,yes
YKH,ZYYK,medium_airport,Yingkou Lanqi Airport,40.542524,122.3586,CN,CN-21,Yingkou (Laobian),yes
YKJ,CYKJ,medium_airport,Key Lake Airport,57.256099700927734,-105.61799621582031,CA,CA-SK,Key Lake,no
YKL,CYKL,medium_airport,Schefferville Airport,54.805301666259766,-66.8052978515625,CA,CA-QC,Schefferville,yes
YKM,KYKM,medium_airport,Yakima Air Terminal McAllister Field,46.56819916,-120.5439987,US,US-WA,Yakima,yes
YKN,KYKN,medium_airport,Chan Gurney Municipal Airport,42.916698455811,-97.385902404785,US,US-SD,Yankton,no
YKO,LTCW,medium_airport,Hakkari Yüksekova Airport,37.5497,44.2381,TR,TR-30,Hakkari,yes
YKS,UEEE,large_airport,Platon Oyunsky Yakutsk International Airport,62.0933,129.770996,RU,RU-SA,Yakutsk,yes
YKX,CYKX,medium_airport,Kirkland Lake Airport,48.21030044555664,-79.98139953613281,CA,CA-ON,Kirkland Lake,no
YKY,CYKY,medium_airport,Kindersley Airport,51.5175018311,-109.180999756,CA,CA-SK,Kindersley,no
YLD,CYLD,medium_airport,Chapleau Airport,47.81999969482422,-83.3467025756836,CA,CA-ON,Chapleau,no
YLI,EFYL,medium_airport,Ylivieska Airfield,64.054722,24.725278,FI,FI-14,Ylivieska,no
YLJ,CYLJ,medium_airport,Meadow Lake Airport,54.125301361083984,-108.52300262451172,CA,CA-SK,Meadow Lake,no
YLK,CYLS,medium_airport,Barrie-Lake Simcoe Regional Airport,44.485056,-79.554663,CA,CA-ON,Barrie,yes
YLL,CYLL,medium_airport,Lloydminster Airport,53.3092,-110.072998,CA,CA-AB,Lloydminster,yes
YLR,CYLR,medium_airport,Leaf Rapids Airport,56.513301849365234,-99.98529815673828,CA,CA-MB,Leaf Rapids,no
YLT,CYLT,medium_airport,Alert Airport,82.517263,-62.283037,CA,CA-NU,Alert,no
YLW,CYLW,large_airport,Kelowna International Airport,49.9561,-119.377998,CA,CA-BC,Kelowna,yes
YLX,ZGYL,medium_airport,Yulin Fumian Airport,22.433042,110.119996,CN,CN-45,Yulin,yes
YLY,CYNJ,medium_airport,Langley Airport,49.1008,-122.630997,CA,CA-BC,Langley,no
YMA,CYMA,medium_airport,Mayo Airport,63.61640167236328,-135.8679962158203,CA,CA-YT,Mayo,no
YME,CYME,medium_airport,Matane Airport,48.85689926147461,-67.45330047607422,CA,CA-QC,Matane,no
YMG,CYMG,medium_airport,Manitouwadge Airport,49.083900451660156,-85.86060333251953,CA,CA-ON,Manitouwadge,no
YMJ,CYMJ,medium_airport,Moose Jaw Air Vice Marshal C. M. McEwen Airport,50.330299377441406,-105.55899810791016,CA,CA-SK,Moose Jaw,no
YML,CYML,medium_airport,Charlevoix Airport,47.59749984741211,-70.2238998413086,CA,CA-QC,Charlevoix,no
YMM,CYMM,medium_airport,Fort McMurray International Airport,56.653301,-111.222,CA,CA-AB,Fort McMurray,yes
YMO,CYMO,medium_airport,Moosonee Airport,51.291099548339844,-80.60780334472656,CA,CA-ON,Moosonee,yes
YMS,SPMS,medium_airport,Moises Benzaquen Rengifo Airport,-5.89377,-76.118202,PE,PE-LOR,Yurimaguas,yes
YMT,CYMT,medium_airport,Chapais Airport,49.77190017700195,-74.5280990600586,CA,CA-QC,Chibougamau,yes
YMX,CYMX,medium_airport,Montreal Mirabel International Airport,45.679501,-74.038696,CA,CA-QC,Montréal,yes
YNA,CYNA,medium_airport,Natashquan Airport,50.190114,-61.78898,CA,CA-QC,Natashquan,yes
YNB,OEYN,large_airport,Prince Abdulmohsen Bin Abdulaziz International Airport,24.144199,38.0634,SA,SA-03,Yanbu,yes
YND,CYND,medium_airport,Ottawa / Gatineau Airport,45.521702,-75.563599,CA,CA-QC,Gatineau,yes
YNG,KYNG,medium_airport,Youngstown Warren Regional Airport,41.26070023,-80.67910004,US,US-OH,Youngstown/Warren,no
YNJ,ZYYJ,medium_airport,Yanji Chaoyangchuan Airport,42.8828010559,129.451004028,CN,CN-22,Yanji,yes
YNL,CYNL,medium_airport,Points North Landing Airport,58.27669906616211,-104.08200073242188,CA,CA-SK,Points North Landing,yes
YNM,CYNM,medium_airport,Matagami Airport,49.76169967651367,-77.80280303955078,CA,CA-QC,Matagami,no
YNT,ZSYT,large_airport,Yantai Penglai International Airport,37.659724,120.978124,CN,CN-37,Yantai,yes
YNY,RKNY,large_airport,Yangyang International Airport,38.060481,128.669822,KR,KR-42,Gonghang-ro,yes
YNZ,ZSYN,large_airport,Yancheng Nanyang International Airport,33.428317,120.20545,CN,CN-32,Yancheng (Tinghu),yes
YOA,CYOA,medium_airport,Ekati Airport,64.6988983154,-110.614997864,CA,CA-NT,Ekati,no
YOD,CYOD,medium_airport,CFB Cold Lake,54.404998779296875,-110.27899932861328,CA,CA-AB,Cold Lake,no
YOJ,CYOJ,medium_airport,High Level Airport,58.62139892578125,-117.16500091552734,CA,CA-AB,High Level,yes
YOL,DNYO,medium_airport,Yola Airport,9.257550239562988,12.430399894714355,NG,NG-AD,Yola,yes
YOO,CYOO,medium_airport,Oshawa Executive Airport,43.922798,-78.894997,CA,CA-ON,Oshawa,no
YOP,CYOP,medium_airport,Rainbow Lake Airport,58.491402,-119.407997,CA,CA-AB,Rainbow Lake,no
YOS,CYOS,medium_airport,Owen Sound / Billy Bishop Regional Airport,44.5903015137,-80.8375015259,CA,CA-ON,Owen Sound,no
YOW,CYOW,large_airport,Ottawa Macdonald-Cartier International Airport,45.322498,-75.669197,CA,CA-ON,Ottawa,yes
YPA,CYPA,medium_airport,Prince Albert Glass Field,53.214199066199996,-105.672996521,CA,CA-SK,Prince Albert,yes
YPE,CYPE,medium_airport,Peace River Airport,56.226898,-117.446999,CA,CA-AB,Peace River,yes
YPG,CYPG,medium_airport,Portage-la-Prairie / Southport Airport,49.903099,-98.273817,CA,CA-MB,Portage la Prairie,no
YPL,CYPL,medium_airport,Pickle Lake Airport,51.4463996887207,-90.21420288085938,CA,CA-ON,Pickle Lake,yes
YPN,CYPN,medium_airport,Port-Menier Airport,49.836399,-64.288597,CA,CA-QC,Port-Menier,yes
YPQ,CYPQ,medium_airport,Peterborough Regional Airport,44.232251,-78.362053,CA,CA-ON,Peterborough,yes
YPR,CYPR,medium_airport,Prince Rupert Airport,54.286098480199996,-130.445007324,CA,CA-BC,Prince Rupert,yes
YPS,CYPD,medium_airport,Port Hawkesbury Airport,45.6567001343,-61.3680992126,CA,CA-NS,Port Hawkesbury,no
YPW,CYPW,medium_airport,Powell River Airport,49.83420181274414,-124.5,CA,CA-BC,Powell River,yes
YPX,CYPX,medium_airport,Puvirnituq Airport,60.050598,-77.286903,CA,CA-QC,Puvirnituq,yes
YPY,CYPY,medium_airport,Fort Chipewyan Airport,58.7672004699707,-111.11699676513672,CA,CA-AB,Fort Chipewyan,yes
YPZ,CYPZ,medium_airport,Burns Lake Airport,54.3764,-125.950996,CA,CA-BC,Burns Lake,yes
YQA,CYQA,medium_airport,Muskoka Airport,44.975376,-79.306546,CA,CA-ON,Gravenhurst,yes
YQB,CYQB,large_airport,Quebec Jean Lesage International Airport,46.7911,-71.393303,CA,CA-QC,Quebec,yes
YQD,CYQD,medium_airport,The Pas Airport,53.97140121459961,-101.09100341796875,CA,CA-MB,The Pas,yes
YQF,CYQF,medium_airport,Red Deer Regional Airport,52.182201,-113.893997,CA,CA-AB,Springbrook,no
YQG,CYQG,large_airport,Windsor International Airport,42.2756,-82.955597,CA,CA-ON,Windsor,yes
YQH,CYQH,medium_airport,Watson Lake Airport,60.116839,-128.821993,CA,CA-YT,Watson Lake,yes
YQI,CYQI,medium_airport,Yarmouth Airport,43.826900482177734,-66.08809661865234,CA,CA-NS,Yarmouth,no
YQK,CYQK,medium_airport,Kenora Airport,49.788299560546875,-94.36309814453125,CA,CA-ON,Kenora,yes
YQL,CYQL,medium_airport,Lethbridge County Airport,49.6302986145,-112.800003052,CA,CA-AB,Lethbridge,yes
YQM,CYQM,medium_airport,Greater Moncton Roméo LeBlanc International Airport,46.113189,-64.67719,CA,CA-NB,Moncton,yes
YQN,CYQN,medium_airport,Nakina Airport,50.18280029296875,-86.69640350341797,CA,CA-ON,Nakina,yes
YQQ,CYQQ,medium_airport,Comox Valley International Airport / CFB Comox,49.7108,-124.887001,CA,CA-BC,Comox,yes
YQR,CYQR,medium_airport,Regina International Airport,50.431938,-104.660906,CA,CA-SK,Regina,yes
YQS,CYQS,medium_airport,St Thomas Municipal Airport,42.77000045776367,-81.11080169677734,CA,CA-ON,St Thomas,no
YQT,CYQT,medium_airport,Thunder Bay International Airport,48.371899,-89.323898,CA,CA-ON,Thunder Bay,yes
YQU,CYQU,medium_airport,Grande Prairie Airport,55.1796989441,-118.885002136,CA,CA-AB,Grande Prairie,yes
YQV,CYQV,medium_airport,Yorkton Municipal Airport,51.264702,-102.461998,CA,CA-SK,Yorkton,no
YQW,CYQW,medium_airport,North Battleford Airport,52.769409,-108.243742,CA,CA-SK,North Battleford,no
YQX,CYQX,medium_airport,Gander International Airport,48.936258,-54.567719,CA,CA-NL,Gander,yes
YQY,CYQY,medium_airport,Sydney / J.A. Douglas McCurdy Airport,46.161072,-60.049759,CA,CA-NS,Sydney,yes
YQZ,CYQZ,medium_airport,Quesnel Airport,53.026100158691406,-122.51000213623047,CA,CA-BC,Quesnel,yes
YRB,CYRB,medium_airport,Resolute Bay Airport,74.7169036865,-94.9693984985,CA,CA-NU,Resolute Bay,yes
YRI,CYRI,medium_airport,Rivière-du-Loup Airport,47.764400482177734,-69.58470153808594,CA,CA-QC,Rivière-du-Loup,no
YRJ,CYRJ,medium_airport,Roberval Airport,48.519665,-72.265735,CA,CA-QC,Roberval,yes
YRL,CYRL,medium_airport,Red Lake Airport,51.066898345947266,-93.79309844970703,CA,CA-ON,Red Lake,yes
YRO,CYRO,medium_airport,Ottawa / Rockcliffe Airport,45.460496,-75.644001,CA,CA-ON,Ottawa,yes
YRQ,CYRQ,medium_airport,Trois-Rivières Airport,46.35279846191406,-72.67939758300781,CA,CA-QC,Trois-Rivières,no
YRT,CYRT,medium_airport,Rankin Inlet Airport,62.8114013672,-92.1157989502,CA,CA-NU,Rankin Inlet,yes
YRV,CYRV,medium_airport,Revelstoke Airport,50.962245,-118.184258,CA,CA-BC,Revelstoke,no
YSB,CYSB,medium_airport,Sudbury Airport,46.625,-80.79889678955078,CA,CA-ON,Sudbury,yes
YSC,CYSC,medium_airport,Sherbrooke Airport,45.438599,-71.691399,CA,CA-QC,Sherbrooke,no
YSF,CYSF,medium_airport,Stony Rapids Airport,59.250301361083984,-105.84100341796875,CA,CA-SK,Stony Rapids,yes
YSH,CYSH,medium_airport,Smiths Falls-Montague (Russ Beach) Airport,44.945801,-75.940598,CA,CA-ON,Smiths Falls,no
YSJ,CYSJ,medium_airport,Saint John Airport,45.31610107421875,-65.89029693603516,CA,CA-NB,Saint John,yes
YSL,CYSL,medium_airport,Saint-Léonard Airport,47.157097,-67.836242,CA,CA-NB,Saint-Léonard,no
YSM,CYSM,medium_airport,Fort Smith Airport,60.020302,-111.961998,CA,CA-NT,Fort Smith,yes
YSN,CZAM,medium_airport,Shuswap Regional Airport,50.682802,-119.228996,CA,CA-BC,Salmon Arm,no
YSP,CYSP,medium_airport,Marathon Airport,48.75529861450195,-86.34439849853516,CA,CA-ON,Marathon,no
YSQ,ZYSQ,medium_airport,Songyuan Chaganhu Airport,44.931143,124.552121,CN,CN-22,Qian Gorlos Mongol Autonomous County,yes
YSU,CYSU,medium_airport,Summerside Airport,46.440601,-63.833599,CA,CA-PE,Slemon Park,no
YTA,CYTA,medium_airport,Pembroke Airport,45.86439895629883,-77.25170135498047,CA,CA-ON,Pembroke,no
YTD,CZLQ,medium_airport,Thicket Portage Airport,55.31890106201172,-97.70780181884766,CA,CA-MB,Thicket Portage,no
YTF,CYTF,medium_airport,Alma Airport,48.5089,-71.641899,CA,CA-QC,Alma,no
YTH,CYTH,medium_airport,Thompson Airport,55.80110168457031,-97.86419677734375,CA,CA-MB,Thompson,yes
YTM,CYFJ,medium_airport,Mont-Tremblant International Airport,46.409401,-74.779999,CA,CA-QC,La Macaza,no
YTR,CYTR,medium_airport,CFB Trenton,44.118900299072266,-77.5280990600586,CA,CA-ON,Trenton,no
YTS,CYTS,medium_airport,Timmins/Victor M. Power,48.569698333699996,-81.376701355,CA,CA-ON,Timmins,yes
YTY,ZSYA,medium_airport,Yangzhou Taizhou Airport,32.5634,119.7198,CN,CN-32,Yangzhou,yes
YTZ,CYTZ,medium_airport,Billy Bishop Toronto City Airport,43.627852,-79.39553,CA,CA-ON,Toronto,yes
YUA,ZPYM,medium_airport,Yuanmou Air Base,25.737499,101.882004,CN,CN-53,Chuxiong (Yuanmou),no
YUL,CYUL,large_airport,Montreal / Pierre Elliott Trudeau International Airport,45.467837,-73.742294,CA,CA-QC,Montréal,yes
YUM,KNYL,medium_airport,Yuma International Airport / Marine Corps Air Station Yuma,32.650938,-114.609375,US,US-AZ,Yuma,yes
YUS,ZLYS,medium_airport,Yushu Batang Airport,32.836389,97.036389,CN,CN-63,Yushu (Batang),yes
YUX,CYUX,medium_airport,Hall Beach Airport,68.7761,-81.2425,CA,CA-NU,Sanirajak,yes
YUY,CYUY,medium_airport,Rouyn Noranda Airport,48.20610046386719,-78.83560180664062,CA,CA-QC,Rouyn-Noranda,yes
YVB,CYVB,medium_airport,Bonaventure Airport,48.071098,-65.460297,CA,CA-QC,Bonaventure,yes
YVC,CYVC,medium_airport,La Ronge Airport,55.151401519800004,-105.262001038,CA,CA-SK,La Ronge,yes
YVE,CYVK,medium_airport,Vernon Regional Airport,50.246163,-119.330963,CA,CA-BC,Vernon,no
YVO,CYVO,medium_airport,Val-d'Or Airport,48.0532989502,-77.7827987671,CA,CA-QC,Val-d'Or,yes
YVP,CYVP,medium_airport,Kuujjuaq Airport,58.096099853515625,-68.4269027709961,CA,CA-QC,Kuujjuaq,yes
YVQ,CYVQ,medium_airport,Norman Wells Airport,65.28160095214844,-126.7979965209961,CA,CA-NT,Norman Wells,yes
YVR,CYVR,large_airport,Vancouver International Airport,49.193901,-123.183998,CA,CA-BC,Vancouver,yes
YVV,CYVV,medium_airport,Wiarton Airport,44.7458,-81.107201,CA,CA-ON,Wiarton,yes
YWG,CYWG,large_airport,Winnipeg / James Armstrong Richardson International Airport,49.909999847399995,-97.2398986816,CA,CA-MB,Winnipeg,yes
YWK,CYWK,medium_airport,Wabush Airport,52.92190170288086,-66.8644027709961,CA,CA-NL,Wabush,yes
YWL,CYWL,medium_airport,Williams Lake Airport,52.1831016541,-122.054000854,CA,CA-BC,Williams Lake,yes
YWY,CYWY,medium_airport,Wrigley Airport,63.20940017700195,-123.43699645996094,CA,CA-NT,Wrigley,no
YXC,CYXC,medium_airport,Cranbrook/Canadian Rockies International Airport,49.610802,-115.781998,CA,CA-BC,Cranbrook,yes
YXE,CYXE,large_airport,Saskatoon John G. Diefenbaker International Airport,52.170723,-106.700793,CA,CA-SK,Saskatoon,yes
YXH,CYXH,medium_airport,Medicine Hat Regional Airport,50.018902,-110.721001,CA,CA-AB,Medicine Hat,yes
YXJ,CYXJ,medium_airport,Fort St John / North Peace Regional Airport,56.238098,-120.739998,CA,CA-BC,Fort Saint John,yes
YXK,CYXK,medium_airport,Rimouski Airport,48.477644,-68.496323,CA,CA-QC,Rimouski,no
YXL,CYXL,medium_airport,Sioux Lookout Airport,50.11389923095703,-91.9052963256836,CA,CA-ON,Sioux Lookout,yes
YXQ,CYXQ,medium_airport,Beaver Creek Airport,62.410301208496094,-140.86700439453125,CA,CA-YT,Beaver Creek,no
YXR,CYXR,medium_airport,Earlton (Timiskaming Regional) Airport,47.697400654599996,-79.8473453522,CA,CA-ON,Earlton,no
YXS,CYXS,medium_airport,Prince George (International) Airport,53.884311,-122.666554,CA,CA-BC,Prince George,yes
YXT,CYXT,medium_airport,Northwest Regional Airport Terrace-Kitimat,54.468498,-128.576009,CA,CA-BC,Terrace,yes
YXU,CYXU,medium_airport,London International Airport,43.032845,-81.149003,CA,CA-ON,London,yes
YXX,CYXX,medium_airport,Abbotsford International Airport,49.025299,-122.361,CA,CA-BC,Abbotsford,yes
YXY,CYXY,medium_airport,Whitehorse / Erik Nielsen International Airport,60.708533,-135.065705,CA,CA-YT,Whitehorse,yes
YXZ,CYXZ,medium_airport,Wawa Airport,47.96670150756836,-84.78669738769531,CA,CA-ON,Wawa,no
YYA,ZGYY,medium_airport,Yueyang Sanhe Airport,29.311699,113.281574,CN,CN-43,Yueyang (Yueyanglou),yes
YYB,CYYB,medium_airport,North Bay Jack Garland Airport,46.363602,-79.422798,CA,CA-ON,North Bay,yes
YYC,CYYC,large_airport,Calgary International Airport,51.118822,-114.009933,CA,CA-AB,Calgary,yes
YYD,CYYD,medium_airport,Smithers Airport,54.82469940185547,-127.18299865722656,CA,CA-BC,Smithers,yes
YYE,CYYE,medium_airport,Fort Nelson Airport,58.8363990784,-122.597000122,CA,CA-BC,Fort Nelson,yes
YYF,CYYF,medium_airport,Penticton Airport,49.46310043334961,-119.60199737548828,CA,CA-BC,Penticton,yes
YYG,CYYG,medium_airport,Charlottetown Airport,46.288911,-63.125174,CA,CA-PE,Charlottetown,yes
YYJ,CYYJ,large_airport,Victoria International Airport,48.647201,-123.427792,CA,CA-BC,Victoria,yes
YYL,CYYL,medium_airport,Lynn Lake Airport,56.86389923095703,-101.07599639892578,CA,CA-MB,Lynn Lake,yes
YYN,CYYN,medium_airport,Swift Current Airport,50.291900634799994,-107.691001892,CA,CA-SK,Swift Current,no
YYQ,CYYQ,medium_airport,Churchill Airport,58.739200592041016,-94.06500244140625,CA,CA-MB,Churchill,yes
YYR,CYYR,medium_airport,Goose Bay Airport,53.3191986084,-60.4258003235,CA,CA-NL,Goose Bay,yes
YYT,CYYT,large_airport,St. John's International Airport,47.618599,-52.7519,CA,CA-NL,St. John's,yes
YYU,CYYU,medium_airport,Kapuskasing Airport,49.411587,-82.469645,CA,CA-ON,Kapuskasing,no
YYW,CYYW,medium_airport,Armstrong Airport,50.29029846191406,-88.90969848632812,CA,CA-ON,Armstrong,no
YYY,CYYY,medium_airport,Mont Joli Airport,48.60860061645508,-68.20809936523438,CA,CA-QC,Mont-Joli,yes
YYZ,CYYZ,large_airport,Toronto Pearson International Airport,43.675935,-79.629421,CA,CA-ON,Toronto,yes
YZA,CAZ5,medium_airport,Cache Creek-Ashcroft Regional Airport,50.775258,-121.321314,CA,CA-BC,Cache Creek,no
YZE,CYZE,medium_airport,Gore Bay Manitoulin Airport,45.8853,-82.567802,CA,CA-ON,Gore Bay,no
YZF,CYZF,medium_airport,Yellowknife International Airport,62.462799,-114.440002,CA,CA-NT,Yellowknife,yes
YZH,CYZH,medium_airport,Slave Lake Airport,55.292945,-114.777276,CA,CA-AB,Slave Lake,no
YZP,CYZP,medium_airport,Sandspit Airport,53.25429916379999,-131.813995361,CA,CA-BC,Sandspit,yes
YZR,CYZR,medium_airport,Chris Hadfield Airport,42.999401,-82.308899,CA,CA-ON,Sarnia,no
YZS,CYZS,medium_airport,Coral Harbour Airport,64.1932983398,-83.3593978882,CA,CA-NU,Coral Harbour,yes
YZT,CYZT,medium_airport,Port Hardy Airport,50.680599212646484,-127.36699676513672,CA,CA-BC,Port Hardy,yes
YZU,CYZU,medium_airport,Whitecourt Airport,54.143902,-115.787003,CA,CA-AB,Whitecourt,yes
YZV,CYZV,medium_airport,Sept-Îles Airport,50.22330093383789,-66.2656021118164,CA,CA-QC,Sept-Îles,yes
YZW,CYZW,medium_airport,Teslin Airport,60.17279815673828,-132.7429962158203,CA,CA-YT,Teslin,no
YZX,CYZX,medium_airport,CFB Greenwood,44.98440170288086,-64.91690063476562,CA,CA-NS,Greenwood,no
YZY,ZLZY,medium_airport,Zhangye Ganzhou Airport,38.801899,100.675003,CN,CN-62,Zhangye (Ganzhou),yes
ZAD,LDZD,large_airport,Zadar Airport,44.096986,15.353565,HR,HR-13,Zadar,yes
ZAG,LDZA,large_airport,Zagreb Franjo Tuđman International Airport,45.742901,16.0688,HR,HR-01,Velika Gorica,yes
ZAH,OIZH,large_airport,Zahedan International Airport,29.4757,60.9062,IR,IR-11,Zahedan,yes
ZAL,SCVD,medium_airport,Pichoy Airport,-39.6500015259,-73.0860977173,CL,CL-LR,Valdivia,yes
ZAM,RPMZ,large_airport,Zamboanga International Airport,6.92242,122.059998,PH,PH-ZMC,Zamboanga,yes
ZAO,LFCC,medium_airport,Cahors Lalbenque airport,44.351398,1.47528,FR,FR-OCC,Cahors,no
ZAR,DNZA,medium_airport,Zaria Airport,11.1302,7.68581,NG,NG-KD,Zaria,no
ZAT,CN-0421,medium_airport,Zhaotong Zhaoyang Airport,27.205843,103.691511,CN,CN-53,Zhaotong,yes
ZAZ,LEZG,large_airport,Zaragoza Airport,41.666199,-1.04155,ES,ES-AR,Zaragoza,yes
ZBF,CZBF,medium_airport,Bathurst Airport,47.6297,-65.738899,CA,CA-NB,South Tetagouche,yes
ZBM,CZBM,medium_airport,Bromont (Roland Désourdy) Airport,45.290798,-72.741402,CA,CA-QC,Bromont,no
ZBR,OIZC,medium_airport,Chabahar Konarak International Airport,25.44319,60.382167,IR,IR-11,Konarak,yes
ZCL,MMZC,medium_airport,General Leobardo C. Ruiz International Airport,22.894942,-102.687154,MX,MX-ZAC,Zacatecas,yes
ZCO,SCQP,large_airport,La Araucanía International Airport,-38.9259,-72.6515,CL,CL-AR,Temuco,yes
ZEC,FASC,medium_airport,Secunda Airport,-26.52409935,29.170099258399997,ZA,ZA-MP,Secunda,no
ZEL,CBBC,medium_airport,Bella Bella (Campbell Island) Airport,52.185001,-128.156994,CA,CA-BC,Bella Bella,yes
ZER,VEZO,medium_airport,Ziro Airport,27.588301,93.828102,IN,IN-AR,Ziro,no
ZFA,CZFA,medium_airport,Faro Airport,62.20750045776367,-133.37600708007812,CA,CA-YT,Faro,no
ZGF,CZGF,medium_airport,Grand Forks Airport,49.015598,-118.431,CA,CA-BC,Grand Forks,no
ZGU,NVSQ,medium_airport,Gaua Island Airport,-14.2181,167.587006,VU,VU-TOB,Gaua Island,no
ZHA,ZGZJ,large_airport,Zhanjiang Wuchuan International Airport,21.481667,110.590278,CN,CN-44,Zhanjiang,yes
ZHY,ZLZW,medium_airport,Zhongwei Shapotou Airport,37.573125,105.154454,CN,CN-64,Zhongwei (Shapotou),yes
ZIA,UUBW,large_airport,Zhukovsky International Airport,55.553299,38.150002,RU,RU-MOS,Moscow,yes
ZIC,SCTO,medium_airport,Victoria Airport,-38.245602,-72.348602,CL,CL-AR,Victoria,no
ZIG,GOGG,medium_airport,Ziguinchor Airport,12.55559,-16.283298,SN,SN-ZG,Ziguinchor,yes
ZIH,MMZH,large_airport,Ixtapa-Zihuatanejo International Airport,17.601771,-101.460629,MX,MX-GRO,Ixtapa,yes
ZIX,UEVV,medium_airport,Zhigansk Airport,66.7965011597,123.361000061,RU,RU-SA,Zhigansk,yes
ZJG,CZJG,medium_airport,Jenpeg Airport,54.51890182495117,-98.04609680175781,CA,CA-MB,Jenpeg,no
ZJN,CZJN,medium_airport,Swan River Airport,52.120602,-101.236,CA,CA-MB,Swan River,no
ZKP,UESU,medium_airport,Zyryanka Airport,65.7485,150.8889,RU,RU-SA,Zyryanka,yes
ZLO,MMZO,medium_airport,Playa de Oro International Airport,19.1448,-104.558998,MX,MX-COL,Manzanillo,yes
ZMT,CZMT,medium_airport,Masset Airport,54.0275,-132.125,CA,CA-BC,Masset,yes
ZND,DRZR,medium_airport,Zinder Airport,13.779000282287598,8.983759880065918,NE,NE-7,Zinder,yes
ZNE,YNWN,medium_airport,Newman Airport,-23.417800903299998,119.803001404,AU,AU-WA,Newman,yes
ZNZ,HTZA,large_airport,Abeid Amani Karume International Airport,-6.22202,39.224899,TZ,TZ-07,Zanzibar,yes
ZOS,SCJO,medium_airport,Cañal Bajo Carlos Hott Siebert Airport,-40.611198,-73.060997,CL,CL-LL,Osorno,yes
ZQN,NZQN,large_airport,Queenstown Airport,-45.019205,168.746379,NZ,NZ-OTA,Queenstown,yes
ZQZ,ZBZJ,medium_airport,Zhangjiakou Ningyuan Airport,40.738664,114.933395,CN,CN-13,Zhangjiakou,yes
ZRH,LSZH,large_airport,Zürich Airport,47.458056,8.548056,CH,CH-ZH,Zurich,yes
ZRI,WABO,medium_airport,Stevanus Rumbewas Airport,-1.82842,136.062402,ID,ID-PA,Serui,no
ZSA,MYSM,large_airport,San Salvador International Airport,24.063041,-74.523233,BS,BS-SS,San Salvador,yes
ZSE,FMEP,large_airport,Saint-Pierre Pierrefonds Airport,-21.319362,55.422506,RE,RE-SR,Saint-Pierre,yes
ZSJ,CZSJ,medium_airport,Sandy Lake Airport,53.06420135498047,-93.34439849853516,CA,CA-ON,Sandy Lake,yes
ZST,CZST,medium_airport,Stewart Airport,55.935410448,-129.982434511,CA,CA-BC,Stewart,no
ZTH,LGZA,medium_airport,Zakynthos International Airport Dionysios Solomos,37.7509,20.8843,GR,GR-F,Zakynthos,yes
ZTR,UKKV,medium_airport,Zhytomyr Airport,50.270556,28.738611,UA,UA-18,Zhytomyr,no
ZTU,UBBY,medium_airport,Zaqatala International Airport,41.557823,46.669464,AZ,AZ-ZAQ,Zaqatala,no
ZUC,CZUC,medium_airport,Ignace Municipal Airport,49.428204,-91.720418,CA,CA-ON,Ignace,no
ZUH,ZGSD,large_airport,Zhuhai Jinwan Airport,22.006399,113.375999,CN,CN-44,Zhuhai (Jinwan),yes
ZVA,FMMN,medium_airport,Miandrivazo Airport,-19.562799,45.450802,MG,MG-U,Miandrivazo,no
ZVK,VLSK,medium_airport,Savannakhet Airport,16.55660057067871,104.76000213623047,LA,LA-SV,,no
ZWA,FMND,medium_airport,Andapa Airport,-14.651700019836426,49.620601654052734,MG,MG-D,,no
ZXT,AZ-0001,medium_airport,Zabrat Airport,40.494884,49.977065,AZ,AZ-BA,Zabrat,no
ZYI,ZUZY,medium_airport,Zunyi Xinzhou Airport,27.810723,107.247189,CN,CN-52,Zunyi,yes
ZYL,VGSY,large_airport,Osmany International Airport,24.963993,91.864749,BD,BD-G,Sylhet,yes
ZZU,FWUU,medium_airport,Mzuzu Airport,-11.4447,34.011799,MW,MW-MZ,Mzuzu,no
ZZV,KZZV,medium_airport,Zanesville Municipal Airport,39.9444007874,-81.89209747310001,US,US-OH,Zanesville,no
